instance,seed,topology,requests,total_demand,demand_min,demand_max,gateway_delay,gateway_slope,gateway_capacity_factor,shared_slope_factor,gateway_risk,gateway_exposure,gateway_site_index,vnf_site_offset,distributed_delay,link_delay_factor,link_slope_factor,link_capacity_factor,paradox,naive_penalty,aware_penalty,mitigated,cap_fraction,screen_runtime_ms,naive_gateway_share,aware_gateway_share,naive_hhi,aware_hhi,naive_entropy,aware_entropy,naive_max_normalized_resource_load,aware_max_normalized_resource_load,naive_removal_loss,aware_removal_loss,screen_equilibrium_solves,baseline_converged,naive_converged,aware_converged
0,20260711,fat_tree_k4,25,28.93657517836329,0.5184491790989132,1.7644768482141775,0.030844565059828362,0.32014059315543764,1.6881933055456084,1.798330922964633,0.613635337740922,2.4364809570775683,25,28,1.115229268858489,0.029593836500951893,0.03313722926806349,0.8610677989296359,True,0.0740079680834355,0.0,True,0.0,242.7821250166744,0.17429850268859284,0.0,0.02784841428899091,0.025963773633629925,0.8861098042968875,0.8571027231002032,0.5892861584015027,0.5015555201009652,0.5892861584015027,0.5015555201009652,8,True,True,True
1,20260711,nsfnet,4,4.210117372855303,0.49087515674967463,1.6025361208128046,0.14102563938169715,0.34022526728182345,0.7919423071926109,2.011505612307049,0.6354628983741633,1.4300505628017584,6,4,1.3117213029588188,0.02850958779571639,0.020963791233957967,1.0971735887995568,True,0.0537793931069596,0.0,True,0.0,84.90524999797344,0.1284866396446517,0.0,0.0653322959353096,0.07105098657897557,0.849360901088339,0.9504115984963296,0.7605255756203481,0.7612785957679673,0.5666460135523441,0.5027665283016262,8,True,True,True
2,20260711,geant,12,11.541067693481471,0.48170943588125836,1.3612053612263508,0.2880160433126528,0.6174340515344977,1.2624439497117228,1.9845158466973705,0.2037133789316766,2.059157568611815,17,17,1.0686563856158426,0.020861547831787113,0.035038465208123655,1.4491093754025157,False,0.0,0.0,True,1.0,2.1224169759079814,0.0,0.0,0.04029262232862681,0.04029262232862681,0.89621400334858,0.89621400334858,0.554441163402724,0.554441163402724,0.507258962505488,0.507258962505488,1,True,True,True
3,20260711,edge_fog,22,22.1446143191521,0.45375769486483286,1.7620171264332651,0.05288704914212652,0.7233125143937905,1.003405828709565,2.05574322269561,0.4042959891951363,2.4137914090310373,1,9,1.1620211755203096,0.03539772118351396,0.0391277917721361,0.8217670214531951,True,0.03479234909301806,0.0,True,0.0,233.2569999853149,0.07822643136949665,0.0,0.03376089096397235,0.03224092756212141,0.842741455330161,0.8997119730425307,0.540158175208646,0.5008202448258084,0.540158175208646,0.5008202448258084,8,True,True,True
4,20260711,fat_tree_k4,14,17.920583554941974,0.6904566819306885,1.768996962441256,0.022554700926801865,0.746477796155492,1.665868284767976,1.2792177675683467,0.5049779836383649,2.0684497119044387,3,1,1.1307336425246644,0.022246472787601425,0.04305969163449749,1.3373899767950261,True,0.148630925478459,0.014623185082202395,True,0.1,156.43054200336337,0.44008177516611136,0.1,0.04070171179415224,0.03391523282895328,0.8296615862759742,0.8820600735727054,0.720043757493708,0.6522807880125786,0.720043757493708,0.5511628610948989,7,True,True,True
5,20260711,nsfnet,13,14.548824520906933,0.5150987925202368,1.6531507711470783,0.5415547041430915,0.4732080663650783,1.0858558916739631,2.055700533574698,0.19330844702891364,2.1791601559526006,8,9,0.8529810701599343,0.02834418415587445,0.0220450418878713,1.0833858575694735,False,-7.485669506031327e-08,-7.485669506031327e-08,True,1.0,66.54266698751599,0.0,0.0,0.045028398364445825,0.045028398364445825,0.8550284535072142,0.8550284535072142,0.5010046803410627,0.5010046803410627,0.5010046803410627,0.5010046803410627,1,True,True,True
6,20260711,geant,21,23.136218450778642,0.5436019773066629,1.7919595197835556,0.2378017907425121,0.7309129516815454,0.8251413683941539,0.9553810164749734,0.22042600617459654,2.8345795392448685,4,8,0.8222393817681708,0.035845828174899036,0.028092104654505116,1.2024776231762662,True,0.03938967841866728,0.01848275823455686,True,0.09999999999999999,158.91379199456424,0.11728975165005208,0.06278432050879873,0.03949296886800057,0.03812272661576313,0.8644837122871412,0.8563455235044035,0.5595260819208794,0.5333266886486381,0.5595260819208794,0.5333266886486381,7,True,True,True
7,20260711,edge_fog,14,14.320899546255898,0.5125028012232736,1.6891218209424848,0.3996906952593417,0.40236452905320347,0.996979621691265,1.976245765779741,0.5650833209873996,2.187400135087117,6,2,1.0805575098302194,0.03332335334583283,0.022613080276039838,0.7075483083192553,False,0.0,0.0,True,1.0,53.188332938589156,0.0,0.0,0.035387561778081736,0.035387561778081736,0.9057032742506129,0.9057032742506129,0.7269976206696389,0.7269976206696389,0.502139743609094,0.502139743609094,1,True,True,True
8,20260711,fat_tree_k4,23,24.6656533142855,0.45156331898554475,1.7580275516585677,0.35551307545144517,0.2655613859853561,1.0182700600626082,0.6188767278179619,0.6039019285196775,1.084976544298649,21,1,1.1099230870250836,0.03501856509665019,0.011604173956700591,0.780187182184808,True,0.13741649960574062,0.016119524578242766,True,0.35,36.845042021013796,0.7303608072330988,0.35,0.06067631753311823,0.03805215380809577,0.7615761503193019,0.8262751226247499,1.4001440526849318,0.7181732685343795,0.8776181120032308,0.6765207849565995,4,True,True,True
9,20260711,nsfnet,4,4.355263667027216,0.6056102348964052,1.343430571174254,0.5111285156169799,0.26142421005736816,1.0355364790912283,1.4772113140203362,0.6299656489295836,1.3261685408378336,12,3,1.1393345013546614,0.034390143088038436,0.03011385660077455,1.4897608051433133,True,3.6069836548137826e-05,3.6069836548137826e-05,True,1.0,60.6269589625299,9.565671225487275e-05,9.565671225487275e-05,0.05896761923174248,0.05896761923174248,0.8800302902898178,0.8800302902898178,0.8605082838845598,0.8605082838845598,0.8605082838845598,0.8605082838845598,1,True,True,True
10,20260711,geant,10,13.116063654330945,0.5699558345103173,1.7785569449715601,0.1021081027136378,0.3037844071391896,1.6328966697418168,1.266842778781063,0.12328563239729015,2.475778189741693,0,9,0.8929426561772089,0.02842740851606832,0.01644945448003383,1.1680307051573906,True,0.0943347615031552,0.0,True,0.0,31.099500018171966,0.24597572700237674,0.0,0.043282211222206476,0.03743860829170036,0.8714369256131278,0.8944990280692179,0.6235857643965366,0.6197646131972006,0.6235857643965366,0.5010678839133802,8,True,True,True
11,20260711,edge_fog,25,28.068171118694362,0.49139767194630346,1.799965372124328,0.2935043780043607,0.5881774051701154,0.9866809855836998,1.4536627075901085,0.5045001329256847,2.8952744554634897,9,19,0.817079137716487,0.03342281290293579,0.04275598173035583,0.9275290919861163,False,0.0,0.0,True,1.0,19.4739579455927,0.0,0.0,0.030548869886522882,0.030548869886522882,0.896634582975617,0.896634582975617,0.5075287245898362,0.5075287245898362,0.5025545836811195,0.5025545836811195,1,True,True,True
12,20260711,fat_tree_k4,18,19.974618666075564,0.5575316685016141,1.6789304946809092,0.044183094800346503,0.29700196134409484,1.5784949776668102,0.943693969003351,0.5622100745041513,1.1681060398554768,8,4,0.9650883523953381,0.03853349455234658,0.011349595831954863,0.7148941696766719,True,0.19418344430052326,0.011964085762441685,True,0.15,57.09379189647734,0.6577483970588279,0.15,0.05209328421248124,0.032930997516823005,0.7832689457514683,0.8710412614446299,0.8928618547074013,0.5760455071350661,0.8302793715692716,0.5760455071350661,6,True,True,True
13,20260711,nsfnet,13,14.394717053616738,0.6336117161683741,1.7685225117141614,0.5063932058406765,0.48478919642103374,1.698026839009529,0.6672964860967785,0.5566858845535475,2.027347198068396,1,9,1.091586489015123,0.03774039435759402,0.014480767052736612,0.9327220373412678,True,0.08178406752442136,0.016570730292231887,True,0.15,80.40029206313193,0.40899438790543474,0.14999999999999997,0.06526927582087418,0.04765430161277919,0.7858692790101988,0.8686804548494926,0.7073501435480039,0.5840868997643215,0.7073501435480039,0.5840868997643215,6,True,True,True
14,20260711,geant,18,17.760993632196506,0.4618916461974373,1.777632340059882,0.11371338621382339,0.5824924266253477,1.520745817640839,1.7749177704495247,0.19483339987931048,2.5563098080856195,15,1,0.7802009756234864,0.02180139692483609,0.047023464439370256,0.7073867510237856,False,-3.0927695712130403e-06,-3.0927695712130403e-06,True,1.0,196.9743330264464,0.0,0.0,0.03624684295774615,0.03624684295774615,0.8541263660316336,0.8541263660316336,0.5000477329576357,0.5000477329576357,0.5000477329576357,0.5000477329576357,1,True,True,True
15,20260711,edge_fog,10,10.045244950586603,0.6358289443285944,1.5471184732647585,0.1641458655218035,0.4092025223545396,0.8739603439716754,1.347395542895387,0.15303502025848534,1.2299850820815696,7,10,1.170965019437414,0.030143744583693545,0.013846044834404775,1.4264282445082572,True,0.10333294063554144,0.0,True,0.0,91.3935829885304,0.29756191726477454,0.0,0.042637498534396946,0.039435604928492955,0.8726393297885214,0.8960582410478876,0.735042422864103,0.821456668010124,0.6566915061184108,0.5277398713938798,8,True,True,True
16,20260711,fat_tree_k4,12,13.540768205740257,0.5346914502490974,1.7578939283031658,0.501474048718577,0.33536796232818594,1.5027252216441593,0.43264988333585785,0.5128133338294117,1.3081216570185406,9,30,1.0040937292418488,0.019532660818772803,0.028381448837293276,1.0950905446124737,True,0.10773794393324743,0.008456797943785295,True,0.25,53.28066705260426,0.6446303820040041,0.25,0.06610073200166264,0.04225103000821036,0.7350581672312978,0.876074490453709,1.1456659317736866,0.8709544706290869,0.8224179335201822,0.6307624132864805,5,True,True,True
17,20260711,nsfnet,14,14.527672592846313,0.524421556453492,1.6632369550622894,0.34813838392768576,0.2782717704977573,1.530855917984863,0.2711826871229974,0.11405330982814688,1.5528111829363775,10,11,1.1703857290829267,0.030468510637332833,0.043445326731343804,1.3981809754281183,False,-0.15127135117223942,-0.15127135117223942,True,1.0,0.40729192551225424,1.0,1.0,0.09747064836623508,0.09747064836623508,0.9003254087384754,0.9003254087384754,1.0,1.0,1.0,1.0,1,True,True,True
18,20260711,geant,19,22.089660519011655,0.4950676975221334,1.7842026550831354,0.17927499748657194,0.25171242784564046,1.4712427618897137,0.4148591669016477,0.2370585059011176,1.2156486983300336,8,18,1.2972289876159513,0.03601275059307399,0.04264150243674825,1.117162798747134,False,-0.18991547624038319,-0.18991547624038319,True,1.0,0.6669160211458802,1.0,1.0,0.07242106470455366,0.07242106470455366,0.8781033500289621,0.8781033500289621,1.0,1.0,1.0,1.0,1,True,True,True
19,20260711,edge_fog,17,20.985217978890176,0.5033780556358709,1.7299922570046646,0.11461127695917539,0.5765581745152158,1.2454846150126266,1.402401458725828,0.5662005248842951,2.0516569624621392,14,11,0.879669042237103,0.02142817345854153,0.0434135811032597,1.3090597636290195,True,0.030169830739007607,0.0,True,0.0,208.60283402726054,0.07072802631476853,0.0,0.03603554083156419,0.034282737949969805,0.856685510819366,0.8811920259905871,0.5382066880768024,0.5078079178289316,0.5382066880768024,0.5034855633020403,8,True,True,True
20,20260711,fat_tree_k4,29,31.26929723094466,0.4688272876961427,1.661415568623841,0.22035989000953837,0.35419026127954645,1.3877708550928798,1.6334938288177179,0.5358566944267807,1.371713106526988,33,25,0.8361138116872745,0.037830254007679004,0.023847153809004474,1.0708156160233253,False,-1.3168821162999848e-05,-1.3168821162999848e-05,True,1.0,91.40470798593014,0.0,0.0,0.027409908338902327,0.027409908338902327,0.8407404475794577,0.8407404475794577,0.5011316268158732,0.5011316268158732,0.5011316268158732,0.5011316268158732,1,True,True,True
21,20260711,nsfnet,12,12.200016812228647,0.4877233012611679,1.5623611915403606,0.1934532611215633,0.5552359654207986,1.6078943922276046,1.0479485885228308,0.6279230372567834,2.3549084122583914,9,10,1.116162865404948,0.03717499540162145,0.014241598971829455,1.4835913752996945,True,0.12671977833029605,0.012656597313545103,True,0.1,86.37237490620464,0.4430572725494812,0.1,0.06858555776291358,0.05136479231658009,0.8181735152294562,0.8510890021700626,0.7259894071551639,0.5572114217837367,0.7259894071551639,0.5568264508286979,7,True,True,True
22,20260711,geant,20,22.478355534422857,0.45762945959337475,1.7141925550610366,0.42918413105447784,0.6398589145530783,1.5404503864564414,0.9157514706409495,0.17530610880836453,1.7219288570362026,1,17,0.8626570048584441,0.03707553025113089,0.01927063549005171,1.2591189763242885,True,0.016491587157600237,0.016491587157600237,True,1.0,34.1514169704169,0.05188091957947857,0.05188091957947857,0.038439873734760766,0.038439873734760766,0.8542346934984644,0.8542346934984644,0.5294655274064943,0.5294655274064943,0.5294655274064943,0.5294655274064943,1,True,True,True
23,20260711,edge_fog,23,24.236114525506945,0.45006065399133227,1.7598010139546933,0.2510584553184731,0.15196380835145,1.5020176956203337,0.3823042918873323,0.3814290301176867,1.5230630733959036,0,24,1.2589439417597428,0.021127056130612797,0.023243124390724464,0.770613940623187,False,-0.22996853258737193,-0.22996853258737193,True,1.0,0.8135000243782997,1.0,1.0,0.06645290880131609,0.06645290880131609,0.8963114342873204,0.8963114342873204,1.0,1.0,1.0,1.0,1,True,True,True
24,20260711,fat_tree_k4,21,22.785903188208565,0.5388295954748905,1.7847851201814275,0.04761931884889057,0.12091759376337277,1.5011245661650503,0.9606828906439238,0.5676292601407285,1.9909869835847849,23,10,1.1736983780653873,0.02591245137089737,0.012438429725904563,0.9582122173544692,True,0.24647237655073073,0.009036026808499133,True,0.35,19.665541010908782,1.0,0.35,0.0802941111799558,0.03835660836393573,0.7997000238019983,0.8501499229518955,1.9763525022017239,0.7680278371693828,1.0,0.6818009136748348,4,True,True,True
25,20260711,nsfnet,4,3.6076594283146384,0.4527569909547059,1.3582398931208328,0.2513146379561688,0.30225492305665125,1.4189428488432434,0.7249153994629927,0.1945323235028735,1.8670983671165267,7,7,1.237119277808943,0.029135276652351112,0.03231172324015628,1.2102697216957372,True,0.1934633961909439,0.008795164716823,True,0.5,8.69849999435246,1.0,0.5,0.08896730146004767,0.057638964635119465,0.9498544686624605,0.9050061573630155,1.0000000000000002,0.7582422572783041,1.0000000000000002,0.7582422572783041,3,True,True,True
26,20260711,geant,8,9.04627462145323,0.4921704780860625,1.7708005286015795,0.1329290539499794,0.30568897916432614,1.024599086451067,0.38882999627194303,0.5490691029187175,1.7521029577404033,19,8,0.9112196563571247,0.025198223056135678,0.02989438104724464,0.9987601057899792,True,0.06431504199975543,-0.006651529446974143,True,0.7499999999999999,0.622832914814353,0.9445562232682093,0.75,0.0615823182313272,0.054009105482415526,0.9096294081830649,0.8564348962708838,1.0000000000000002,0.8811293779508321,1.0000000000000002,0.8811293779508321,2,True,True,True
27,20260711,edge_fog,11,12.96206029165958,0.5612159409325946,1.6925323422656287,0.173573933648028,0.32756314697664796,1.7994116258201784,1.7196530656398146,0.5753187475877574,1.2264935168911513,9,11,0.8105812623567128,0.03155513197246876,0.022215735993990057,0.7497579937077083,False,-7.175475128409009e-06,-7.175475128409009e-06,True,1.0,59.5883330097422,0.0,0.0,0.034348185610864224,0.034348185610864224,0.9104718270696295,0.9104718270696295,0.5289724998555606,0.5289724998555606,0.5040697745165721,0.5040697745165721,1,True,True,True
28,20260711,fat_tree_k4,8,9.106456033818931,0.6932446402619228,1.7203019301495759,0.23319956810383372,0.615916166328349,1.435357823932544,0.926884647627636,0.6343860582430659,2.4545005715501977,8,13,1.1286626112963363,0.037994822613360735,0.027301710205530554,0.7813206383534997,True,0.1274209608552243,0.015546540648265926,True,0.15,163.28054200857878,0.47127204772492887,0.15000000000000002,0.05625226872769894,0.040351118692847125,0.8114839051451227,0.8804272251939312,0.9426235320517462,0.7085394547297318,0.7456051067808801,0.5842189209677876,6,True,True,True
29,20260711,nsfnet,5,4.273707050583917,0.4763615367463586,1.3701202780926938,0.476732504105925,0.6258552522130395,1.5254434847163347,1.6440020371594324,0.2528528475600046,2.4642039469788464,2,4,0.8672137810192684,0.015113285847905663,0.032106240674361006,1.302119561229335,False,0.0,0.0,True,1.0,1.8047080375254154,0.0,0.0,0.06070423133445098,0.06070423133445098,0.8940967740625392,0.8940967740625392,0.6560196269093399,0.6560196269093399,0.5014594278367265,0.5014594278367265,1,True,True,True
30,20260711,geant,4,4.954696570339758,0.8244558766041519,1.5831812822580538,0.1412860441990066,0.21809066074817263,0.6726635582915045,1.157495682750385,0.3073953241152172,1.212891739427627,1,12,0.8147161522786119,0.03752937838954441,0.028938270336401783,1.0584094244559648,True,0.07777320803022274,0.0,True,0.0,50.21374998614192,0.1993979341318303,0.0,0.05830344909119485,0.049622796278909524,0.8333691569093409,0.9724420983838963,0.6196011213361663,0.5147152340419321,0.6196011213361663,0.5147152340419321,8,True,True,True
31,20260711,edge_fog,14,15.098854664932468,0.4679671980318131,1.7036288890071873,0.1775450028035673,0.49508061011050375,1.3712166139207678,1.6868351820632845,0.14035605057187256,2.9896529916040446,8,4,1.167141254413551,0.03326739833147024,0.04595591280774818,1.3051412986669138,True,0.05804053658366133,0.0,True,0.0,559.0410419972613,0.14396006661880914,0.0,0.03656441391749085,0.03323570389888802,0.8580237257190096,0.8984186556239605,0.6126526308137205,0.5224710887960058,0.5726729211805747,0.501062639182327,8,True,True,True
32,20260711,fat_tree_k4,11,13.585830327720148,0.5086748437702778,1.7364158680186548,0.34300358085372995,0.3824938037568711,1.6797781890231152,1.4137206601631407,0.2787595202812378,2.4468967016740724,11,2,1.0228364702272517,0.022802067430321468,0.020891097511708194,1.288142459308442,True,0.004816890176895274,0.004816890176895274,True,1.0,52.925792057067156,0.012094650159493403,0.012094650159493403,0.039797513880804075,0.039797513880804075,0.8477790305843486,0.8477790305843486,0.6966732763080129,0.6966732763080129,0.5305777713202068,0.5305777713202068,1,True,True,True
33,20260711,nsfnet,5,6.296215600853333,0.8018378430454013,1.662711110159812,0.3805492487454919,0.023022871379291196,0.8728943173493493,0.507878511468238,0.43111784025802935,1.2329358746067,4,13,0.9545311492738164,0.020566775568792984,0.027132399838061833,1.492113602679349,True,0.16618768113148621,0.006581020350741917,True,0.35,14.89208301063627,1.0,0.35000000000000003,0.11024244425902337,0.061455253534292494,0.9173536440326664,0.8811072156221559,1.0,0.6812190033359409,1.0,0.6812190033359409,4,True,True,True
34,20260711,geant,16,17.15514387537957,0.5962051797809361,1.5509505551691851,0.0318051342298722,0.050367381309815176,0.8008242928536801,0.2586650945997,0.25501376162068234,2.350043676004061,15,7,1.160436071653006,0.019343579828252296,0.033191316811467614,0.9999507521401466,False,-0.4709371847473514,-0.4709371847473514,True,1.0,0.5516669480130076,1.0,1.0,0.06474737772306015,0.06474737772306015,0.9049501100605025,0.9049501100605025,1.0,1.0,1.0,1.0,1,True,True,True
35,20260711,edge_fog,10,10.464023849720004,0.5954559770983189,1.6003961116854317,0.3803790325807389,0.0467705752054471,1.0172800240203137,0.7052895788752529,0.31822766947073045,1.3035829898876372,22,14,0.9353958559877845,0.03720961734222896,0.03417633607607275,0.7927992417030261,True,0.10463940598785597,0.014443050986417167,True,0.09999999999999999,36.17862507235259,0.45871707486772123,0.10000000000000002,0.04669529900476302,0.03577808321529566,0.8514718864204602,0.9144136198433848,0.823652071771595,0.632936879804095,0.7391464021389026,0.5527126909126403,7,True,True,True
36,20260711,fat_tree_k4,24,27.02591577596665,0.4513863006783604,1.7478962951957806,0.4850894136717257,0.12035625049628976,1.3124861768485956,2.001071469732559,0.1582433581687296,1.2383982881256426,11,35,1.1926965660060564,0.018007543042589124,0.03656321918923712,1.0888562939180428,False,0.0,0.0,True,1.0,30.636750045232475,0.0,0.0,0.03080428936194121,0.03080428936194121,0.8620215666532415,0.8620215666532415,0.6251367422561293,0.6251367422561293,0.5004877272033241,0.5004877272033241,1,True,True,True
37,20260711,nsfnet,8,8.199993562993262,0.47305400415014764,1.7508886436407751,0.19790077320203434,0.376359673669227,1.2890446524433177,1.943242601063413,0.13384916598102542,1.2822394188298605,6,0,0.8260233871933333,0.02343653170106806,0.016134424236328843,1.0231620324531436,False,0.0,0.0,True,1.0,7.50616705045104,0.0,0.0,0.056859936020666094,0.056859936020666094,0.8442979718196281,0.8442979718196281,0.5234716170404403,0.5234716170404403,0.5234716170404403,0.5234716170404403,1,True,True,True
38,20260711,geant,5,5.683596321622932,0.6077092590801807,1.7699494942336607,0.02247718816354977,0.6190742126755003,1.785186561458088,0.7111271676271347,0.5640601747867358,1.691430133299272,18,18,1.2039630126935061,0.035088611201054484,0.03540878298644032,1.2724662399967128,True,0.1465475515294385,-0.0338897054910729,True,0.5,7.709207944571972,0.9942716571993683,0.5,0.09054058253318434,0.0568178731386869,0.8864299730428918,0.8766805630311775,1.3983253734089796,0.7639850737565812,1.0,0.7639850737565812,3,True,True,True
39,20260711,edge_fog,11,11.827942119899165,0.4705003795953345,1.6977035015675999,0.3461233464001046,0.7405267790465191,1.5958327302061264,0.50993690095093,0.46606705168462326,1.7353903639081414,22,4,1.026181582517013,0.033212842600853165,0.009190560606563213,1.059525660009193,True,0.10371557150694279,0.001931220307715336,True,0.25,74.72958299331367,0.5831286561415516,0.25,0.05140262470629025,0.04144856273676147,0.8206611840198954,0.8852397392964564,1.0654167827136058,0.8843971225779709,0.7979634374778911,0.6306206287955726,5,True,True,True
40,20260711,fat_tree_k4,16,17.34610575823159,0.460692446633518,1.7643038753619473,0.13978225280497658,0.6595024877535185,0.7644944421778126,0.8952063197703184,0.39867463809938286,2.868155509215792,28,10,0.7879335154138613,0.022448262610007853,0.02986410231365121,1.29023234379572,True,0.052394896482942745,0.0,True,0.0,169.8968329001218,0.15787507444311336,0.0,0.0330737957496033,0.03344356881856902,0.861117499212269,0.8617201801491381,0.5840926600356982,0.5482881737229146,0.5840926600356982,0.5069127428603423,8,True,True,True
41,20260711,nsfnet,4,4.817867504795993,0.5075607610450663,1.7171991593650984,0.09246545089374722,0.15855431744051796,0.7724511408924627,1.6936808992446883,0.3974752817445819,2.9777375176094982,0,7,1.2370485080477756,0.02689425135128833,0.025555808014499613,0.9102231692943165,True,0.12566585342726136,0.0,True,0.0,241.56191700603813,0.32132637634007105,0.0,0.06085120287559168,0.05867775842249713,0.9058626588190912,0.9260838131711941,0.6640634723345835,0.70114487151828,0.6640634723345835,0.5040333579455022,8,True,True,True
42,20260711,geant,16,18.703404058158814,0.5114053780165292,1.7629089589912437,0.30244964422259935,0.4492647878271431,0.7340123574136015,1.770561483148559,0.5897433033883861,2.3653837814394256,0,18,0.9417901965209651,0.023443308847046214,0.03168334604787626,1.12027082569283,False,0.0,0.0,True,1.0,6.489375024102628,0.0,0.0,0.03536965133467716,0.03536965133467716,0.8980022279685143,0.8980022279685143,0.5064928304793502,0.5064928304793502,0.5025872452256744,0.5025872452256744,1,True,True,True
43,20260711,edge_fog,17,21.285543470807923,0.6133091024314752,1.7940774427588455,0.5423877053782815,0.23070198198651118,0.8546898926741955,1.0707967028567336,0.5030851813207904,2.55091109790357,7,7,0.9501629636784662,0.016898487645059707,0.03893962568632386,1.3655232092606095,False,-1.1101824828739683e-06,-1.1101824828739683e-06,True,1.0,217.05062501132488,0.0,0.0,0.03392766957538771,0.03392766957538771,0.870650886503511,0.870650886503511,0.5314181978128092,0.5314181978128092,0.5058887069060272,0.5058887069060272,1,True,True,True
44,20260711,fat_tree_k4,10,9.068674700304154,0.532252366219498,1.4642696082451199,0.20065220103115497,0.436323514854194,0.7234232255618734,1.9863513920144988,0.5212777726359522,2.692127103517543,31,1,0.9226129612360834,0.02673137231405046,0.03196846736018089,0.8146031793005349,False,0.0,0.0,True,1.0,2.8855829732492566,0.0,0.0,0.03357100066607523,0.03357100066607523,0.9468282132597218,0.9468282132597218,0.5095005246182348,0.5095005246182348,0.5007393005304621,0.5007393005304621,1,True,True,True
45,20260711,nsfnet,9,11.158877114583811,0.5269235033106231,1.7947584389607838,0.22419597076084286,0.5031178067212737,1.744753337322145,0.6134643442005501,0.5973456264458281,2.464316990257675,4,3,1.3018705016208747,0.029720705280680097,0.01906222205244466,1.2816972578201726,True,0.08075383491888109,-0.007157919173067423,True,0.75,0.5054170032963157,1.0,0.75,0.09607972625035027,0.07721659216340429,0.8997441756690994,0.825675873187346,1.0000000000000002,0.879749385369219,1.0000000000000002,0.879749385369219,2,True,True,True
46,20260711,geant,18,19.833550411946874,0.4989805036492657,1.7489024900084733,0.4555787881804574,0.6057585029703089,1.2987613963852054,1.4627670196527054,0.575611433862856,1.8573430532278572,0,9,0.9617291951165486,0.02461256026254706,0.03726340806241604,1.116165652481397,False,-5.37232478826636e-06,-5.37232478826636e-06,True,1.0,74.03733301907778,0.0,0.0,0.03345234066487612,0.03345234066487612,0.8643227068080331,0.8643227068080331,0.5673272619849636,0.5673272619849636,0.5032748512166847,0.5032748512166847,1,True,True,True
47,20260711,edge_fog,10,12.397733551598973,0.560399851977212,1.772392010291089,0.3811818564631206,0.1698825259144524,1.1669025139578841,1.9212505635301376,0.5597151308593685,2.7542081713969795,17,0,0.8858110910291015,0.026219596076027907,0.032352571471342156,1.3614047728961334,False,0.0,0.0,True,1.0,75.66266704816371,0.0,0.0,0.03390994673345497,0.03390994673345497,0.9056086184531839,0.9056086184531839,0.6310507551688921,0.6310507551688921,0.5006147729053919,0.5006147729053919,1,True,True,True
48,20260711,fat_tree_k4,15,19.586081853584936,0.4873170556634757,1.7902432033493463,0.12283307724187864,0.25378121795252123,0.878194309949938,1.778976497708636,0.3447063563243359,1.8580330141833257,29,20,1.164076855390356,0.018609582310827502,0.02572926730524669,0.9027484980934339,True,0.0620258905697021,0.0,True,0.0,311.3621670054272,0.14792768761216724,0.0,0.0372050487184306,0.038877936068637264,0.8464387749634541,0.8403044343962813,0.7130916379349304,0.8582408791077094,0.57593177839573,0.5974303836184347,8,True,True,True
49,20260711,nsfnet,13,13.010717664801152,0.4998695220846818,1.4451455161558129,0.11561696419249785,0.6594254254286869,1.081762698299758,1.206706937151468,0.20995126228629657,2.1169108681475963,2,13,1.0450601965860113,0.03228376474972816,0.039496614896738606,1.3502223747632487,True,0.09683513439915284,0.0,True,0.0,299.0430409554392,0.2909691373708582,0.0,0.05569003990645759,0.04925828156438556,0.8149331100741459,0.8587720682579586,0.6455199465901849,0.5223395759830954,0.6455199465901849,0.5173331490988603,8,True,True,True
50,20260711,geant,10,12.00192611431004,0.5048407896965375,1.7021699190677322,0.28400601677413656,0.7113332350964682,0.7461632554298135,0.9604069285544854,0.6444642925491932,2.600554276879734,13,21,1.0721945681008964,0.024112992328561775,0.009475468610397799,0.9550674238903939,True,0.06810774809557868,0.0,True,0.0,116.06562498491257,0.22973001930078232,0.0,0.04657809814193393,0.043586809326388656,0.8336082029861577,0.8757611273319607,0.6165174919775603,0.5118335346433617,0.6165174919775603,0.5024079933271758,8,True,True,True
51,20260711,edge_fog,19,19.697365361883516,0.5261615367481537,1.637874663833137,0.19429432464390656,0.1617194460030703,1.7253167778432958,0.32638608133942104,0.20374024975075522,2.836133457782444,16,12,1.240162376062066,0.018544150025277935,0.025881248110405496,1.0449274648856344,False,-0.29025527254014566,-0.29025527254014566,True,1.0,0.7145829731598496,1.0,1.0,0.08055104022256582,0.08055104022256582,0.8539781618087751,0.8539781618087751,1.9113895191045076,1.9113895191045076,1.0,1.0,1,True,True,True
52,20260711,fat_tree_k4,7,7.603115358052469,0.5889967478062844,1.6869194152530687,0.002482356009629022,0.13161664964872216,0.7512445297928928,1.9307532576809496,0.1325567510272941,2.7880435847783955,6,17,1.1925242405673284,0.023390908486114158,0.008100547181999974,0.9177606080154281,True,0.09385348313954424,0.0,True,0.0,149.61541607044637,0.21381866180523845,0.0,0.04764392576761803,0.0422503773804352,0.8672383606550795,0.9232671495602371,0.7367394337738186,0.7401380723080854,0.6609709362226162,0.6626702554897496,8,True,True,True
53,20260711,nsfnet,8,10.019995125930132,0.5502850269333234,1.6341098249272388,0.3345688958062432,0.40968040907273473,1.777130727885854,0.46830673311854176,0.352242382044612,1.51723941466452,1,5,1.1234258276805282,0.03857388680131403,0.04180442092109559,0.8818307102276357,True,0.08729443929093053,0.003600656338894432,True,0.75,0.6980419857427478,1.0,0.75,0.10254650841627692,0.07948015518216886,0.8870839768551512,0.815088216360496,1.0,0.8851835091724359,1.0,0.8851835091724359,2,True,True,True
54,20260711,geant,11,13.068589766278729,0.8044738992078249,1.794699114815577,0.02779726207100057,0.3970400646534322,1.0495843019838746,1.8630550891547464,0.5640815394840378,2.4935096361055162,14,10,0.8129168395533679,0.030388437198585333,0.049049326152319876,1.3088742628158625,False,0.0,0.0,True,1.0,86.2180000403896,0.0,0.0,0.037247220068948005,0.037247220068948005,0.8819051055139487,0.8819051055139487,0.5024519365410305,0.5024519365410305,0.5024519365410305,0.5024519365410305,1,True,True,True
55,20260711,edge_fog,11,15.282664998257253,0.4744636456777578,1.717529396534731,0.005567917554252722,0.723550779169097,1.3531943982825472,1.362908566324543,0.11668865150348227,1.373788786329664,1,1,1.1277374311060295,0.02566666683926895,0.03286426230288792,1.083597715714714,True,0.13443033267866036,0.018113278881134384,True,0.09999999999999999,101.17145802360028,0.37826175960028646,0.1,0.03938216233752394,0.035789655081935684,0.8726293275305872,0.8993204088690413,0.6896826677621695,0.6253571188707973,0.6896826677621695,0.5503221079975383,7,True,True,True
56,20260711,fat_tree_k4,29,30.118443997331333,0.4746705367691293,1.7757216439196288,0.5242190606903365,0.5984568654424894,1.0031243645899206,1.6115347555879476,0.358025538158915,2.208219235875479,11,19,0.8043697145098301,0.03947716727280439,0.012088710145005531,0.7214501921535871,False,0.0,0.0,True,1.0,10.057875071652234,0.0,0.0,0.03090792984035896,0.03090792984035896,0.8607379783264719,0.8607379783264719,0.6667151049665068,0.6667151049665068,0.5026332042321737,0.5026332042321737,1,True,True,True
57,20260711,nsfnet,8,10.307403293905809,0.8072693988370956,1.7092754608214311,0.5175308689092567,0.32250404132747884,1.657776416401239,0.3584003795431361,0.6149664015577927,1.4061757592985218,3,10,0.987572940624435,0.039395319238828136,0.04495611011546554,0.7412336153661506,True,0.07580835768506311,0.012749746562148117,True,0.3499999999999999,11.47129200398922,0.660624090895531,0.35,0.07926199021335671,0.06164304771382661,0.8835567808871555,0.9005259378015498,0.8578761129979123,0.675,0.8578761129979123,0.675,4,True,True,True
58,20260711,geant,15,16.589585777335838,0.46943440534531045,1.786300349529535,0.19889266870807687,0.7355961087979023,1.7190204808736103,1.1839422700322952,0.15233903800166235,2.5260008443226885,15,17,1.2324468973335292,0.02285806294169007,0.030992931006218506,1.4775985176948339,True,0.12805328479697867,0.013096071110152338,True,0.1,110.77816598117352,0.43171244272046266,0.10000000000000002,0.04688463904977483,0.0351112746298324,0.8857307217965843,0.8593075736900634,0.7194898144877397,0.5567345252611314,0.7194898144877397,0.5567345252611314,7,True,True,True
59,20260711,edge_fog,22,23.820270759127194,0.4918324402795236,1.6566690814692255,0.22453305798842282,0.1321454925141897,1.2330897479948857,0.9940420880902974,0.23239046891073079,2.4355780841601735,10,7,1.3152356994876837,0.02984211638702055,0.01970419820675112,0.7958913893743295,True,0.21608289566941075,0.007086858216987637,True,0.25,76.50641701184213,0.8977057394077721,0.25,0.07168440248849173,0.03520650467404957,0.8507978955149104,0.8402590855087024,1.5379564705809488,0.6838887420995634,0.9624008492747584,0.6344593903828469,5,True,True,True
60,20260711,fat_tree_k4,14,14.789363840775781,0.526171427082484,1.6896412655444821,0.49684079519163943,0.6023648790974322,1.0328826333323409,1.211551238815894,0.3926468329397258,2.3877082209850684,5,30,1.292341801131538,0.028718029401797518,0.024282787944628074,0.9213168288673441,True,0.057904514842673296,0.0,True,0.0,207.34645903576165,0.18799985147271916,0.0,0.031338480438679366,0.03281592019815774,0.9046576968426895,0.8689889001797931,0.5943704315765452,0.5894737199345598,0.5943704315765452,0.5013086152964794,8,True,True,True
61,20260711,nsfnet,5,6.479671414678735,0.7882715451466236,1.797332713444368,0.19772479874256002,0.5466004800730824,0.938554592816792,2.0242383296819577,0.5470834585427978,2.427848859482747,0,6,0.8590923952032204,0.027212876264983893,0.02237329650267758,0.9527716515471185,False,0.0,0.0,True,1.0,156.3901660265401,0.0,0.0,0.05632363449816884,0.05632363449816884,0.9070887910795401,0.9070887910795401,0.6973469250385729,0.6973469250385729,0.6745126173486243,0.6745126173486243,1,True,True,True
62,20260711,geant,19,22.145375744477683,0.514585591326095,1.7591301275724525,0.48047708757960494,0.027437734762202945,1.78744010647336,1.0541223078198436,0.1956903938948677,2.8509380071199324,10,10,1.2452707862298846,0.03975158059970506,0.037705868424765546,1.4772880995040483,True,0.1099461077579693,0.017958060422105578,True,0.1,133.00304196309298,0.44504551360624983,0.09999133300526772,0.048183457531069646,0.03471764866630096,0.8169114985003879,0.8626435156940168,0.7274407643049093,0.556922401572908,0.7274407643049093,0.556922401572908,7,True,True,True
63,20260711,edge_fog,8,8.522228982274848,0.4977313184828389,1.7136511825744003,0.31311743090173016,0.5868342304575274,0.7561248416277718,0.335302625251108,0.6377535340177826,1.2713541921523228,10,4,0.8145837610089541,0.032837452357447644,0.0428054634885301,0.9339952111992063,True,0.053500765367017644,0.014980420294641361,True,0.25,95.45629192143679,0.3659166576061027,0.25,0.041064035510347124,0.034903982509957465,0.8859792857977388,0.9142080064571265,0.6869764216297352,0.6261496172108914,0.6869764216297352,0.6261496172108914,5,True,True,True
64,20260711,fat_tree_k4,28,29.936394999039813,0.4809366393504957,1.723455463511409,0.15457969819357711,0.4600846357854724,1.6746786319342903,1.2597030547537678,0.3884762737908072,1.0846439419511895,11,3,1.2489455385352157,0.015030221193777374,0.03950066638426568,1.2701226409228858,True,0.16430148572173117,0.012958290183631755,True,0.09999999999999999,73.55195807758719,0.513396968608081,0.1,0.043132587334730986,0.02916532297139613,0.7572639135262486,0.88513801563263,0.7589991576424033,0.5522900083306157,0.7589991576424033,0.5522900083306157,7,True,True,True
65,20260711,nsfnet,12,15.376608904306607,0.6244532991992405,1.7773212913115948,0.4576980638721428,0.16147416258170919,1.0245333670713697,1.5304861830022747,0.6061327960692477,1.1985026595257202,13,6,1.3028251737733596,0.024506794089740887,0.048293734010423015,1.010454891984764,True,0.03969427092347245,0.0,True,0.0,460.1381249958649,0.11253961328561804,0.0,0.04979523037918533,0.04517537055230174,0.883816599497375,0.8671123403578043,0.5622814954847177,0.505556104460057,0.5622814954847177,0.505556104460057,8,True,True,True
66,20260711,geant,20,19.87760722210765,0.46485514584590376,1.6392952195202628,0.15793278760458598,0.0925805873481902,0.7625723039461341,0.9574902140558912,0.5834977383864148,2.9027529019627165,4,21,0.9988146165570855,0.023133075972568938,0.008063018252759518,1.154383673349152,True,0.1728333867864098,0.011775558969323132,True,0.09999999999999999,82.71762495860457,0.5878040100155295,0.10000000000000002,0.05991085888737229,0.03774127574088356,0.7373118103458831,0.8809145108531723,0.8051977278283766,0.5607055247099764,0.8051977278283766,0.5607055247099764,7,True,True,True
67,20260711,edge_fog,21,21.97322178461514,0.5411558591619304,1.6913874045555222,0.2093528679503831,0.3429203242308144,1.7339027303398025,1.7821344450810221,0.38554318435686885,2.3614005882526152,6,8,1.0608640085349734,0.036406138200059016,0.03418622163001074,0.9225657926411178,True,0.01370561333788404,0.01370561333788404,True,1.0,192.7689160220325,0.03221375890192761,0.03221375890192761,0.033338959402469205,0.033338959402469205,0.8465345099708482,0.8465345099708482,0.6070101992646063,0.6070101992646063,0.5162519726657184,0.5162519726657184,1,True,True,True
68,20260711,fat_tree_k4,12,12.28364895825742,0.5617631974527795,1.5606102195575724,0.4598245095480436,0.718989923351622,1.2742442246226031,1.1390136453658462,0.28969095246452503,1.3128520272960735,22,3,1.0119414392447135,0.03878974037412955,0.021900791118517025,0.9969727806072393,True,0.009704589259549527,0.009704589259549527,True,1.0,18.566833110526204,0.028128593773850956,0.028128593773850956,0.03591963268975774,0.03591963268975774,0.897277346738348,0.897277346738348,0.696385096797425,0.696385096797425,0.5206827496143688,0.5206827496143688,1,True,True,True
69,20260711,nsfnet,8,10.491052280949104,0.8424649270644821,1.682740917250507,0.3836337336578559,0.36280610515595446,1.6715475582303712,0.5766363222533397,0.5422301266703947,2.4624786752783674,5,7,1.1251999854212045,0.02182062362762232,0.010788535668663814,1.1699293124997847,True,0.16486065296496152,0.0002691375439197204,True,0.35,23.66570895537734,0.8882898028751949,0.35000000000000003,0.09455285466649763,0.05749699758511143,0.7590217879604221,0.8698178918628362,0.9527538737517318,0.6834730421739432,0.9527538737517318,0.6834730421739432,4,True,True,True
70,20260711,geant,11,11.404008933218202,0.5069468611276384,1.6745580339420127,0.20815679562270345,0.7405617186960253,1.5806007922278376,1.9066096663007053,0.5831032985534611,1.1185840420621112,19,2,1.0610681867640257,0.02289855461881008,0.01628314266552973,1.2460716322969425,False,0.0,0.0,True,1.0,63.47004103008658,0.0,0.0,0.04269117664275419,0.04269117664275419,0.8746457021560088,0.8746457021560088,0.6411942231106906,0.6411942231106906,0.5366829609968106,0.5366829609968106,1,True,True,True
71,20260711,edge_fog,19,21.32526987698591,0.45368488144065866,1.791092844535205,0.4165162590090649,0.46894031315562185,1.684274392763589,0.29488735877018724,0.28263029246657057,1.2496409733572562,9,14,1.0235967019052747,0.023040583363719867,0.025688013985641234,1.045868950556116,True,0.08369591075985297,0.005885350187592144,True,0.7499999999999999,10.769292013719678,0.9684329775327037,0.75,0.07569367136704744,0.05900924342638358,0.8099217574796905,0.8016990713169507,1.6621686913846836,1.362651368159638,0.9990834069353055,0.880180831876862,2,True,True,True
72,20260711,fat_tree_k4,21,23.843174026320312,0.46196293450189835,1.7869958651897104,0.06006079126271447,0.4739540152781493,1.270250798985441,2.01890283780284,0.1948430139952515,2.6680477082134972,14,30,1.2863606970249655,0.038777115914422455,0.033895933543947605,1.3838256220148766,True,0.0742443115630782,0.0,True,0.0,323.10120901092887,0.17583732119156603,0.0,0.028703702315521433,0.02764813207723695,0.8798166502386378,0.885727941356229,0.5888256654115777,0.500259737375703,0.5888256654115777,0.500259737375703,8,True,True,True
73,20260711,nsfnet,9,10.947062093153857,0.6079962556525078,1.765987381060551,0.3480879949725982,0.41598174652445885,1.0380681655317996,0.6871844788479955,0.1921988549867435,1.8289516746187664,6,3,0.9576243077681204,0.015733480770802902,0.01145556897443349,0.8570371156875713,True,0.09470633278327922,0.010983087975035803,True,0.1,212.25966699421406,0.37769304883312516,0.10000000000000002,0.05651130882707647,0.04759734599321717,0.85562820461255,0.899222374403158,0.689527127161966,0.5532115551155772,0.689527127161966,0.5532115551155772,7,True,True,True
74,20260711,geant,20,24.33647981958598,0.5192892063610933,1.7957006870063166,0.5337325670226805,0.638032310357294,1.5530615661734466,0.9101559432324895,0.42332892118137755,1.4205003516186094,8,5,1.248639662573127,0.024035649174993956,0.014774358949135126,1.2579127042213272,True,0.0693397363310683,0.01673904855831636,True,0.09999999999999999,82.93166593648493,0.302089991360881,0.1,0.048624791674631004,0.036343842792580565,0.86307129164489,0.8610579429275121,0.6512733409034508,0.5505838311568361,0.6512733409034508,0.5505838311568361,7,True,True,True
75,20260711,edge_fog,10,13.38143252537143,0.9804488534329729,1.717799436383594,0.41774735781927946,0.7406664084963658,1.3153481184474747,0.8116575120352605,0.6075644183164202,2.688321621525975,8,3,0.9009087561501112,0.03975655134672674,0.041714491170001214,1.13403395895601,True,0.03160929361969486,0.01982863659976143,True,0.15,112.6395839964971,0.11062404541658447,0.07393786439645623,0.034763483546028894,0.033171030140956445,0.8974123160151011,0.9305282781539449,0.5624886285015146,0.5463600651813633,0.5624886285015146,0.5463600651813633,6,True,True,True
76,20260711,fat_tree_k4,20,23.207816894503463,0.5695575146471078,1.6051019848221564,0.3572009581166858,0.6816459741004917,1.350840583296864,1.9308249527576122,0.22361486932299932,1.926465752445665,8,26,1.3197325156593012,0.031613332445562525,0.0354387639364762,1.199497162184508,True,0.012667336023654824,0.012667336023654824,True,1.0,299.70645892899483,0.03067908431827929,0.03067908431827929,0.02783717707991613,0.02783717707991613,0.8672338905991921,0.8672338905991921,0.5161471643784129,0.5161471643784129,0.5161471643784129,0.5161471643784129,1,True,True,True
77,20260711,nsfnet,4,4.4438758645850704,0.6562548428434618,1.5661036319188084,0.2283210560159,0.6753222695206392,1.1402502460975708,2.0861862315795188,0.598885045176434,1.4164755254000565,1,13,1.1563331461453203,0.02937163418623792,0.03812210636989942,0.9931473966879534,False,0.0,0.0,True,1.0,105.83474999293685,0.0,0.0,0.06024443054084324,0.06024443054084324,0.9532861129765389,0.9532861129765389,0.5890461785044071,0.5890461785044071,0.5890461785044071,0.5890461785044071,1,True,True,True
78,20260711,geant,8,7.91159252576064,0.45270256373276907,1.4786655266965958,0.26579998380212955,0.1962573512008462,1.1685120378923681,0.3512409673141854,0.5783924256059455,1.50808307036187,9,5,0.7640433458140018,0.023016146123293252,0.04015795902132,0.7838793415327601,True,0.12456041500078921,0.019918581188580694,True,0.5,4.180666990578175,0.8481265021811065,0.5,0.07229703802534768,0.054693821239866984,0.8985564625139159,0.8826238966241841,0.9427798433426973,0.7526450796549908,0.9427798433426973,0.7526450796549908,3,True,True,True
79,20260711,edge_fog,20,21.111229335579562,0.54481395179559,1.7119046582326065,0.023180527967472005,0.13800279400941284,0.8950306918479333,0.9866885468965017,0.4658253415213711,1.8272144272619815,3,10,1.072246186542467,0.03396757744567308,0.02825805230356836,1.350135295859506,True,0.24164889484734267,0.012521107775492793,True,0.25,53.963375044986606,0.845464484082046,0.25,0.059906291563010895,0.03511032509447938,0.7639897699423432,0.895957219488924,0.9308402460801037,0.6373147395093625,0.9308402460801037,0.6373147395093625,5,True,True,True
80,20260711,fat_tree_k4,9,12.008465773031546,0.7671598380353937,1.7009319278336965,0.5042857099280383,0.28381819411341813,1.1668069130767396,1.8740255644229316,0.30182562552658443,2.7010925753505832,21,33,0.7586953874572129,0.0260094920144725,0.04180750335426422,0.769796350616531,False,0.0,0.0,True,1.0,2.0157499238848686,0.0,0.0,0.04149519532300586,0.04149519532300586,0.8925088274253505,0.8925088274253505,0.7088749992728124,0.7088749992728124,0.6182503482206972,0.6182503482206972,1,True,True,True
81,20260711,nsfnet,14,13.878590789571938,0.5241379040896017,1.5797690073262478,0.3242134857925374,0.5542113621520867,1.3238864265778232,0.3381712517215505,0.46305661891624494,1.6031817670009367,3,8,0.8617241756289615,0.015312441464585949,0.013586716725864097,0.8193983777612565,True,0.08831978343116939,0.0004805217189205027,True,0.35,38.60279195941985,0.6206576019153845,0.35,0.07359349021555074,0.055956783169579645,0.8069092960740267,0.8723860126532578,0.8282258665574709,0.6819826075134104,0.8282258665574709,0.6819826075134104,4,True,True,True
82,20260711,geant,5,6.383032033496299,0.7934634603877229,1.7988811331920116,0.29061588230271407,0.38718405065636446,0.884050891074631,1.5192773856732535,0.5425461585804413,1.895928326054264,18,4,1.2761225313948947,0.038496649862070735,0.03586399857175214,0.7683647540684989,True,0.08151650183145726,0.0,True,0.0,120.67641702014953,0.24646278284603138,0.0,0.0669405074418126,0.08502902115826601,0.8090074836969413,0.9013556921018019,0.9614572786931369,1.4536798990055144,0.6241859207486798,0.7268399495027572,8,True,True,True
83,20260711,edge_fog,19,22.217274992827978,0.48794947725778887,1.7063468065217848,0.416950495078888,0.6232323111338599,1.1858477674683514,1.7495050270884869,0.2169121176333365,1.945553297244137,16,13,1.0519363765158922,0.01580090790908973,0.008294992004402816,0.9313165141243784,False,-1.1320886328570978e-16,-1.1320886328570978e-16,True,1.0,75.73424989823252,0.0,0.0,0.03262538370941134,0.03262538370941134,0.8844178280049753,0.8844178280049753,0.5037012513829392,0.5037012513829392,0.5037012513829392,0.5037012513829392,1,True,True,True
84,20260711,fat_tree_k4,26,27.2699373869507,0.45626082105141724,1.7911670266229427,0.4815644073920226,0.02948563345412128,0.9761453620874739,0.6186101022645856,0.5048093978869587,2.388583314222654,6,27,1.2987107825973252,0.03803756097568416,0.042560524437813524,1.1335503237279325,True,0.09582907101918026,-0.0061444902071819615,True,0.5,9.0670419158414,1.0,0.5,0.07719512649536056,0.04323004743051989,0.8115389126895328,0.8129477568346121,1.4820355569758656,0.800568741787371,0.9999999999999998,0.7529129616886431,3,True,True,True
85,20260711,nsfnet,8,11.622117448811105,1.0679986813407008,1.7400681677265164,0.3272742069183646,0.3909198930893109,1.68181156075652,0.9881955892605303,0.11040512130003269,2.2467784498750722,10,12,1.0237900338511392,0.01632654276637991,0.017319275457065082,1.3667234438892335,True,0.08964912517140786,0.0,True,0.0,118.63666598219424,0.2870845174494882,0.0,0.05979018184068828,0.0541816732453991,0.86863361309996,0.8580405354934398,0.6496949782663327,0.601906851524054,0.6496949782663327,0.5066386223317587,8,True,True,True
86,20260711,geant,8,8.886714856754178,0.5699236294573272,1.6043641844415593,0.13017035559280257,0.7168202391574019,0.8452794758431257,1.6548072924749442,0.40141867522625807,2.185901137887857,15,1,0.8689970148432449,0.025335941602732295,0.04883264242621507,0.8960167122659924,True,0.015013536198837739,0.015013536198837739,True,1.0,170.3812499763444,0.03423658579172065,0.03423658579172065,0.042072181138070076,0.042072181138070076,0.8762822327414075,0.8762822327414075,0.7930933040312736,0.7930933040312736,0.5227871578604574,0.5227871578604574,1,True,True,True
87,20260711,edge_fog,13,14.136111038923204,0.4897600969015059,1.7833590799231522,0.2448526572767932,0.09327711505127241,1.5867288148705874,1.2237852162669056,0.49977075265321314,2.1663171479460086,3,5,1.0477104101041457,0.02985625732231806,0.030884317840146655,1.4582317087857501,True,0.10990025620901213,0.0,True,0.0,51.854792051017284,0.3151259366352479,0.0,0.040309704989253584,0.03494693850312384,0.9079415486920456,0.9082080007328917,0.6582495445010837,0.5178194906758476,0.6582495445010837,0.5001456761181644,8,True,True,True
88,20260711,fat_tree_k4,9,9.657480843663356,0.629487539985887,1.5700545906698753,0.4654402829662074,0.3316742848722146,1.3540482103726619,0.5544559558687077,0.5230445504272652,2.5489132101560905,27,32,0.8008303430936189,0.034172166683003824,0.04194550004574602,0.9896044440625853,True,0.034047058565087863,0.013782485038143315,True,0.1,53.719624993391335,0.14141305108022814,0.06318126159766949,0.04376104437674556,0.04163677827457541,0.9008692969466379,0.8992691557032532,0.8087382847050654,0.7462170967326461,0.6326318651367507,0.6013712711505411,7,True,True,True
89,20260711,nsfnet,13,14.986910038509572,0.46690309268310703,1.768153841505867,0.2793591304855905,0.14676104662100478,0.807058073037143,0.9060079103361811,0.4244102334563543,1.6473497264237698,5,3,1.141577535532252,0.01755138728820582,0.0285933799395811,1.3618795808124275,True,0.16400413256899857,0.01197747679064711,True,0.14999999999999997,83.76641594804823,0.6301652592076131,0.15,0.07571142027218913,0.04898925729604539,0.7925930592461781,0.8753458173055404,0.8225905428517142,0.5827554417908664,0.8225905428517142,0.5827554417908664,6,True,True,True
90,20260711,geant,13,16.648090816072436,0.6829170096723574,1.6469428942519642,0.1940844669514954,0.6042922103208299,1.086769460170347,1.016327023060968,0.3124936885574086,2.1147227874129335,15,17,0.8077103978977169,0.034112116577189294,0.046619733900566965,1.4385915429718075,True,0.050328888108239433,0.019484881849144115,True,0.09999999999999999,149.6533330064267,0.1433139043912905,0.06229181287169682,0.04100215977189619,0.03682457124010029,0.8515461921723537,0.8713493643622963,0.5832430791897532,0.5480574462417318,0.5832430791897532,0.5480574462417318,7,True,True,True
91,20260711,edge_fog,20,25.022435365904922,0.47439328917878043,1.7556287814973872,0.21274865864548048,0.6358907692440212,1.6057150090325822,1.0704559489471377,0.3705536328446025,1.4532120496347685,15,19,1.0917202267389527,0.015324213896093083,0.0418012096556556,1.2872476956619552,True,0.11378906924331919,0.017576616776455,True,0.09999999999999999,117.90558299981058,0.3668576027985337,0.09999999999999999,0.041493160055350864,0.03382858542557857,0.8289180256121012,0.8665763463229295,0.7078391150416801,0.564882625094744,0.6936614364305536,0.5589119505131017,7,True,True,True
92,20260711,fat_tree_k4,7,8.082695477133655,0.8312733093949725,1.6172627945833655,0.4070806590438637,0.22207694428425093,1.7373375748839588,0.4306902841021074,0.3278030794977128,2.1434471837971456,8,24,1.009555619904956,0.01807003065898178,0.02771089882538446,1.2490541618449287,True,0.1350954272002746,-0.001773562285053916,True,0.5,3.230458009056747,1.0,0.5,0.09805091983323283,0.05772853479332374,0.8524334412699043,0.8575072267393561,1.836625279685986,1.0211586906124035,1.0,0.8087365396296018,3,True,True,True
93,20260711,nsfnet,9,10.460138866832171,0.7364625054998859,1.7627701389328845,0.2403395709967364,0.3545736598836505,0.7289971883889982,1.198413623900228,0.4031099853483969,2.0831754116728494,6,6,0.7989214427919047,0.022791958543547666,0.009870798419205577,1.4532359068506184,True,0.00014622166378918883,0.00014622166378918883,True,1.0,9.538874961435795,0.00035043516881963857,0.00035043516881963857,0.05110312159165234,0.05110312159165234,0.8995653388035953,0.8995653388035953,0.5123103081325635,0.5123103081325635,0.5123103081325635,0.5123103081325635,1,True,True,True
94,20260711,geant,22,23.13954947549456,0.4991145826916261,1.7463836845776475,0.5079539769265404,0.6047943860117295,1.7149459942186733,1.850945611499983,0.575162985074254,2.9205727446371093,4,13,1.2760645073535537,0.03945735443076312,0.03381364384477881,1.1714251301276852,False,0.0,0.0,True,1.0,1.9192500039935112,0.0,0.0,0.03627953745429204,0.03627953745429204,0.8996810438780732,0.8996810438780732,0.5068603173646244,0.5068603173646244,0.5068603173646244,0.5068603173646244,1,True,True,True
95,20260711,edge_fog,17,17.441867245337395,0.4577101278290896,1.7683973615269744,0.5479908039110295,0.18497813762108267,1.6426880516354798,2.0332783439672966,0.11159662811996868,2.6536552285978967,19,2,0.8097269304604532,0.032414892370474756,0.026062490928702484,1.1869417850314008,False,0.0,0.0,True,1.0,58.9892080752179,0.0,0.0,0.03466448728943899,0.03466448728943899,0.8958719397332039,0.8958719397332039,0.6808796563164444,0.6808796563164444,0.5000373733706729,0.5000373733706729,1,True,True,True
96,20260711,fat_tree_k4,16,17.46988916221954,0.4852853690360817,1.536882745606409,0.25916435402866866,0.49978929052160004,1.5448329872696598,1.9004664195972176,0.499244924196075,2.560029561970145,26,15,0.995732255112038,0.03041980321237126,0.00853748282862836,0.9695687312963711,False,-1.2589806060970137e-07,-1.2589806060970137e-07,True,1.0,29.630207922309637,0.0,0.0,0.030789212237989076,0.030789212237989076,0.8634232903935689,0.8634232903935689,0.5262672885399478,0.5262672885399478,0.5011988937065139,0.5011988937065139,1,True,True,True
97,20260711,nsfnet,10,10.141860502587761,0.46121446302168445,1.739355977113747,0.298961140686857,0.1463901932657991,1.6241347122577565,0.3134038246921811,0.47485238004529473,2.119958412519519,0,8,1.271068925265104,0.03760789576585169,0.042022388330826686,1.0377571414219686,False,-0.26450270937165243,-0.26450270937165243,True,1.0,0.2892919583246112,1.0,1.0,0.10565317230132912,0.10565317230132912,0.8795742546785442,0.8795742546785442,1.0580015091731867,1.0580015091731867,0.9999999999999998,0.9999999999999998,1,True,True,True
98,20260711,geant,8,8.327170994297918,0.6074027950415128,1.4528721075928208,0.5186509054040519,0.07369841115005037,1.3773150169437514,0.4330220980657036,0.2814065496026802,1.964269359926378,1,11,1.2215611897413832,0.03664699779647969,0.04449059127616173,0.8013941602475815,True,0.005804365824089782,0.005804365824089782,True,1.0,0.27316599152982235,1.0,1.0,0.0845642151479339,0.0845642151479339,0.8931794550662806,0.8931794550662806,1.0,1.0,1.0,1.0,1,True,True,True
99,20260711,edge_fog,16,20.611307128480878,0.610598359703757,1.7900812651535645,0.34354636326141086,0.21597259678516842,0.7436277801043352,1.646561493941859,0.5789048439568045,2.398388443380594,12,13,1.1727536875968523,0.029525523886139236,0.03920745320642961,1.2349909485694923,True,0.019263991266436173,0.019263991266436173,True,1.0,45.571957947686315,0.04929878062928765,0.04929878062928765,0.03162903861348649,0.03162903861348649,0.8714343712176632,0.8714343712176632,0.5289094751741107,0.5289094751741107,0.5289094751741107,0.5289094751741107,1,True,True,True
100,20260711,fat_tree_k4,5,5.513182987943952,0.6385311133245795,1.7628926321882257,0.10619562680394673,0.2203809431996988,0.7703633961901002,1.7462650456042126,0.5365465922222055,2.512555672450943,27,31,1.308039277704248,0.02590133648597385,0.049194627242172724,0.7141587545497711,True,0.11025786878604209,0.0,True,0.0,292.12154203560203,0.2836747945467266,0.0,0.06019589443395376,0.0571434163296727,0.8468006451469604,0.8756721083460715,1.1364724107485067,1.1364724107485071,0.8841810412023507,0.8841810412023506,8,True,True,True
101,20260711,nsfnet,10,10.395060329891107,0.5467051786197915,1.5240743214165053,0.29880196036961076,0.6280036550012014,1.1173437548272025,1.7718827650057714,0.48673656224057793,1.6730638980650154,13,2,1.0674765961491504,0.03189402934163851,0.03977604346311412,0.749869799946578,True,5.1837229923954975e-05,5.1837229923954975e-05,True,1.0,67.60299997404218,0.0001143815672551724,0.0001143815672551724,0.04577052455968641,0.04577052455968641,0.8767363998675292,0.8767363998675292,0.5011364372308507,0.5011364372308507,0.5011364372308507,0.5011364372308507,1,True,True,True
102,20260711,geant,20,20.18183422915543,0.48737650852890624,1.650951193759693,0.22323112516095037,0.09850697358641271,1.1151914051800738,0.8428080112232661,0.3439443595909223,1.6044243160420675,0,9,1.0896307443014246,0.025472072916386646,0.01940173185797235,0.9938638863191671,True,0.17873806027923667,0.016596314109839482,True,0.25,20.579040981829166,0.7788414842593365,0.25,0.07016011830973375,0.038483673352279035,0.7558645995940052,0.8437721825039417,0.896234658923838,0.6313820716043215,0.896234658923838,0.6313820716043215,5,True,True,True
103,20260711,edge_fog,10,12.224816677190466,0.5345240565399757,1.773400397808883,0.5139898276569937,0.4911512397580999,1.6672822790282988,0.8570568059895431,0.5438613422458971,1.7208739753806863,2,18,1.05958131605369,0.036760637255738124,0.04357021835022501,1.4053489202079767,True,0.060525309138062325,0.0,True,0.0,379.50133299455047,0.22550410009119934,0.0,0.037568993445872896,0.032353227447657874,0.9090256009167987,0.9062697853838931,0.6239498431665674,0.5089904542222365,0.6239498431665674,0.5089904542222365,8,True,True,True
104,20260711,fat_tree_k4,14,17.53688167329311,0.4517533530724703,1.7710882723088026,0.40264241802393547,0.10482926688231614,1.6385989636613392,0.6031956519700135,0.423698248891613,2.49181576314564,27,4,0.8020968054921164,0.023413769402688276,0.032490048346921895,0.8871394550122663,True,0.06585728162449138,0.0,True,0.0,269.43195797502995,0.2660757446221481,0.0,0.03907206260640994,0.03528772676751003,0.8391329090826967,0.8741413861105843,0.7281630841804684,0.742725085586087,0.6348117366173789,0.5318601837099753,8,True,True,True
105,20260711,nsfnet,7,7.408628606596579,0.7929764934952774,1.5583590163646648,0.20831841227681108,0.4631345085979593,1.4233898175846065,0.44704986866616014,0.26233609202835795,2.9389914066522023,0,13,1.0293068774151837,0.0337475419733936,0.01019358949552647,1.3328187755259484,True,0.1278951976083877,0.017287177348618447,True,0.7499999999999999,2.9512079199776053,1.0,0.75,0.10309266061199278,0.08001914883731363,0.8883689781335955,0.8021821158263683,1.0769685837463194,0.8760825638540707,1.0,0.8760825638540707,2,True,True,True
106,20260711,geant,19,20.56614252815093,0.47835060810035057,1.7968335357834089,0.3748455974433731,0.5981709393618875,1.6216075475459544,1.2478535204122083,0.48668248930079605,1.068365848316253,5,0,0.8983007149670241,0.032546480849593815,0.028400949201784913,1.1696582874875772,True,0.008056799450543191,0.008056799450543191,True,1.0,22.835000068880618,0.02156575366428623,0.02156575366428623,0.03488455343378403,0.03488455343378403,0.8573799642494172,0.8573799642494172,0.5171805240237435,0.5171805240237435,0.5171805240237435,0.5171805240237435,1,True,True,True
107,20260711,edge_fog,24,29.561701296863195,0.5779646347414478,1.7837468694961542,0.4573042882928809,0.5823740754153066,1.4236392043050787,1.0307017600239818,0.4693425095544451,1.715888141118809,6,19,0.7780877566729262,0.0392195346428537,0.04107370749633342,0.8087899574874837,False,0.0,0.0,True,1.0,24.20566708315164,0.0,0.0,0.03149797566176829,0.03149797566176829,0.876652620992163,0.876652620992163,0.5027709895774586,0.5027709895774586,0.5027709895774586,0.5027709895774586,1,True,True,True
108,20260711,fat_tree_k4,10,8.459488591889201,0.4986439221669596,1.3150493253450601,0.0028141310781123366,0.11661018982699375,0.8009492851847508,1.8523567650660897,0.14473788182402775,1.1851081037982072,9,0,1.0499853843298075,0.026994895111808186,0.017779364412190905,1.0367493437016446,True,0.056020956245912086,0.0,True,0.0,381.33949995972216,0.12184265161879412,0.0,0.03488431304455126,0.034302028604015794,0.8841818685166563,0.9068702476193637,0.5621419095373691,0.501089250317424,0.5621419095373691,0.501089250317424,8,True,True,True
109,20260711,nsfnet,9,10.775248169421399,0.45906641330459674,1.7829018807821713,0.058731102738884745,0.41612132659560247,1.174599580484351,0.5545075482225705,0.3168251890571138,2.72039098793205,6,5,1.2448685723855584,0.03954127301958463,0.041749465251584336,1.3750065987322904,False,-0.0028092063940364687,-0.0028092063940364687,True,1.0,0.26174995582550764,1.0,1.0,0.09978962077069058,0.09978962077069058,0.8915888081085831,0.8915888081085831,1.0,1.0,1.0,1.0,1,True,True,True
110,20260711,geant,13,15.328997429091233,0.5082832615327995,1.7187721075836746,0.4236990450906622,0.20657412533564148,0.9774493242063611,0.7713067614360438,0.4064774677337084,2.6573415410471375,18,20,1.2908617833706688,0.015562002554827542,0.04773878284026357,0.7388985545193069,True,0.1396797805813131,0.006096183425985715,True,0.25,81.26833301503211,0.7394406640652269,0.25,0.0587360586525721,0.03856122991556739,0.7865944443504409,0.8569473771726166,0.8714805236319446,0.6262305643501281,0.8714805236319446,0.6262305643501281,5,True,True,True
111,20260711,edge_fog,23,26.80492969786037,0.5678643272547748,1.7997236738980023,0.5495609365654054,0.44884930813987045,1.15654347586336,1.0139307174061587,0.5322048404843346,2.2666989622951457,12,20,1.0317882073963087,0.019672168021705037,0.03945232567505169,0.711393279544761,True,0.011312336051585787,0.011312336051585787,True,1.0,56.47887499071658,0.03881594839437441,0.03881594839437441,0.03154703519999996,0.03154703519999996,0.8400245133174856,0.8400245133174856,0.5213504557763978,0.5213504557763978,0.5213504557763978,0.5213504557763978,1,True,True,True
112,20260711,fat_tree_k4,28,33.47074713450928,0.48407918386697096,1.7681565405055266,0.03192003916323241,0.7454382222477176,1.629762326692064,1.9037684358296774,0.17740565050762513,2.944661358295459,2,6,1.0327340444107838,0.027128243370694423,0.016336614357460547,1.479839953533013,True,0.028921395542614803,0.0,True,0.0,86.5321250166744,0.0628142632712442,0.0,0.028131346886394373,0.027841915041190102,0.8338611251721325,0.874035263606001,0.5330594694518085,0.501816944868324,0.5330594694518085,0.501816944868324,8,True,True,True
113,20260711,nsfnet,14,14.3391870521365,0.558580011466019,1.6729701022748036,0.08577591147592878,0.42469110345737887,1.467086268364308,1.3777450982787163,0.2153548629523679,2.4397746829623985,4,11,1.0129085133028524,0.01635495623142944,0.0298852507903721,1.0606050907054843,True,0.10000156523748442,0.0,True,0.0,31.34729096200317,0.25592853917987224,0.0,0.053675600046639065,0.04972955776310623,0.840111078689616,0.8963885901701146,0.6302691056959722,0.5043231471353549,0.6302691056959722,0.5043231471353549,8,True,True,True
114,20260711,geant,12,12.023698872587477,0.49165090684509205,1.6123340346958086,0.43055901743877695,0.533485329351064,0.9267573007228131,0.4324677825118832,0.29555639148102214,2.3008013048130636,16,4,0.8824393115141684,0.02225590689284459,0.046565588858368936,1.0703311244080584,True,0.04893991648832756,0.013502095720976649,True,0.15,67.57270800881088,0.30411878257922415,0.14028939033748827,0.049563812136594186,0.04355096049202568,0.8314350104577007,0.8657197453743071,0.6682455422104354,0.585967045379935,0.6682455422104354,0.585967045379935,6,True,True,True
115,20260711,edge_fog,25,27.038719364710524,0.46605524198625337,1.7451280250816472,0.18452662219941238,0.484349037598591,1.448675957833177,1.3094509017409612,0.2960869521553432,1.4650866814141712,5,13,1.1225348293940391,0.027071405882620428,0.046640610782697704,0.7144307493135131,True,0.10306640247166902,0.0,True,0.0,157.32316707726568,0.31269327162935245,0.0,0.03493341835059472,0.02946629779935712,0.8298258302334792,0.8549550500297103,0.6640014765451361,0.5067180780003008,0.6640014765451361,0.5067180780003008,8,True,True,True
116,20260711,fat_tree_k4,26,29.401795186402303,0.4904812555530671,1.743647308765634,0.3871226667692889,0.5180900561902647,1.4605132967699195,1.922169083177346,0.5600786888997594,1.7280630055357027,34,11,0.9117119985039248,0.033330037284132294,0.039204757835618845,1.0869010646198571,False,0.0,0.0,True,1.0,70.03141602035612,0.0,0.0,0.027793668309373284,0.027793668309373284,0.8612342116524133,0.8612342116524133,0.5029579270071554,0.5029579270071554,0.5029579270071554,0.5029579270071554,1,True,True,True
117,20260711,nsfnet,7,7.016840554368958,0.5713535823257962,1.5544190262939865,0.02945251781081679,0.23842481412914676,1.0388481919824555,1.8325057845742647,0.6332083780805537,2.2246788453268045,6,7,1.0231553160274347,0.027882887684388874,0.03645208221143155,1.4773587480068955,True,0.04768654072184377,0.0,True,0.0,180.7919170241803,0.10499932498764596,0.0,0.04781379083943815,0.048807309356519564,0.8908975224907816,0.9172377767192083,0.5560438199525035,0.5034900581528998,0.5560438199525035,0.5034900581528998,8,True,True,True
118,20260711,geant,8,8.902842746795576,0.655917639792625,1.7677806372980596,0.37064011071952846,0.035801161228831105,0.7864546498959419,1.2929938680478035,0.44545162922561155,1.0617372738285054,11,4,1.0707467307717766,0.035127578443316036,0.02747128356624083,1.3572633372993392,True,0.03520178177454155,0.01610902840047889,True,0.1,93.9580419799313,0.11265263945409157,0.04827768681491322,0.05198129273942119,0.054234495940013325,0.8970300654031784,0.8431418369659932,0.572311987045763,0.7751443034691239,0.565045970181323,0.5330392137731705,7,True,True,True
119,20260711,edge_fog,13,13.64113246557261,0.45383208380760953,1.6985650276521729,0.18867975710365306,0.4088466023383892,1.6621152325071216,1.5990143029193704,0.6453065526883215,1.0383713242952142,19,7,0.7820385852377332,0.035162473570253275,0.01653174839047608,1.350192878247766,False,0.0,0.0,True,1.0,18.15145800355822,0.0,0.0,0.036483929115802,0.036483929115802,0.8913514198636846,0.8913514198636846,0.5395004260111212,0.5395004260111212,0.504656854680422,0.504656854680422,1,True,True,True
120,20260711,fat_tree_k4,11,11.501292697969232,0.6082779839169447,1.6840677056696542,0.014088244868994822,0.2690617052945264,1.696175859432259,2.226343332116637,0.460990902909613,1.2223548134003688,13,24,0.8412715708272728,0.03206940996905662,0.044239581549769286,1.16564549732155,False,0.0,0.0,True,1.0,7.30166700668633,0.0,0.0,0.04393698213456649,0.04393698213456649,0.876611976494284,0.876611976494284,0.933566139833152,0.933566139833152,0.6169611350196441,0.6169611350196441,1,True,True,True
121,20260711,nsfnet,8,8.732430952185274,0.5222818165176201,1.6905223046944249,0.43420750659632906,0.23353103559907287,0.9229198731202873,1.9621379738794973,0.21223171831262194,1.913185405533532,5,4,1.0409459970274693,0.022085298971594926,0.037932425564904615,1.4504925170368979,False,0.0,0.0,True,1.0,129.80712507851422,0.0,0.0,0.05080489858828528,0.05080489858828528,0.8712095315633877,0.8712095315633877,0.5762794517637931,0.5762794517637931,0.5011893992074395,0.5011893992074395,1,True,True,True
122,20260711,geant,19,18.183627734970628,0.45854038031687955,1.774904390407342,0.08783856399692276,0.5724608689043243,1.0123161906819038,0.7084903867657939,0.38800638315417724,2.9320106956897187,11,7,1.1270103202234145,0.03708744358564746,0.03294055654825734,0.8046764529222975,True,0.11862811409757261,0.007822829564007767,True,0.3499999999999999,29.89833301398903,0.6495775952230346,0.35000000000000003,0.0598074828664338,0.04086762955465618,0.8666920381458861,0.8739319381043805,0.84847787442795,0.6824011098470811,0.8338994181676953,0.6824011098470811,4,True,True,True
123,20260711,edge_fog,20,21.985708826251663,0.5820627244329,1.7954570095158349,0.38910757474196056,0.12467105633497175,1.3811804905556442,0.6073151838791655,0.5194074539632028,2.639889191623069,9,1,1.2911378220402088,0.034787361324424365,0.025729777486110526,0.9803339711299682,True,0.06972652599778496,0.005314512899605412,True,0.7499999999999999,2.547999960370362,1.0,0.75,0.07731462522730773,0.05980134927868224,0.8668226615112372,0.7985421652407496,1.7287464563291517,1.4001356186174545,1.0,0.8809043127304508,2,True,True,True
124,20260711,fat_tree_k4,8,8.475955161557714,0.7045844775439659,1.7917779197484542,0.2689437326849373,0.304609899063604,1.0615803845702834,1.0742609516912045,0.3004572265460245,2.175724582238338,12,18,0.7822451594744734,0.016325808200509766,0.028161919830251778,1.3959490884226746,True,0.00029722365495083564,0.00029722365495083564,True,1.0,11.863166000694036,0.0007474869394422029,0.0007474869394422029,0.04350466968712616,0.04350466968712616,0.8884765767374828,0.8884765767374828,0.8544689420410724,0.8544689420410724,0.6883439126135587,0.6883439126135587,1,True,True,True
125,20260711,nsfnet,10,12.05741958708887,0.477691266301078,1.775750910801057,0.09688125721114593,0.7341055315021905,0.8136123779627624,0.8052250958929577,0.46252995849914924,2.305939895552157,3,11,0.8794940819373905,0.0350646237770178,0.013033580021025302,1.062145415575018,True,0.08631660168506566,0.012029346569610442,True,0.1,196.55374996364117,0.2958926285261726,0.09999999999999999,0.07186687916389269,0.055804141492802155,0.7691295851238308,0.844477120263698,0.6852129999589335,0.5575926975666922,0.6554832506023115,0.5575926975666922,7,True,True,True
126,20260711,geant,18,20.810946460824837,0.48074234856313464,1.7688021453880183,0.5424580393382473,0.6370881369720149,1.1233401890212218,1.2923062119113624,0.40687731696437657,1.219328768981285,5,1,1.0861414446889253,0.025624780107283786,0.01329824547877071,1.2289232379168116,True,1.0905061611295162e-07,1.0905061611295162e-07,True,1.0,63.76466597430408,0.0,0.0,0.03655393510822302,0.03655393510822302,0.8451242210634342,0.8451242210634342,0.5034992296694609,0.5034992296694609,0.5006418808725702,0.5006418808725702,1,True,True,True
127,20260711,edge_fog,6,7.1604363975754275,0.5029255271134343,1.6372073469241373,0.34867614770904914,0.7473642816205267,0.9862802840037257,1.6442816724514953,0.20515319339761076,1.665112153959322,23,21,0.9303228505797356,0.026461047416104694,0.027488681007624256,1.271121191006027,True,9.076481838064877e-08,9.076481838064877e-08,True,1.0,159.1498750494793,0.0,0.0,0.0356907004046876,0.0356907004046876,0.926104172784303,0.926104172784303,0.5013386683510365,0.5013386683510365,0.5013386683510365,0.5013386683510365,1,True,True,True
128,20260711,fat_tree_k4,17,20.97614597808337,0.5426574899016019,1.7825906911661076,0.3681941495074244,0.04655063989813321,0.6866064021230186,1.64622639596343,0.22905396389025134,1.1600421939383936,3,34,0.8243055153724498,0.03781533938770181,0.023510687711316654,1.474198808056552,False,-2.604583409092493e-16,-2.604583409092493e-16,True,1.0,34.488750039599836,0.0,0.0,0.027955381212318168,0.027955381212318168,0.8915753867249664,0.8915753867249664,0.5036855357017542,0.5036855357017542,0.5036855357017542,0.5036855357017542,1,True,True,True
129,20260711,nsfnet,6,7.602647075839034,1.0180193521861718,1.6990962775010567,0.003497519463626536,0.055259368562050076,0.8781666456761997,1.26764613516124,0.19176767868348224,1.8490574160098705,9,5,1.328258762036484,0.03889567615344655,0.012161031483175152,1.2271727804027464,True,0.289788154281501,0.01216447330383476,True,0.25,0.7407909724861383,0.9780383641575222,0.25,0.09145719870337432,0.05705844879746777,0.8344429872776075,0.9246829761157422,0.9930133206691335,0.7151123114106619,0.9930133206691335,0.6270697092067692,5,True,True,True
130,20260711,geant,9,12.291150165477962,0.9672146695952701,1.7205294174626595,0.33875732196115615,0.41319735066088414,1.2691438183203552,0.373113533373447,0.6150870179255535,2.2664961204881156,8,7,0.9485894686695037,0.02666605455845785,0.032456004543700886,1.4095634106926023,True,0.0781685055955885,0.009883420153069969,True,0.5,9.073040913790464,0.7461045178940966,0.5,0.061492259421909834,0.044920244025888546,0.8998363618943254,0.8884132455126992,0.8850465808781287,0.7608424708997026,0.8850465808781287,0.7608424708997026,3,True,True,True
131,20260711,edge_fog,13,15.72037397320191,0.47133875837424827,1.6669240567220245,0.016619559969961808,0.21878194627826614,0.7366266367299736,1.1413328814361023,0.41294393473592117,2.7473491066328055,19,23,0.9235073411775456,0.022319013434787427,0.04641814333385994,1.0921385790437432,True,0.132082395642614,0.0,True,0.0,518.8738749129698,0.3758710620643081,0.0,0.04083936616487024,0.033291725148089896,0.8343547116099949,0.8928485913468622,0.7219391942849609,0.5315999756189215,0.6892515322324421,0.5018363171090976,8,True,True,True
132,20260711,fat_tree_k4,19,22.844952538036203,0.53225310631866,1.7605957498930143,0.0213363078870837,0.431070121619242,1.263724103432504,1.8098199180810477,0.3681674692934995,2.7572203104657276,23,13,1.1695913766718455,0.01762560153720909,0.014249522426154727,1.366928060903037,True,0.08963544286722694,0.0,True,0.0,226.95300006307662,0.2086090405918106,0.0,0.034037995033474405,0.028769614739363254,0.8300065038071727,0.8868656844035164,0.6067790756237295,0.5026438443050373,0.6067790756237295,0.5026438443050373,8,True,True,True
133,20260711,nsfnet,6,6.077184501293648,0.6838980357847876,1.4502336785321945,0.06928657383428515,0.16276150639777656,1.2183054607381814,0.256473365809081,0.24434446018446623,2.083785449604044,0,2,1.272609505862139,0.022272731901298467,0.02572541602483692,1.107300894387191,False,-0.47992285722027367,-0.47992285722027367,True,1.0,0.17866597045212984,1.0,1.0,0.1013976513899463,0.1013976513899463,0.9070447210965111,0.9070447210965111,1.0000000000000002,1.0000000000000002,1.0000000000000002,1.0000000000000002,1,True,True,True
134,20260711,geant,5,3.9275840649090927,0.5062198896209286,1.18514260297298,0.15315883867853447,0.5552270750272623,1.1947043180835477,0.9778243589787032,0.4387357588988582,1.1778319438509295,20,19,0.938510057326709,0.029241576229454176,0.016184060249152643,1.3559737018533427,True,0.10079750636012215,0.0,True,0.0,242.94441705569625,0.30958481384784614,0.0,0.06117196559453496,0.06425675518118676,0.8860827093821618,0.9118921654708471,0.6633032463869296,0.5412118916198493,0.6633032463869296,0.5079652900485844,8,True,True,True
135,20260711,edge_fog,13,16.631188425372745,0.7021050357183121,1.7919466384506146,0.31347286445674394,0.27223487524391965,0.903802433123722,0.8802255590291057,0.16232195313961661,2.2909709688290376,10,20,1.029195379123287,0.029861320871881293,0.042410774137945785,1.210745298785623,True,0.10391094007914231,0.014947165294921605,True,0.1,137.64770806301385,0.3855816888470087,0.10000000000000002,0.038504316249491154,0.03314634021972712,0.866100886731763,0.8891633619486874,0.69505683202802,0.6083689601259759,0.69505683202802,0.5502068315552051,7,True,True,True
136,20260711,fat_tree_k4,4,2.9406304151931204,0.4778421265182558,1.1847213814468585,0.3506924156667876,0.23460606441909745,1.475802427825717,0.4838538564612145,0.2919009808705728,1.6840753164081192,24,6,0.9787682270704051,0.02684922255465469,0.04378351386552527,1.4616361552357235,True,0.1713866183248581,0.0018381074031693367,True,0.35,36.16762498859316,0.9143982354838719,0.35,0.10373995934217356,0.06625803147081925,0.7813819692897007,0.8639370554767148,1.8292837120540295,0.9594864953499125,0.9704063323801599,0.7381279558417799,4,True,True,True
137,20260711,nsfnet,14,16.126984408988058,0.5726433559040769,1.708134575037563,0.5465613728561112,0.32532519659004927,1.2315140089014416,0.6120007349960226,0.4917518319636358,2.5453710995799623,3,2,1.1234451169439137,0.031418872542625834,0.027865688093112365,1.3226156695397848,True,0.08752500857854405,0.011825694945996109,True,0.15,12.56837509572506,0.47574988716945593,0.15,0.0653636999801302,0.048184912914225386,0.8752380283512721,0.8954000667677167,0.7381241085051952,0.5833941101298684,0.7381241085051952,0.5833941101298684,6,True,True,True
138,20260711,geant,5,5.023509955189473,0.678798561682726,1.35509678567124,0.10966347494947655,0.28267241539378285,0.9142171296037911,1.4602329989511782,0.45340001363768434,1.290686404011313,4,20,1.2034456890913652,0.015865154062100158,0.04598910138478064,1.3244541900731919,True,0.1337597710094991,0.0,True,0.0,205.49141603987664,0.36751440524657525,0.0,0.06449724607423836,0.06390174539831568,0.8299679015899029,0.893397984893849,0.872943936621078,0.913561635633957,0.685101889563109,0.5243429972231826,8,True,True,True
139,20260711,edge_fog,17,17.58804244859036,0.461689681057156,1.7879268484120965,0.2827401569021738,0.25070886300678696,0.7667884373314348,1.7623127509637464,0.250925527840407,1.3215800703090015,7,8,1.1144455017780739,0.031472137901556785,0.040970052401551674,0.8199796601803352,True,0.011408715028208843,0.011408715028208843,True,1.0,271.8365000328049,0.028156631107252663,0.028156631107252663,0.03431153026037489,0.03431153026037489,0.8607681553629635,0.8607681553629635,0.6392516737292369,0.6392516737292369,0.51459038171408,0.51459038171408,1,True,True,True
140,20260711,fat_tree_k4,20,23.882821796809793,0.4569060894108935,1.7506912857095855,0.5378510694005982,0.051087866066077695,1.611727695676167,2.000977880572173,0.2969876636475331,2.6581507415466983,35,19,0.8027085423631055,0.02366102150529334,0.03715575698281792,1.055152360834627,True,6.746299848246383e-07,6.746299848246383e-07,True,1.0,22.28441694751382,0.0,0.0,0.031172778999290444,0.031172778999290444,0.8462446990615232,0.8462446990615232,0.5316659026379008,0.5316659026379008,0.5014076740231793,0.5014076740231793,1,True,True,True
141,20260711,nsfnet,6,7.402196636510245,0.7918803896090554,1.7408037347491883,0.2816401268690738,0.33560462639947536,0.988786239780037,1.9511909723550305,0.2656991668177945,2.5318382688303975,13,11,1.2453880211269182,0.037572069484755735,0.027027196720556233,0.8735372974865874,True,6.345207509433008e-05,6.345207509433008e-05,True,1.0,92.66633295919746,0.0001481181082891044,0.0001481181082891044,0.06552106534639748,0.06552106534639748,0.8310919251631961,0.8310919251631961,0.5084702259790316,0.5084702259790316,0.5084702259790316,0.5084702259790316,1,True,True,True
142,20260711,geant,15,17.757196554974005,0.595392304004547,1.7867382179103029,0.16160075349536762,0.6641978228536335,1.7043685530783774,1.335537788728964,0.11071569332050758,2.0250131460659455,19,19,1.235899523821755,0.03321527363112191,0.03912408196118738,0.9682869008235898,True,0.1152915487722256,0.01818875472604781,True,0.1,173.2735000550747,0.3840601008842197,0.1,0.04460186127554478,0.037249250701363604,0.853025309420227,0.895893608193238,0.6924553048339663,0.6260153361997364,0.6924553048339663,0.5504586662678982,7,True,True,True
143,20260711,edge_fog,9,11.047866209059459,0.52245251370273,1.7197729498474081,0.20291902229693456,0.21358474245841685,1.4177667714570934,0.9767201832559547,0.531546371574002,2.5850983298854677,22,21,1.2821929010476807,0.019109383329992465,0.020223513138410552,1.3034620721830554,True,0.2309790890172355,0.008499326228968715,True,0.25,53.09608404058963,0.87769426690225,0.25,0.07133560523530781,0.037856916448776534,0.7888723574275631,0.9140812099918936,1.698271014788443,0.6396654193361024,0.9437242120259126,0.6275301518089113,5,True,True,True
144,20260711,fat_tree_k4,5,6.433718687934223,0.4830310581996199,1.7550869061253256,0.07387428181063484,0.4239718584654177,1.5404984541582953,0.7183938955969871,0.4405389944892878,2.310918993020925,2,5,0.8996165429017091,0.027818870396627827,0.013161278741562777,1.087126153695711,True,0.19579503845233254,0.00822649279153567,True,0.25,138.19854194298387,0.732873690876183,0.25,0.08951631677926647,0.05972163838247238,0.7716536247416665,0.8824180245038198,1.1879749433379405,0.8355544198824028,0.8829507996118358,0.7604763691268583,5,True,True,True
145,20260711,nsfnet,11,11.50345184324543,0.5853791588511784,1.6690922643659671,0.022953555726404815,0.4943273863021657,0.7691333242358914,0.6649561983564505,0.2488612408447154,1.2414772715620646,5,7,1.0018385918297126,0.01825141471711071,0.03582162652962456,1.1563225190264275,True,0.15354956503260422,0.004912913094221402,True,0.35,35.124790971167386,0.6654268123767966,0.35,0.07132990546011642,0.052482823275091,0.7704799414063526,0.8693678832231091,0.8334334502719171,0.6786489680416832,0.8334334502719171,0.6786489680416832,4,True,True,True
146,20260711,geant,6,5.095611076796575,0.6003296534248921,1.373858320735213,0.545554944775861,0.400020571797417,1.395448811158387,0.6535993234975179,0.1722096713644195,1.0246564667019769,0,20,0.7524983535608569,0.0314415602140417,0.021451314736116427,1.2317072688658588,False,0.0,0.0,True,1.0,73.60362494364381,0.0,0.0,0.05566775839473893,0.05566775839473893,0.8925151852740199,0.8925151852740199,0.7787728585243446,0.7787728585243446,0.5113376237523467,0.5113376237523467,1,True,True,True
147,20260711,edge_fog,11,12.333793378603895,0.5659558882907058,1.7839555100097255,0.445451770295605,0.20528806246068576,0.6554489669460442,1.7441195818864885,0.5943357028372426,2.2204493451555107,0,9,1.3145594317370406,0.029560393099050508,0.008783879526116598,0.8833543507816799,True,0.017585793941469134,0.017585793941469134,True,1.0,39.97637506108731,0.045267180705753064,0.045267180705753064,0.03267524739234986,0.03267524739234986,0.8901606418390599,0.8901606418390599,0.5244235552168912,0.5244235552168912,0.5244235552168912,0.5244235552168912,1,True,True,True
148,20260711,fat_tree_k4,5,6.145822148390163,0.9783982200519148,1.5423739932809861,0.22734059281386618,0.42285344565097926,0.7864730354750843,0.9324415913201194,0.2062214586706236,1.7530856537657522,13,1,1.1846575230462957,0.03447374482893335,0.01599743776354068,1.0235153748337664,True,0.13143761372798277,0.011558553122560208,True,0.15,135.84958296269178,0.4838438375806972,0.15,0.061268603635035494,0.051648609906387366,0.8841283277213832,0.9113388864910695,0.9676876751613944,0.705070924725032,0.7420633258397705,0.5837881768724449,6,True,True,True
149,20260711,nsfnet,14,17.010428804398124,0.5585829531017485,1.7930090469093798,0.4931499140547267,0.5183340476948262,1.599786453768755,1.6522324684976282,0.3957878602260074,1.8956191277303636,3,10,1.1217982678299017,0.02890641745967832,0.031027140200765246,0.9723790663644178,True,5.233974827752009e-08,5.233974827752009e-08,True,1.0,54.79537497740239,0.0,0.0,0.05059948346653413,0.05059948346653413,0.8458836531199719,0.8458836531199719,0.5297571363923513,0.5297571363923513,0.5015995873994752,0.5015995873994752,1,True,True,True
150,20260711,geant,8,10.176194811182121,0.5863861437299275,1.6798687903100316,0.018879990913535195,0.29578928570347934,1.5754923862981163,2.0332572625213574,0.3213501867999702,2.0712691824933445,6,19,1.278747250443761,0.01601556578199193,0.049358384756808114,1.0382080869442682,True,0.09075750699752419,0.0,True,0.0,202.20766693819314,0.21395605078178323,0.0,0.05204176368910914,0.044548648421126075,0.8299783532574985,0.8718511670266229,0.6090788902854765,0.5086360967254683,0.6090788902854765,0.5086360967254683,8,True,True,True
151,20260711,edge_fog,6,6.918181711455685,0.6654073738614794,1.7114924209377964,0.5315534166606734,0.09177893836585904,1.1013700991027064,0.6653528015744383,0.23122881984737112,1.8255550363597806,1,8,1.0806195432605763,0.025842324672312723,0.021640768950671102,0.8980858200772878,True,0.1175954846735751,0.016041247298223094,True,0.15,112.90637508500367,0.5497705602268556,0.15,0.04570523092990604,0.03794275137336293,0.8736084220983111,0.9144467174789597,0.7801034277913685,0.6179288437824489,0.7801034277913685,0.5750936225026384,6,True,True,True
152,20260711,fat_tree_k4,11,12.407548115751865,0.5525458559537784,1.7810341638088865,0.5387814983323318,0.4359053153639727,0.8365189931738748,1.3110413423893263,0.6159927098839548,1.4500598282747181,9,33,0.7573487527073662,0.024341396291280903,0.013725606985579567,0.95367777571293,False,0.0,0.0,True,1.0,71.39424991328269,0.0,0.0,0.03629413685220013,0.03629413685220013,0.8693024474866716,0.8693024474866716,0.5734678224822739,0.5734678224822739,0.5046534668397402,0.5046534668397402,1,True,True,True
153,20260711,nsfnet,11,10.005444567227606,0.4747927849352845,1.4853157775528405,0.2430336318271821,0.2447242125578598,0.7855248173455842,1.2175243952461943,0.5395902688148498,1.1651207017258582,1,9,1.2700281934004118,0.03973779524714516,0.04980825604521703,1.0814868233067187,True,0.1328469962314095,0.014424260853942588,True,0.09999999999999999,116.86299997381866,0.4464949226603638,0.09998036398861596,0.06734729679639034,0.04627713079509769,0.8297136232217222,0.8823742504900304,0.7292300810143726,0.5550367779185077,0.7292300810143726,0.5550367779185077,7,True,True,True
154,20260711,geant,7,8.563510215147026,0.46462879173476684,1.6710621090882476,0.12573623769407657,0.20178127495954323,0.9249584044307336,0.9393284104291448,0.5341593095001232,1.6721237709295858,2,18,0.9524211629711931,0.018329984030469298,0.017396162259973872,0.8245302338754906,True,0.1531410093045409,0.018984649340375484,True,0.15,53.194583975709975,0.5334497389663649,0.15,0.07049668314533747,0.05156554550537238,0.7823660536739326,0.8684216066167924,0.8816107508530164,0.8102484210636438,0.7755955735199677,0.576292389127427,6,True,True,True
155,20260711,edge_fog,20,21.72760682509911,0.48393628497351765,1.7926576119574869,0.17857929287771962,0.5193584618576923,1.254067628973404,1.2886491767012906,0.22380081999693877,1.4968214139432003,4,5,1.0618895015593441,0.02352889143502031,0.018119412517452645,1.1072924164184674,True,0.08932940476729463,0.0,True,0.0,111.7085829610005,0.24823636321565548,0.0,0.03597941569856121,0.03486941812688478,0.8408476464870513,0.8917060624186909,0.6245656374633275,0.6286757950942072,0.6245656374633275,0.5022850626630716,8,True,True,True
156,20260711,fat_tree_k4,16,19.41488510898161,0.7471027152086702,1.755203564213839,0.5318460293424063,0.38146391917341893,1.180769269544987,0.40647879033860734,0.24015207693178633,1.3751353661593246,13,25,1.0246274950983492,0.020269577657337827,0.02964059331177469,1.3137020031962807,True,0.08105080586804692,0.007647542468880356,True,0.25,38.91883394680917,0.5526665299506369,0.25,0.04910421626158847,0.03773900036459283,0.8077554229407838,0.8347178193150114,0.7763644979480548,0.7006315072344267,0.7763644979480548,0.6267596486750919,5,True,True,True
157,20260711,nsfnet,7,7.936012151536639,0.5506027731260472,1.783591907097857,0.26899892390981445,0.4823925807993459,0.9288734281745574,0.43078753285331706,0.10130367293590717,2.0132561479381565,11,6,0.873554748406437,0.038966944280318175,0.03184317011538758,1.3233985369328658,True,0.070574217801407,0.0034173894475198877,True,0.25,40.8677909290418,0.5019472876943069,0.25,0.06433343461073175,0.05602759177481214,0.9147619044088521,0.8921080080832557,0.7574755851638619,0.7425786488812045,0.7574755851638619,0.6448766033841842,5,True,True,True
158,20260711,geant,19,22.179493550240526,0.5521392488112762,1.720737121018361,0.2032954436584405,0.32064958066119065,0.8359105635049136,1.951850267608045,0.3345715298485147,2.685212807843657,21,19,0.9439438953402137,0.02585426903236645,0.029379741853254055,0.7686728808741436,False,-1.7003964549994899e-06,-1.7003964549994899e-06,True,1.0,32.29995898436755,0.0,0.0,0.03492340408911834,0.03492340408911834,0.8497362218728927,0.8497362218728927,0.505719492303579,0.505719492303579,0.5009424638214073,0.5009424638214073,1,True,True,True
159,20260711,edge_fog,15,16.236797406511922,0.46468391099648826,1.4731554352257028,0.40586643721105964,0.6132519963576295,0.7219698894047196,1.365038579771804,0.1058381414621783,2.88647006488101,4,16,1.3082654797101116,0.03817264219483535,0.019392938700240007,0.833971110632389,True,0.05504316504639539,0.0,True,0.0,269.31791694369167,0.16663320502219067,0.0,0.039452989458386406,0.03662678847399843,0.8604314976045327,0.86844756158302,0.5849070958045237,0.5323790895846031,0.5849070958045237,0.5011315867042608,8,True,True,True
160,20260711,fat_tree_k4,15,18.123971749573172,0.6865223764077617,1.6606921808233044,0.45719155399472877,0.03306953046831658,1.698659202187201,0.4630470310804762,0.529394954104878,1.8897296500129475,23,18,1.1322600617814453,0.015629319454361836,0.03804708426641698,1.4936858707323064,True,0.0395905708977238,-0.006990487818452118,True,0.7499999999999999,2.5612079771235585,1.0,0.75,0.09012255780670332,0.06930505737921533,0.7974315361450262,0.7849923732313291,1.9179087125957868,1.4589543562978933,1.0,0.8782021002036831,2,True,True,True
161,20260711,nsfnet,4,5.255016609053934,0.6869454812890883,1.73244245813934,0.06612429953233727,0.10484064751816012,1.350294017329107,1.5977712829447415,0.19000178562592168,2.067493872060623,3,4,0.8861465897022534,0.026240960620179915,0.021683692952016408,1.009929682513174,True,0.032511615046471105,0.0,True,0.0,87.28579198941588,0.07221288928649752,0.0,0.06832778089356033,0.06954380173856554,0.8500821180399135,0.873683027647409,0.7340894232408673,0.8639087890148204,0.651143416793204,0.6728208690584373,8,True,True,True
162,20260711,geant,9,9.483757231928479,0.6597031331959545,1.7288864386429434,0.4175540159412376,0.16158778246774275,1.1973109987293649,1.076980383322034,0.23859710872172762,1.5444652021699663,12,13,0.7898548566059607,0.022556872930873856,0.0087208355218607,0.9451123933020509,False,0.0,0.0,True,1.0,52.81420797109604,0.0,0.0,0.04271567556537137,0.04271567556537137,0.8618176436177474,0.8618176436177474,0.6068549558734839,0.6068549558734839,0.5040927906099845,0.5040927906099845,1,True,True,True
163,20260711,edge_fog,15,15.838152869014333,0.5852767839535592,1.7579284121872891,0.548305009493659,0.3806711560672426,1.4867374216893545,2.139675412626446,0.12822313631326632,1.103568982958548,20,11,1.3287044673317505,0.02278146139282044,0.02429695581932047,1.193590117681391,False,0.0,0.0,True,1.0,32.842749962583184,0.0,0.0,0.03484415879779293,0.03484415879779293,0.8817867628959368,0.8817867628959368,0.5015174465575523,0.5015174465575523,0.5015174465575523,0.5015174465575523,1,True,True,True
164,20260711,fat_tree_k4,19,21.391286248461157,0.520644958294403,1.7980806567433167,0.04762796165530909,0.2570433986832133,1.5243728518893744,0.38082261106583304,0.6059827240647242,1.344886987492644,32,33,0.7920396034457917,0.027568687991758163,0.027627134885108224,0.752178743883804,True,0.02854184815386242,-0.050219385211419554,True,0.7499999999999999,2.5312500074505806,1.0,0.75,0.08349262214958339,0.0624729851983705,0.790733051098082,0.7653109698783724,1.973285938571074,1.4866429692855374,0.9999999999999999,0.880410364839781,2,True,True,True
165,20260711,nsfnet,5,5.346903648617827,0.5812463469916358,1.5832660051761265,0.13611997432335035,0.4182377332982089,0.8770889026001438,0.9570167843981228,0.2904975820611224,1.9092832569051215,11,1,0.9166409371541356,0.022617922978916065,0.035131346646512955,0.8184292716495822,True,0.10748153888547524,0.017749191874760366,True,0.09999999999999999,710.3492909809574,0.33182672050452433,0.09992632631530632,0.05838803138962628,0.054747422266292194,0.8777388212913856,0.8848496201303412,0.6766485235833817,0.5603794339731285,0.6766485235833817,0.5603794339731285,7,True,True,True
166,20260711,geant,18,18.895318229698248,0.5166524303573821,1.7950351326760938,0.04070303931467888,0.48697502603423976,1.573884623500715,1.1430219034073519,0.11478462125893084,1.8663931079079754,9,18,0.758480426153668,0.018252328885588604,0.01892152054862141,1.3121975736988674,True,0.07465580881877992,0.0,True,0.0,69.50624997261912,0.18572983687408098,0.0,0.03965354853516715,0.03725197564798478,0.8972718827829193,0.8941360023068646,0.5959948920676913,0.5600792963964155,0.5959948920676913,0.5009602577198933,8,True,True,True
167,20260711,edge_fog,18,21.139299754508716,0.5896338272506322,1.6303672109489753,0.5229043579121981,0.4210762102782283,0.8019854997721158,1.4537387953345382,0.46105527747349284,2.366642856712332,18,2,1.1783753206855057,0.017413026935901472,0.03555660541675042,0.9240179256963456,True,1.036828566403926e-05,1.036828566403926e-05,True,1.0,25.28141695074737,0.0,0.0,0.03343484922920403,0.03343484922920403,0.8870763893508005,0.8870763893508005,0.6691131785588459,0.6691131785588459,0.5016841694312901,0.5016841694312901,1,True,True,True
168,20260711,fat_tree_k4,24,27.13610319100682,0.47220602519340776,1.7663234947677549,0.45759300780643836,0.6265753063541144,1.6574994095804394,1.4484278419787775,0.322645273960961,1.4377904553107583,28,29,1.0167284764522528,0.02117621465962948,0.024149499539730772,0.804987734950999,False,0.0,0.0,True,1.0,34.832790959626436,0.0,0.0,0.0280122366637851,0.0280122366637851,0.877767435712559,0.877767435712559,0.5041215720341237,0.5041215720341237,0.5041215720341237,0.5041215720341237,1,True,True,True
169,20260711,nsfnet,4,5.08927220734089,0.9818708013443429,1.6024978072337284,0.035877512808153565,0.2561999518055913,1.4122783538128472,1.0678287930794952,0.3981505282974711,1.8673596548455662,0,12,0.9114986848188514,0.03524236239475744,0.04907413698645795,1.4589951073258203,True,0.15472767384174185,0.016669880532916487,True,0.1,81.07162499800324,0.46907532874457475,0.09999999999999999,0.0820345866534346,0.07861387741432818,0.8181525838208967,0.9031434689488889,0.7404133728414848,0.8197766145721492,0.7404133728414848,0.5887483211067277,7,True,True,True
170,20260711,geant,9,9.675767928080287,0.5506546062862419,1.7659579887222874,0.004844093311372011,0.3219300350803631,1.6229524988182569,0.9237253623189552,0.6412901349485879,1.2505399375425155,20,10,1.3068270261247494,0.025829243967696883,0.016950086652952546,1.3679950058751464,True,0.15828423786915236,-0.012171369303274985,True,0.5,1.5711670275777578,1.0,0.5,0.0748907060981988,0.04808981607194336,0.8864864485150227,0.8859063165390431,1.0000000000000002,0.7554128642602687,1.0000000000000002,0.7554128642602687,3,True,True,True
171,20260711,edge_fog,18,18.49525544048798,0.461803023462265,1.5651208199135387,0.02441194307400252,0.3824086112919786,0.7170994242275197,1.8998244366047157,0.22737705046734566,2.2708698966243714,17,14,1.0173662661221212,0.019765184210027157,0.043488197274236015,0.9653958395775188,True,0.02701616103107453,0.01772788069659508,True,0.15,474.2594590643421,0.058940719348479324,0.039471996488151986,0.0342164158549285,0.03415031403280943,0.8475286110492036,0.8568141361036641,0.5295081464890212,0.5203428262769383,0.5295081464890212,0.5203428262769383,6,True,True,True
172,20260711,fat_tree_k4,28,34.558984985570696,0.6440194239232697,1.7899589883298768,0.5437660618758864,0.17753241219079965,0.694349678659526,1.3745742407397403,0.6234717500221773,1.8215716828044315,2,21,0.9881486278091367,0.03668810094543484,0.017683999633390637,0.7839763948372435,False,0.0,0.0,True,1.0,81.64949994534254,0.0,0.0,0.028795690916643003,0.028795690916643003,0.8599550680526805,0.8599550680526805,0.6199583851011665,0.6199583851011665,0.5242661384730317,0.5242661384730317,1,True,True,True
173,20260711,nsfnet,12,12.916811311313614,0.6384034803832535,1.7751281001431896,0.4393103865264126,0.44291075562351406,0.7445469117914749,1.325466440203322,0.3931053130848008,1.508876073779957,13,9,0.9269216578729075,0.03860299748681131,0.025826107676545126,1.4428038978388555,True,8.513994377218441e-06,8.513994377218441e-06,True,1.0,74.33654100168496,2.24482922391686e-05,2.24482922391686e-05,0.045636041508680524,0.045636041508680524,0.8590320717713497,0.8590320717713497,0.5044063276521016,0.5044063276521016,0.5044063276521016,0.5044063276521016,1,True,True,True
174,20260711,geant,14,16.389305532678033,0.45111969496808285,1.7992926702764251,0.1890283920286676,0.13132775252566498,0.8584921044238365,0.9768676866246644,0.33339146319055996,1.9613088106407648,20,15,0.7755449530756114,0.03496207822275517,0.04362554241318159,0.9033560722576668,True,0.06785603920416988,0.0,True,0.0,234.48674997780472,0.20031965892087902,0.0,0.04424567245998604,0.038458364818824656,0.8959249241917167,0.8662873012231143,0.6043596035716159,0.5348605591278278,0.6043596035716159,0.5348605591278278,8,True,True,True
175,20260711,edge_fog,11,10.683308049472593,0.5297152406489811,1.6968199458058417,0.28278647097752013,0.5369060950956879,1.6472322085734805,1.283015093037265,0.5228023464953918,2.5510468461725746,16,13,1.3048793849053417,0.016367081174614266,0.04448344267963281,1.1495462129881657,True,0.11781135051496879,0.017892382674083683,True,0.09999999999999999,158.62437500618398,0.3889945430322273,0.10000000000000002,0.04738095228780618,0.03402767767984416,0.8663962529296403,0.9049188799576559,0.696768364711625,0.5563357527566548,0.696768364711625,0.5563357527566548,7,True,True,True
176,20260711,fat_tree_k4,16,19.827071863426305,0.6326175789902371,1.7985037627841463,0.3947185189390929,0.4699866524793893,1.1817841583706188,1.5441698555398808,0.3075182149063569,2.4583122746845607,28,23,1.0687130961145108,0.016928774392331,0.03772709654660422,1.1990538873858343,False,0.0,0.0,True,1.0,13.678499963134527,0.0,0.0,0.033272760311200675,0.033272760311200675,0.8803533710094558,0.8803533710094558,0.7396705209908236,0.7396705209908236,0.5032836334348365,0.5032836334348365,1,True,True,True
177,20260711,nsfnet,7,8.58350908928305,0.5044655412901718,1.7667436086208939,0.10975915589688873,0.6310752868650067,0.6742998056396894,0.3696573148816742,0.18600525988000105,1.1978188328656867,2,7,0.7634363430179839,0.024976740719717887,0.011005245315002715,1.1768663397986234,True,0.07515494540880065,-0.0034689414145758464,True,0.25,33.900707960128784,0.42831514127219394,0.25,0.06752405756372075,0.05351333588405143,0.8898035083588065,0.9309162408836757,0.7324369571069923,0.6385260410080089,0.7324369571069923,0.6385260410080089,5,True,True,True
178,20260711,geant,14,16.075129056631724,0.5347377013422571,1.7915999774791485,0.48546251254672695,0.10856162672255337,0.8625109408365821,0.7826156142407856,0.591288834875727,1.1435698456057433,19,20,0.817542994494878,0.02076296474786235,0.017899295937801013,1.406808001626002,True,0.008062069505609523,0.008062069505609523,True,1.0,101.7779998946935,0.02739308735831194,0.02739308735831194,0.036239387170295935,0.036239387170295935,0.873350327333502,0.873350327333502,0.5187464498351243,0.5187464498351243,0.5187464498351243,0.5187464498351243,1,True,True,True
179,20260711,edge_fog,15,14.835551132176882,0.46750685489129845,1.760302241607181,0.5392704875875887,0.7257569496366528,1.4319475033892552,1.3126680623759035,0.5676591208664572,2.4614710560327606,10,23,1.072309248886144,0.016060607996559582,0.03232131775615327,0.8685285719309959,True,3.590019610953828e-05,3.590019610953828e-05,True,1.0,647.8193340590224,9.393164484840288e-05,9.393164484840288e-05,0.03449992551891318,0.03449992551891318,0.8733152255712644,0.8733152255712644,0.5910495389593758,0.5910495389593758,0.5015445934429833,0.5015445934429833,1,True,True,True
180,20260711,fat_tree_k4,27,30.193408960572853,0.4663277267377104,1.7439827695032173,0.10629180996348202,0.4260261036095187,0.875453477814831,1.7777366491319782,0.5012762949681234,1.3526102544465224,24,3,1.0473780494307163,0.02312839401519634,0.010581382138319982,1.0715723152841936,True,0.024174498781906435,0.019204826951384736,True,0.09999999999999999,492.0535000273958,0.05418932065497483,0.04319855691837484,0.02912125467152426,0.02964206604993215,0.826896764095469,0.8509097034665387,0.5284141827282873,0.5228903046601653,0.5284141827282873,0.5228903046601653,7,True,True,True
181,20260711,nsfnet,14,16.95585664238134,0.6171043303783083,1.7123358546283198,0.48500289603467184,0.5138085630975572,0.6897682099909628,0.5172757552583507,0.6066490100267187,1.5729129947153873,4,4,1.20766907930635,0.030320082282111117,0.04343054883929069,1.0430288506424923,True,0.06948242056079991,0.006948619056510204,True,0.25,44.18141592759639,0.4657918912134718,0.25,0.06474182357727092,0.05192167435597761,0.8562945643301569,0.8646515120745275,0.7495346455725468,0.6480274542244854,0.7495346455725468,0.6480274542244854,5,True,True,True
182,20260711,geant,20,24.679954072049732,0.500061676124317,1.670466780112354,0.5092600436955717,0.3864791042300025,1.5416117343367137,2.212966457101304,0.5864353322860408,2.0364205041190013,13,15,0.7940544269747867,0.02062601342440085,0.03833433583729989,1.4678636402171317,False,0.0,0.0,True,1.0,15.44462505262345,0.0,0.0,0.03760916467128238,0.03760916467128238,0.864430052867813,0.864430052867813,0.501151490399891,0.501151490399891,0.501151490399891,0.501151490399891,1,True,True,True
183,20260711,edge_fog,25,29.909980319880436,0.4557279451865318,1.6693617748334697,0.4695608569936328,0.233955879122003,1.6534556327584902,1.768675451010467,0.1563853317512054,2.964466525768249,9,5,1.269255151868184,0.03653066373771849,0.04740083815901027,1.3863365013370887,False,0.0,0.0,True,1.0,4.66591608710587,0.0,0.0,0.031689167676724105,0.031689167676724105,0.8912339022318487,0.8912339022318487,0.5012245602103103,0.5012245602103103,0.5012245602103103,0.5012245602103103,1,True,True,True
184,20260711,fat_tree_k4,21,20.543751221517272,0.462513860854996,1.7497670880555034,0.50514714929659,0.40307156081851203,0.7691495809254452,1.4736586583770215,0.2171356312587016,2.3816041279685045,25,14,1.1865671172282988,0.03267615907381387,0.00930296663155988,1.1855656498757685,True,0.0009151085011637487,0.0009151085011637487,True,1.0,15.210374956950545,0.0024620290809266375,0.0024620290809266375,0.031073689314142644,0.031073689314142644,0.8888678455682208,0.8888678455682208,0.5703233285945732,0.5703233285945732,0.5051702633415777,0.5051702633415777,1,True,True,True
185,20260711,nsfnet,11,11.350464579722695,0.6170818367065782,1.5876027844252283,0.5482153558885654,0.2734638150525071,0.9964534503415703,0.5129456570487445,0.43410748182432535,1.2963919331726903,5,11,0.82567242083968,0.026791851171259533,0.03030499561583379,1.0604195093331652,True,0.030393105008350317,0.018966432601743268,True,0.5,18.39491701684892,0.1440604867565385,0.10102710741565261,0.057206539469162064,0.05470583230240437,0.8747551048663537,0.9158259390561324,0.5835209623967473,0.5622106992388388,0.5835209623967473,0.5622106992388388,3,True,True,True
186,20260711,geant,16,18.7774341532112,0.5200294182815127,1.736368878110562,0.5448657563963479,0.24960058821318132,1.3782343957745566,1.9917346364703987,0.3213465681297735,1.288238334697413,2,12,1.0363923097008207,0.03018268506966204,0.04255430195118456,1.4391050566989878,True,3.6215986359436155e-06,3.6215986359436155e-06,True,1.0,174.08845806494355,0.0,0.0,0.03636834217854947,0.03636834217854947,0.8650243993744603,0.8650243993744603,0.5765044053785211,0.5765044053785211,0.5763965365694499,0.5763965365694499,1,True,True,True
187,20260711,edge_fog,4,4.778670109219437,0.6547851603984443,1.5862772495151178,0.0888880361840658,0.4220602405066988,1.7588500237010165,0.9981211522048967,0.344413207559741,1.3204213920250063,3,0,1.3322687749333615,0.03286940021308617,0.018161658231357878,1.3764779100454982,True,0.2488235736697948,-0.0016652145099804755,True,0.35,0.5120409186929464,0.9963780074313093,0.3499999999999999,0.07082555675451623,0.04387117498768285,0.8950586545344423,0.9388443992320874,1.0,0.6766819503072838,1.0,0.6766819503072838,4,True,True,True
188,20260711,fat_tree_k4,11,13.15681556707409,0.55067548153319,1.7536676682550452,0.371646064505254,0.714678030050115,1.3927539475147372,0.8732382455176331,0.6109389535585632,2.2711588536495926,12,33,1.292796437802752,0.03742214034119786,0.03080280342693474,1.0396369108391184,True,0.12446965933071266,0.008606500647459273,True,0.15,25.12420795392245,0.5142622435301059,0.15000000000000002,0.05307725982328826,0.04086548273592486,0.8314132579074787,0.8951710467772653,0.8178420976440803,0.6408336596295132,0.7617106596270894,0.5804701864814883,6,True,True,True
189,20260711,nsfnet,10,11.227963041506431,0.6050513508199163,1.7180790620297537,0.12905451681847818,0.7297812082920957,1.1765242191280274,0.4145516406589762,0.2025983305468701,1.0360721772878714,13,13,1.2956749793559568,0.020347455935254603,0.02364407101340096,1.0812177519647734,True,0.05430356253195846,-0.06117640501434823,True,0.75,0.4942499799653888,1.0,0.7500000000000001,0.0980283048016651,0.0758889654540059,0.8982840615787936,0.8221053399802792,1.0,0.876086208487332,1.0,0.876086208487332,2,True,True,True
190,20260711,geant,14,15.948724345104091,0.6790632120817724,1.6761851444220262,0.07533445501724337,0.024267148223316326,1.1058385301445766,1.5239811520762774,0.16345430710243009,2.2649726200045284,7,4,0.9677852723846433,0.016406978456781542,0.00998565059427636,0.7606420512206072,True,0.08277589201213607,0.0,True,0.0,95.27595806866884,0.19726348201995828,0.0,0.049040815445116355,0.046445675505873536,0.8758415555856494,0.8393320275758499,0.6031005059199835,0.525254177723286,0.6031005059199835,0.5043849402595904,8,True,True,True
191,20260711,edge_fog,20,21.5608368325319,0.5401549526698105,1.7931377583308297,0.2322622099450823,0.4510024342893535,0.7193917269010432,1.5545508899069103,0.11900095375542721,1.3876862429416454,15,15,1.1900505251747469,0.02471972021827257,0.03688731076437575,0.8510960468716151,True,0.05457061644750991,0.0,True,0.0,105.27870804071426,0.14466390516021868,0.0,0.03536666151188685,0.03410339238101536,0.8450586609271163,0.8932182676455662,0.572348088514194,0.5014030019440239,0.572348088514194,0.5014030019440239,8,True,True,True
192,20260711,fat_tree_k4,17,18.72608634875591,0.4791104792487022,1.7045905802671453,0.19938612443874015,0.25218492811305687,1.2156834203262294,0.8395604120061908,0.10529674607356791,1.359090821249485,4,9,1.0815566878710228,0.033855648348003406,0.04089832394616727,1.088944356051775,True,0.19004140974389402,0.016581432636189355,True,0.25,22.45250006671995,0.7353755550447854,0.25,0.05449228563596372,0.0354572531797306,0.7710808142177534,0.8745292550625174,0.9404929557789853,0.7055302456886041,0.8792761774204544,0.6279125195995104,5,True,True,True
193,20260711,nsfnet,12,15.006059709261372,0.5316244307005774,1.7209045898258217,0.4680402016729938,0.7108704341736068,0.8450811441333881,1.9491314001002442,0.2676212771549994,1.368338788481134,13,4,0.975620171749206,0.025137267814418496,0.04533601421600595,1.1390803464739239,False,0.0,0.0,True,1.0,21.502917050383985,0.0,0.0,0.04929434392826242,0.04929434392826242,0.8694835043196012,0.8694835043196012,0.5033751835132351,0.5033751835132351,0.5033751835132351,0.5033751835132351,1,True,True,True
194,20260711,geant,16,16.34822897160164,0.6023948823409969,1.739977475884542,0.14328412173145452,0.5145118074865176,1.067223304685606,0.39784814167661997,0.3144058223061945,1.9074185945336588,5,0,0.9191137145132154,0.018348978962481156,0.013969762941850067,1.279244093478117,True,0.10888728979666709,-0.016074715304467316,True,0.5,9.44250007160008,0.8015363733658408,0.5,0.06740040617937725,0.047528480686797235,0.8341607639596812,0.8390729937623381,0.9150138097688932,0.7654230583535591,0.9150138097688932,0.7654230583535591,3,True,True,True
195,20260711,edge_fog,18,20.286914811423756,0.5355249156646222,1.708804197464905,0.23316991865993736,0.3558080616159805,1.5382683936631416,2.17123302899127,0.3834587061619471,2.104112963565492,1,22,0.7716484184727745,0.01877309721434119,0.022583390079968457,1.1097297287865893,False,0.0,0.0,True,1.0,38.80766697693616,0.0,0.0,0.03508419158092356,0.03508419158092356,0.8750815422594374,0.8750815422594374,0.5712749115749965,0.5712749115749965,0.5025386708050735,0.5025386708050735,1,True,True,True
196,20260711,fat_tree_k4,17,17.320518953684818,0.5405281370091854,1.425454130110787,0.4815407929416611,0.16520758066836252,0.7357666546448304,0.40529890119809475,0.26226722581167483,1.4483841532528754,31,0,0.9320197828335324,0.02886637138662479,0.046566682522931814,1.1286739312899394,True,0.07113012584462618,0.014419456627219353,True,0.25,51.78287497255951,0.5271906171803533,0.25,0.0492853733588527,0.036082341307132525,0.8658343180097328,0.8416107967370365,0.9720826534739293,0.6819759458573537,0.7699912808179151,0.6377706492969792,5,True,True,True
197,20260711,nsfnet,9,9.5002319122733,0.5122090811493563,1.7925326161145192,0.39036657513290446,0.17637337221822333,1.2226368262460512,1.5046310506722476,0.6413725848505821,2.586522568292888,2,8,1.0936421506975629,0.02657543314972185,0.03685547271920947,1.0209569726952052,False,0.0,0.0,True,1.0,25.07212501950562,0.0,0.0,0.052092872106339734,0.052092872106339734,0.8878379506520423,0.8878379506520423,0.5047019048353583,0.5047019048353583,0.5047019048353583,0.5047019048353583,1,True,True,True
198,20260711,geant,17,18.245061171136733,0.559580512037282,1.7499557253683402,0.005911633582680692,0.2563538705725862,1.1124209052661236,1.5603829329400472,0.6137186968213832,2.3300514924441944,1,16,1.2978675171899021,0.01932954712575711,0.015682669956383802,1.1556046017715338,True,0.17946370838287115,0.017254432533642144,True,0.09999999999999999,153.25237496290356,0.50186219474845,0.09999999999999999,0.047751567519190706,0.032768086149819804,0.8673304073488606,0.8881507835760369,0.7547854262567145,0.5534378164987219,0.7547854262567145,0.5534378164987219,7,True,True,True
199,20260711,edge_fog,22,27.609208602107294,0.516400283273183,1.7990217567161353,0.1924640101561007,0.698433465130678,1.0434784945452509,1.965493923260974,0.3774050767467292,2.622417914530761,18,8,1.0652114298059774,0.03149158907123485,0.035740326086390384,1.1248701575813163,False,-6.038847362264287e-07,-6.038847362264287e-07,True,1.0,50.266332924366,0.0,0.0,0.0322578917279062,0.0322578917279062,0.858196883274774,0.858196883274774,0.5010678329762833,0.5010678329762833,0.5010678329762833,0.5010678329762833,1,True,True,True
200,20260711,fat_tree_k4,28,30.923386071792258,0.4659934858848879,1.7246805467997626,0.3748339754694982,0.02368452462793024,1.0335259799764143,1.062302750792173,0.3668215699301798,2.871780973164043,19,9,1.2276800945535986,0.02403347313561876,0.04115438844514752,1.0927799521360129,True,0.16354035912111975,0.012774757682898957,True,0.09999999999999999,141.78679103497416,0.5918090942362592,0.1,0.047549777110273896,0.026798283484586505,0.8209145413880167,0.8741694443614364,0.7992993289272597,0.5518360546041658,0.7992993289272597,0.5518360546041658,7,True,True,True
201,20260711,nsfnet,8,10.276568423839192,0.5903575721162895,1.7674042355145851,0.3767544701823341,0.06205414968739509,1.5708315837388187,1.4686579889002358,0.27170805725118974,1.0171130257023493,1,11,0.9668220113330266,0.024476442786578557,0.04660604609811014,1.271688658368089,False,0.0,0.0,True,1.0,14.463750063441694,0.0,0.0,0.05600290623066317,0.05600290623066317,0.882389538058868,0.882389538058868,0.5077629167917961,0.5077629167917961,0.5077629167917961,0.5077629167917961,1,True,True,True
202,20260711,geant,8,9.255187364408297,0.5175443185436913,1.596357085870591,0.13852972976426509,0.6646878344625272,1.5434820172800967,1.7726766227710042,0.4812390079473574,1.1471335158843579,13,18,0.7859060369403592,0.031042088306739633,0.011378278693516774,1.4246439190371711,False,0.0,0.0,True,1.0,19.021834013983607,0.0,0.0,0.048434878774134174,0.048434878774134174,0.878290148175245,0.878290148175245,0.7754410716501403,0.7754410716501403,0.5077370051797347,0.5077370051797347,1,True,True,True
203,20260711,edge_fog,14,14.553418528384896,0.4834111321483778,1.7842492841662128,0.2584603512296467,0.6572181889901141,1.6428891093697418,1.8318013871641121,0.35229555846135063,2.298943939504119,12,5,0.8149555110503763,0.03848638889634333,0.037778442986201255,1.299572510845913,False,0.0,0.0,True,1.0,123.56249999720603,0.0,0.0,0.03470637459022781,0.03470637459022781,0.8768640566704056,0.8768640566704056,0.5818916110925615,0.5818916110925615,0.5117120392136822,0.5117120392136822,1,True,True,True
204,20260711,fat_tree_k4,13,15.055874399154433,0.5535791661250655,1.6798630299315893,0.168737771470752,0.26455558707347154,1.2897363822470385,1.5779878394012012,0.21806915056540477,1.2045067653932469,20,10,1.3153756005169126,0.032840171147170236,0.03455293346073039,1.0214555372478888,True,0.13213870270580408,0.0,True,0.0,144.15287505835295,0.36543202747019915,0.0,0.04173064375986814,0.030829260154279534,0.8276054906380773,0.8797148442925635,0.6847281052391828,0.5017408440943639,0.6847281052391828,0.5017408440943639,8,True,True,True
205,20260711,nsfnet,12,13.28095835188853,0.47223322043347743,1.747240249774614,0.09657172290313294,0.4938230701753612,1.454381824469769,1.001451763217629,0.10398998330560054,1.034959678132001,3,12,1.2335544292922016,0.022777195584253507,0.04104937871250571,1.3477744604650104,True,0.19164308310022046,0.009225891712252014,True,0.25,146.97024994529784,0.733244543113515,0.25,0.08233434002019706,0.05356346431840546,0.7331739863872712,0.8464540173837264,0.8673226819990204,0.6331981441895269,0.8673226819990204,0.6331981441895269,5,True,True,True
206,20260711,geant,7,8.536583329559997,0.45341450737513495,1.7866554238568777,0.2691116832863692,0.7470091377212762,1.0029833995950401,1.4883119767992121,0.21168656639028954,1.496138952005618,13,17,0.8929943826615937,0.03209648517609019,0.029609292522079757,1.4279727086035405,False,0.0,0.0,True,1.0,41.18716693483293,0.0,0.0,0.044891104858672676,0.044891104858672676,0.8902295577640388,0.8902295577640388,0.5171465701363315,0.5171465701363315,0.5171465701363315,0.5171465701363315,1,True,True,True
207,20260711,edge_fog,23,24.296638708264197,0.5285631465064536,1.6334868053187481,0.2595250034102774,0.07254093932180433,0.8925279167756509,1.3248892699405719,0.5639825850067918,1.7635006392737997,20,5,1.3256672581786342,0.027165116733046737,0.009040353628937696,0.8097612465204956,True,0.16224984105938425,0.01667108883867805,True,0.09999999999999999,181.62099993787706,0.5151638528804344,0.09999999999999999,0.04678179505895664,0.033911179819785725,0.8499586609737141,0.8265639727581706,1.00335290714652,0.6615925655603954,0.7583547695233231,0.5523590229213626,7,True,True,True
208,20260711,fat_tree_k4,11,13.555382541448523,0.456852249231609,1.7482215131460888,0.05577183269288075,0.27459592129004684,1.7950895917664549,1.167856421621114,0.2674572503311855,1.940067513878494,19,15,1.1022158596018734,0.02974596028797394,0.01929003339107075,0.7478360992726192,True,0.1980250249205937,0.017802327451562124,True,0.15,41.02304205298424,0.6262818127026634,0.15,0.04571930460934158,0.031805057415882285,0.8792227969471405,0.8935369314594902,0.8136876458126462,0.656613915141298,0.8136876458126462,0.5771961449006932,6,True,True,True
209,20260711,nsfnet,13,12.745882177506342,0.4764043127484156,1.5719962031254777,0.016024164694230594,0.42451153947921483,1.2627114876059973,0.9387887403834334,0.6392991762675615,1.6837669459691473,5,0,1.3383248994235473,0.024506211068188385,0.030301317332993512,0.803879168468994,True,0.21242746778393107,0.0015679062189321016,True,0.5,4.3131670681759715,0.9810614726981961,0.5,0.0943926979717507,0.060370183615543464,0.8440011595264285,0.812849395341056,0.9999999999999999,0.7523004671071803,0.9999999999999999,0.7523004671071803,3,True,True,True
210,20260711,geant,20,23.022902619021085,0.599292898544511,1.7825164073155855,0.467035108396157,0.13734707120227743,1.4813359446573684,2.173247831336438,0.18553175904591523,1.7436231908940305,5,3,0.7759702380516019,0.022134635881625113,0.041161487636832854,1.0293094773928093,False,0.0,0.0,True,1.0,85.36929194815457,0.0,0.0,0.03125658011018527,0.03125658011018527,0.8798974117086014,0.8798974117086014,0.5018849260940375,0.5018849260940375,0.5018849260940375,0.5018849260940375,1,True,True,True
211,20260711,edge_fog,22,21.357548858530688,0.4597927085849131,1.786929604670314,0.414822796080916,0.4156156052118099,1.5302239797704749,1.9077442688191748,0.23900875239177857,1.727408543742019,5,22,1.2484989102923276,0.03458419030211907,0.010197896004089707,1.230122380753102,False,0.0,0.0,True,1.0,61.10699998680502,0.0,0.0,0.03463183768226698,0.03463183768226698,0.8467405963725254,0.8467405963725254,0.5300728490486337,0.5300728490486337,0.5008427555073511,0.5008427555073511,1,True,True,True
212,20260711,fat_tree_k4,15,15.637453886121222,0.46240713648268134,1.7749920042999314,0.21262105737232154,0.2166365357691281,0.7542654306805897,0.7400574112417311,0.6275871886990195,2.487202370800304,7,21,0.8329124918692005,0.018330599845117306,0.010594803486037382,0.9260221209700514,True,0.11653065706593149,0.01460301017294663,True,0.09999999999999999,48.99475001730025,0.39816088096966046,0.1,0.044574562657539,0.037939204034244396,0.839829211571932,0.8609557788822664,0.7060514229047075,0.6972047195390646,0.7060514229047075,0.5568559788495091,7,True,True,True
213,20260711,nsfnet,7,8.546017475815686,0.6901532389835916,1.777133694273,0.3854889730511577,0.22056231139978547,0.6650355224233422,1.4567182303559043,0.5242075650423114,2.0928267068333026,1,9,1.1225973177991138,0.030336589310435397,0.01346197510183881,1.4970659433985012,True,0.009376130690882938,0.009376130690882938,True,1.0,84.3129170825705,0.02445195953102224,0.02445195953102224,0.05270929026013956,0.05270929026013956,0.8751082690622994,0.8751082690622994,0.5170935619723644,0.5170935619723644,0.5170935619723644,0.5170935619723644,1,True,True,True
214,20260711,geant,11,14.20866526882039,0.5550254321374564,1.7388347377363877,0.1734383303052673,0.6121884886288859,1.325906400270412,1.3576858876340137,0.40889088046729916,1.4724689199620884,20,2,1.2427056270481756,0.023180180215080275,0.009366005798459143,1.345083656921721,True,0.1144339209851665,0.019997201662087204,True,0.09999999999999999,20.8293329924345,0.3500741238290985,0.1,0.04679662954836914,0.03849350010301671,0.8380299682201602,0.9116668986451631,0.6817923606947119,0.5725642523631065,0.6817923606947119,0.5508517440573967,7,True,True,True
215,20260711,edge_fog,16,17.916410588631198,0.47403025048510666,1.7958799630231603,0.08370830632110685,0.2965692921791108,1.4694185448810224,1.299534723273265,0.3055767024313301,1.8670573144184384,10,3,0.9667481285982207,0.024897436099015617,0.009902308291544148,1.4186305771957142,True,0.11115437025831179,0.0,True,0.0,114.95829105842859,0.28883152627168945,0.0,0.03980218953733269,0.035075128447430964,0.8450390589137523,0.918731350746661,0.6455059374876478,0.6384011418143186,0.6455059374876478,0.5001183877351435,8,True,True,True
216,20260711,fat_tree_k4,13,13.739466754486667,0.45795583934957107,1.5756381528133931,0.48883253729908366,0.04222241578452558,1.0052594288973382,2.2479524437990137,0.511818969162242,1.635778899952446,28,9,0.7576330193515616,0.015827753421958864,0.0324070360144087,0.8198776555252556,False,-5.999364911680659e-07,-5.999364911680659e-07,True,1.0,91.20154206175357,0.0,0.0,0.03257835456091283,0.03257835456091283,0.8747558261478363,0.8747558261478363,0.5013128030670827,0.5013128030670827,0.5013128030670827,0.5013128030670827,1,True,True,True
217,20260711,nsfnet,14,14.48592147399048,0.5280179122178694,1.6694960343675804,0.3871003597355066,0.07143331306587591,0.7146923221685543,1.8540896934567286,0.5257727318369365,2.76595737367511,4,4,0.7513868230440632,0.028210324447051044,0.03407992905143949,1.38398592254228,False,0.0,0.0,True,1.0,48.885999945923686,0.0,0.0,0.05160625597959438,0.05160625597959438,0.8246781254984074,0.8246781254984074,0.5244627018055006,0.5244627018055006,0.5058387308964786,0.5058387308964786,1,True,True,True
218,20260711,geant,16,17.085514856613706,0.5175333540141799,1.7717595328290834,0.37784587661538865,0.030590129473568674,1.5254926143297003,1.7822169128806826,0.5777774260537303,2.4664311668529644,0,15,1.2980070515068256,0.026153554516778386,0.02103876174192572,1.0744650714560962,True,0.02273600478590113,0.015922105607878694,True,0.1,131.0154579114169,0.058242768602198805,0.0410601813236525,0.03819029309420537,0.03754550986457041,0.8626424111868326,0.8486890257340787,0.5293931912557934,0.5207836901654327,0.5293931912557934,0.5207836901654327,7,True,True,True
219,20260711,edge_fog,24,28.186407888925963,0.5049460817236809,1.7765319281114327,0.28901036813473285,0.07909024806919482,0.7377266884829409,1.560621566279674,0.10153861313344842,1.8105895731503072,3,2,1.0832423395337851,0.03639207894759012,0.008578934405147941,0.967445262590453,True,0.030453135127212885,0.0192757382464698,True,0.15,256.70391705352813,0.07626615988447914,0.04891492570808255,0.03371170694045443,0.03412443316984417,0.8449913253500463,0.847294227153317,0.5386680997369032,0.5796936252764051,0.5386680997369032,0.5246852475895858,6,True,True,True
220,20260711,fat_tree_k4,25,27.17216966391476,0.4560239538563411,1.7691638002782233,0.06426559490089566,0.685842773279582,1.004390778095718,0.2592943199260622,0.2797776200376646,1.131198931351141,35,23,1.2782511743242448,0.03233473190723753,0.03139472697654395,1.4775995676757703,False,-0.08116881265059786,-0.08116881265059786,True,1.0,0.9271659655496478,1.0,1.0,0.0811370932572911,0.0811370932572911,0.7956569695848466,0.7956569695848466,1.9252871850362374,1.9252871850362374,1.0,1.0,1,True,True,True
221,20260711,nsfnet,7,7.839639092454345,0.49817157976129656,1.6426631564461178,0.15438425901397054,0.1956287713312767,0.8613456360405082,1.3767965555294719,0.4464284714739193,2.9257390398707845,1,5,0.9301690229989518,0.01569753318631243,0.039729003751305066,0.813053217261858,True,0.050162749574413246,0.0,True,0.0,256.94325007498264,0.12487660029786815,0.0,0.051075184343692424,0.05157230278989401,0.8908012639528141,0.8728106790876203,0.5660690282381408,0.5362960589647184,0.5660690282381408,0.503723155998222,8,True,True,True
222,20260711,geant,6,8.21944642284481,0.8129714108570718,1.7626932239512823,0.43684567323381673,0.6033723004455198,0.7949056258215972,0.2702703161499498,0.13247646903976146,2.4126581508065357,18,5,0.7812722462574336,0.019110953590510217,0.044799775282705866,0.7837059530482807,True,0.030768992530812816,0.019550154285485528,True,0.35,95.57058301288635,0.2791284082421226,0.23131664845152494,0.050611839176538435,0.04718425220806679,0.8501932592759808,0.890173443399625,0.6803576237991673,0.6348216734950128,0.6803576237991673,0.6348216734950128,4,True,True,True
223,20260711,edge_fog,8,7.118260971080288,0.45649028395646696,1.525855312852357,0.013365713537903891,0.0766494584987643,1.7394916152482747,0.9828038773841017,0.1765650529506364,2.039015543065437,3,17,1.144164455755265,0.026957557500693737,0.020286082920984896,1.0661698848535046,True,0.22708339048003648,0.0063953352957262875,True,0.3499999999999999,20.234209019690752,1.0,0.35,0.06557219396949276,0.03852471431947236,0.9011562819746054,0.8989504153179907,1.0,0.6830263503323752,1.0,0.6830263503323752,4,True,True,True
224,20260711,fat_tree_k4,5,4.974529335248533,0.5926760085712094,1.68676085041718,0.4928932512407814,0.3726937435253655,1.0668876504031495,1.4297418022225088,0.2765240751258168,2.9188327735704545,34,4,1.0202071308709493,0.03841521925791607,0.008027532242762949,1.1320630298864334,False,0.0,0.0,True,1.0,117.213667021133,0.0,0.0,0.07242902463660385,0.07242902463660385,0.845047670076858,0.845047670076858,1.1983184559466273,1.1983184559466273,0.8592389698804531,0.8592389698804531,1,True,True,True
225,20260711,nsfnet,5,4.079033944114197,0.5681543397821538,1.1996650927591521,0.05243742442649189,0.06413577440938938,0.9812365964093703,1.6554462887436472,0.11535469757675762,2.0277970252599182,12,9,1.1551103853622566,0.035260222270905396,0.01264871500015504,1.2671586363657696,True,0.12198659671528744,0.0,True,0.0,181.9968749769032,0.3054305652248937,0.0,0.06360401825003176,0.06154435212273397,0.8644990021358242,0.8846499485354096,0.660557553338508,0.5079251561548439,0.660557553338508,0.5079251561548439,8,True,True,True
226,20260711,geant,21,22.419053745698427,0.45434731464260697,1.74596090346517,0.17644535245107712,0.33826531979263624,0.681078876200263,0.4746739841038361,0.39408904267722933,1.2830387361223212,6,21,0.8655340882713453,0.027930659396531166,0.03205024883088573,0.7286535648131092,True,0.08289850104006714,0.01780891494120312,True,0.3499999999999999,25.679833022877574,0.5678779579546346,0.35,0.05604705234791807,0.041599828491171956,0.8570968598856376,0.8534425011275705,0.7878644688077279,0.6792495345427657,0.7878644688077279,0.6792495345427657,4,True,True,True
227,20260711,edge_fog,14,16.41150472695722,0.5267609661510466,1.7411256211870312,0.3267550281473182,0.45384417973911806,0.9715083271840782,1.8380393387695428,0.10158925905855382,1.729019649941402,19,17,1.1987129518382846,0.03778144635171837,0.03669762790726945,0.935289941943853,True,3.750913845608659e-06,3.750913845608659e-06,True,1.0,73.1979999691248,0.0,0.0,0.034548121184246765,0.034548121184246765,0.8856892566462156,0.8856892566462156,0.5002009484281817,0.5002009484281817,0.5002009484281817,0.5002009484281817,1,True,True,True
228,20260711,fat_tree_k4,28,30.342711715182176,0.4625671010818008,1.7967956643593141,0.27373093686745764,0.19503726019172496,0.9508385890302429,0.7718359484923829,0.5075152268679576,1.5018147020875776,14,7,1.2859971383910422,0.03577978687284519,0.014219415653391836,1.0445272395084872,True,0.19712267855671772,0.011896708415287982,True,0.5,26.769416988827288,1.0,0.5,0.07648229781616736,0.03818941396914935,0.81497213472241,0.8198106438956984,1.3140494452608267,0.7548432793189958,1.0,0.7548432793189958,3,True,True,True
229,20260711,nsfnet,7,8.153406587781921,0.7228207683444607,1.638786047680338,0.26023984302983505,0.2192414910912548,1.3914486661291599,1.4063000399007086,0.40254410972251997,2.112733509037361,1,9,1.0550032333822288,0.03723320180253606,0.017209914859223928,1.285824022935392,True,0.04901082014614386,0.0,True,0.0,302.5078750215471,0.12674043328428278,0.0,0.056392644877669415,0.0532128500535088,0.8621377381184645,0.877232633207739,0.568025741402723,0.5038409473252152,0.568025741402723,0.5038409473252152,8,True,True,True
230,20260711,geant,12,13.260100326163926,0.5074500325507794,1.7455702227204106,0.09126308412384665,0.12471295190097285,0.9465109179220869,0.3031526020805464,0.6495072272163932,1.077895295637169,3,17,1.0835255584169845,0.028270332069619576,0.04218149237305639,1.3414934138640842,False,-0.3025925891254444,-0.3025925891254444,True,1.0,0.4044170491397381,1.0,1.0,0.07506908770445828,0.07506908770445828,0.8791620094532421,0.8791620094532421,1.0000000000000002,1.0000000000000002,1.0000000000000002,1.0000000000000002,1,True,True,True
231,20260711,edge_fog,15,14.620105653330704,0.5958522709784753,1.6607077860516508,0.4653206242953619,0.06839969849206351,1.5650370470716553,0.32757647324038586,0.40304451135561936,2.071097761869613,17,5,1.1735238389447091,0.03439397813750547,0.028069944747067616,1.4802872914422667,False,-0.10675031608763655,-0.10675031608763655,True,1.0,0.5612499080598354,1.0,1.0,0.08149467509101524,0.08149467509101524,0.8551189406261627,0.8551189406261627,1.83419785380853,1.83419785380853,1.0000000000000002,1.0000000000000002,1,True,True,True
232,20260711,fat_tree_k4,17,15.988072861144394,0.4543764326983386,1.6059618882866136,0.5465227769172848,0.3020805209373424,1.269924746514251,2.15430079813932,0.3644564802189718,1.4544109584254785,23,0,0.8951769391344372,0.020105502155253665,0.013343024792257414,1.2539515440383229,False,-3.140761605904958e-07,-3.140761605904958e-07,True,1.0,127.2751250071451,0.0,0.0,0.029805848953281134,0.029805848953281134,0.8685389525675462,0.8685389525675462,0.5688487593381948,0.5688487593381948,0.5009060777989648,0.5009060777989648,1,True,True,True
233,20260711,nsfnet,12,14.996845064093664,0.6732670367533449,1.6871920023462048,0.37709377368905955,0.7314615947687073,1.002609941460217,0.6861311307953457,0.4259613940516688,1.9503125239473162,2,9,0.7824151481848989,0.03437980641811185,0.047266182490468385,1.3418418188552597,True,0.027498378857807818,0.01912906416704293,True,0.25,82.08187506534159,0.10497596857848766,0.07492903954287608,0.05084983458686865,0.04860923331218329,0.8886627465298879,0.895141084410977,0.5613868537856773,0.5462061024643342,0.5613868537856773,0.5462061024643342,5,True,True,True
234,20260711,geant,4,3.0618155312272486,0.4537915419924357,1.204665392137548,0.27979615647653244,0.27289657813411766,1.30618927337865,1.807810889144172,0.25764950806435216,1.9982924821473733,8,4,1.0009231567764685,0.018058251457422535,0.03560649855129661,1.3541999805966642,False,0.0,0.0,True,1.0,15.932624926790595,0.0,0.0,0.08975845573667612,0.08975845573667612,0.8449557761902475,0.8449557761902475,1.6368620364921482,1.6368620364921482,0.8213798315370661,0.8213798315370661,1,True,True,True
235,20260711,edge_fog,5,6.083680759950845,0.8804554036082188,1.7692316667583492,0.15873076253112214,0.6139923414555412,1.7948081768074968,1.7201689834074685,0.584107408885263,2.5172333390817654,3,5,1.2932425195808563,0.036439544378867386,0.01442507829377615,0.9338955189982446,True,0.10274323239204214,0.0,True,0.0,137.85729196388274,0.2660867736106979,0.0,0.050170919692459646,0.04939796626481529,0.8878434613455009,0.8648230880217034,0.6525828331645191,0.9956912202485533,0.6330450905581874,0.7051676880083209,8,True,True,True
236,20260711,fat_tree_k4,17,19.33911950418932,0.45386500081954906,1.718719762996767,0.07981877924072986,0.6068735210142465,1.3653084618100695,1.004907027402281,0.5856601431066754,2.766864543881847,22,33,0.8473620613944698,0.015240960812220521,0.03729065452240447,1.1482205662483596,True,0.0991765949826846,0.0,True,0.0,53.946541040204465,0.28277216887194534,0.0,0.03720813611721748,0.03310873136199637,0.8202927766631014,0.9084039470226849,0.6417498372007776,0.597988538128627,0.6417498372007776,0.5045434957337145,8,True,True,True
237,20260711,nsfnet,12,16.015054579714576,0.4621939292185796,1.7188608610782232,0.24305321224732807,0.16511389683115218,0.6904877351032759,1.7524273105551622,0.6365702608033474,1.3234386291237419,9,11,1.315823562669789,0.031140642614548596,0.04267380667376716,1.396875456301527,True,0.07376288708522595,0.0,True,0.0,196.43879204522818,0.19951076004328558,0.0,0.057202931411834884,0.051820446739567705,0.8765376396583554,0.8412298659321573,0.6036218330125063,0.5034162874550339,0.6036218330125063,0.5034162874550339,8,True,True,True
238,20260711,geant,6,7.277654362409752,0.7783405256692536,1.7476922521429459,0.09900324005737265,0.6914857532825818,0.6598645159562606,0.48947503988856655,0.41381954793551057,2.4788546754972556,0,7,1.1601220918902844,0.02818172605206683,0.01146165682892066,1.4968476329122702,True,0.08842801737569297,0.014409526799869704,True,0.5,57.19604203477502,0.6382959829966228,0.5,0.06329782347473122,0.04529313086970859,0.8341798362807974,0.9206157848796286,0.8257851949573696,0.7677614639601402,0.8257851949573696,0.7677614639601402,3,True,True,True
239,20260711,edge_fog,18,19.65798828913084,0.45835441337333627,1.7359589665059447,0.2676490727586786,0.6728135710439653,0.8781984936269306,0.8987020290103982,0.43914141937904794,2.4023565174771817,14,15,0.7786919842075029,0.024028141190815956,0.02395865390900992,1.319419362770116,True,0.02570158367562489,0.018252946901473707,True,0.15,239.659458049573,0.07334894603367402,0.05356122048049625,0.03439560980168073,0.033685502420051354,0.8768164257779908,0.8814791501343813,0.5379708187788448,0.5278887183202536,0.5379708187788448,0.5278887183202536,6,True,True,True
240,20260711,fat_tree_k4,23,28.48787568813384,0.4540782916881715,1.7555867507342444,0.13933554900565265,0.09069124877482862,1.3005470241149544,2.001205010818783,0.2580577631022723,2.2369103991874075,27,29,1.0670784363076284,0.017778674766412976,0.031161121959232086,0.7314801871351255,True,2.049839363761226e-05,2.049839363761226e-05,True,1.0,57.64429201371968,4.292390212621579e-05,4.292390212621579e-05,0.0277448309687982,0.0277448309687982,0.8549793231490546,0.8549793231490546,0.5022278918570404,0.5022278918570404,0.5012119343222492,0.5012119343222492,1,True,True,True
241,20260711,nsfnet,12,17.726576738950882,0.9402846862480445,1.7775262110699506,0.32842609836344133,0.23677285965786374,1.647673530358711,1.667238781916947,0.6035732560206841,1.5027585953552849,9,4,0.782171156990242,0.029679819394275362,0.03176352409159157,1.154263051563326,False,0.0,0.0,True,1.0,5.437541054561734,0.0,0.0,0.04957299303440875,0.04957299303440875,0.8771079044272436,0.8771079044272436,0.5057128434957041,0.5057128434957041,0.5057128434957041,0.5057128434957041,1,True,True,True
242,20260711,geant,18,20.744678167866937,0.5118924747887477,1.6561561661563338,0.11549651650907716,0.6449192900084149,1.7404877607167597,1.0573324167450027,0.252619174614023,1.0089466649993934,15,13,1.2748115618785332,0.021375192850798027,0.025004650350095994,1.167867842133366,True,0.16638680874438286,0.018605498572290987,True,0.25,18.78250006120652,0.6490426798773742,0.25,0.05415862039228463,0.038381931441796864,0.8933655220039646,0.8689232437234139,0.8277008344635226,0.6255861897460352,0.8277008344635226,0.6255861897460352,5,True,True,True
243,20260711,edge_fog,11,12.785710484685671,0.5967841874594578,1.7120496870708568,0.07754614309682448,0.025316442010067775,0.6607114309801839,0.5164294358299826,0.4327315065247359,2.1327158113033198,16,2,1.3258875175022515,0.02093842419303798,0.009717843242137404,1.0289722689954128,False,-0.26550791666672247,-0.26550791666672247,True,1.0,0.39545807521790266,1.0,1.0,0.08271640060344858,0.08271640060344858,0.8534893501466063,0.8534893501466063,1.8615706119508106,1.8615706119508106,1.0,1.0,1,True,True,True
244,20260711,fat_tree_k4,30,33.59051499777667,0.45305908030230546,1.7994070409822709,0.11114977882037398,0.5839341460629938,1.4255172084279797,0.26864747661342436,0.2462734279615847,2.427000759053251,0,26,0.854074874569756,0.018745722042657342,0.04381678571390361,0.8846109171471404,True,0.05684750077368407,-0.05703844437854731,True,0.7499999999999999,4.370749928057194,1.0,0.75,0.06837627129360227,0.05294611760239047,0.8369465138113141,0.7717639572667131,0.9999999999999998,0.8857476652826001,0.9999999999999998,0.8857476652826001,2,True,True,True
245,20260711,nsfnet,9,9.04945376441104,0.4993370897256033,1.731363556519302,0.5216128612603101,0.484274645110141,1.510178298888348,2.0140770656364086,0.24824900307374606,2.792552582443479,11,4,1.1655720069489646,0.026639843019670185,0.018662418531847594,1.3060693559404155,False,0.0,0.0,True,1.0,7.826416986063123,0.0,0.0,0.05064942262128264,0.05064942262128264,0.8902616964140445,0.8902616964140445,0.5018959934131092,0.5018959934131092,0.5018959934131092,0.5018959934131092,1,True,True,True
246,20260711,geant,14,17.920268418567275,0.5894773107695904,1.7921941541939646,0.06357344986346229,0.3298484406046333,1.5882246176015178,0.872936695956098,0.21569294352144147,1.9494380026984843,13,8,0.8897688106728847,0.016865523836325072,0.026402568934060386,0.9696534531438008,True,0.17482435062735666,0.014711518919611056,True,0.15,65.89900003746152,0.5972975450671356,0.15,0.052483232250906245,0.039562410299152126,0.799428511094483,0.8677888149720665,0.8016987883130673,0.5768706084644486,0.8016987883130673,0.5768706084644486,6,True,True,True
247,20260711,edge_fog,18,18.682589994372425,0.5774566753617562,1.7002084295951274,0.5453917987000871,0.18733103124490952,1.6436902705491014,2.2256689298806807,0.6240656289589311,2.4828437787510165,15,14,0.8310392812620184,0.01846683693766629,0.013977288908503138,1.3903565509071947,False,-2.053844587328541e-06,-2.053844587328541e-06,True,1.0,40.234249900095165,0.0,0.0,0.035548076858381086,0.035548076858381086,0.8397600185385239,0.8397600185385239,0.5700726316457664,0.5700726316457664,0.5011215436590511,0.5011215436590511,1,True,True,True
248,20260711,fat_tree_k4,8,10.908841122167305,0.8720027611963224,1.7993760068026226,0.25613354682536976,0.7217659413614431,1.1302963183264905,2.219502774275278,0.17339441224761382,1.7375238194381593,26,13,1.1999352769420641,0.03134391470881592,0.04701082338474708,0.8705028700251944,True,2.5645723264652172e-05,2.5645723264652172e-05,True,1.0,101.67295800056309,5.408560902437372e-05,5.408560902437372e-05,0.03662647519812679,0.03662647519812679,0.874545289664362,0.874545289664362,0.657845329875465,0.657845329875465,0.5599199799916121,0.5599199799916121,1,True,True,True
249,20260711,nsfnet,4,4.91714404175392,0.6154863389712029,1.6103103083502588,0.2957701733824816,0.5544277433947308,1.6549390147508114,1.6117155050911725,0.5878221445387046,2.9532766733657505,7,1,1.1579030257194476,0.029360232984321173,0.04278952038678019,1.2257639928745276,True,0.02483618136731124,0.0,True,0.0,504.56691707950085,0.06242224000460749,0.0,0.06318086003351962,0.0625451113117331,0.8571442309249037,0.8741292372354212,0.5415869810349787,0.5419572203897521,0.5368531703446069,0.505235544035053,8,True,True,True
250,20260711,geant,10,12.9129692281694,0.7055996298562559,1.7522705203620863,0.358875536852961,0.3207910170801584,1.140562876845649,1.4209954603958173,0.1408809776270602,1.7843097839058235,16,0,0.8377705009169015,0.01820796990520725,0.020373013861361387,0.9490544849304574,False,0.0,0.0,True,1.0,5.045749945566058,0.0,0.0,0.038686802845947624,0.038686802845947624,0.915786824077678,0.915786824077678,0.5050055129608108,0.5050055129608108,0.5050055129608108,0.5050055129608108,1,True,True,True
251,20260711,edge_fog,22,24.56566539697229,0.5162696599878068,1.610891009071835,0.3893943990260865,0.7292830425148344,1.2573928687419944,1.8479586148931353,0.19006153953608723,1.4363610865572745,14,20,1.320216196249835,0.03696598107232027,0.03041424609975364,0.7326119832615756,True,0.016524740564490232,0.016524740564490232,True,1.0,43.276875047013164,0.04275553308612326,0.04275553308612326,0.03268696213879267,0.03268696213879267,0.8452393816671896,0.8452393816671896,0.5219583846582533,0.5219583846582533,0.5219583846582533,0.5219583846582533,1,True,True,True
252,20260711,fat_tree_k4,17,17.454407329391763,0.4878325510382966,1.786532882828382,0.15712348550188482,0.261731600071087,1.214928181317931,0.5345427424023947,0.4269381533324259,1.6735672895617897,22,19,0.7852257179414837,0.030501035424418253,0.03398401224325184,1.0625652804275023,True,0.14064762271362855,0.007753318885242065,True,0.25,29.94891698472202,0.6727517822699512,0.25,0.06492117717594591,0.038379032215968036,0.816211869057177,0.848576231800705,1.2519125175211658,0.6937304440640336,0.8370947028272607,0.6281527626792918,5,True,True,True
253,20260711,nsfnet,11,13.971331395261299,0.6446640355241663,1.7454085707710236,0.14987651085910494,0.2228602853035019,1.0376963818595255,0.34473157621913186,0.48434836221511557,1.714894319324327,6,0,1.1821694947259276,0.032357519758079496,0.009846192269085913,1.4418199298966008,False,-0.21230506827705878,-0.21230506827705878,True,1.0,0.31591602601110935,1.0,1.0,0.1024405803596289,0.1024405803596289,0.8855188758294072,0.8855188758294072,1.0000000000000002,1.0000000000000002,1.0000000000000002,1.0000000000000002,1,True,True,True
254,20260711,geant,9,8.691962280957092,0.47622966977021064,1.580016637398181,0.056533787427071616,0.06947614803070983,0.8058829511903263,0.8774798974683959,0.27708402112210695,2.5542128553957166,10,7,1.1670495748169833,0.018056036009814903,0.021305059083834656,0.9565477410906045,True,0.1819076307700861,0.010193823869667665,True,0.5,6.6922500263899565,1.0,0.5,0.07125209527184925,0.04814198988077175,0.8863265822211975,0.8505047923990817,1.0,0.7585707754590371,1.0,0.7585707754590371,3,True,True,True
255,20260711,edge_fog,24,28.395404711564073,0.5202528367332294,1.7926935251036125,0.5177228389679482,0.021935679227106472,1.5772061800110722,1.9865615535175905,0.2976262251667524,2.578065612283094,21,3,1.3264790772046076,0.02975729915087997,0.02932529303595612,1.0823345686441581,False,0.0,0.0,True,1.0,5.150166107341647,0.0,0.0,0.031574872505648444,0.031574872505648444,0.8811318599378817,0.8811318599378817,0.5003261125804527,0.5003261125804527,0.5003261125804527,0.5003261125804527,1,True,True,True
256,20260711,fat_tree_k4,5,6.658852873934813,1.0165834090577188,1.6456616084887072,0.3208043557750877,0.47177295140940473,1.4166251154541736,1.5477759330948755,0.480822124635246,1.6377037443653688,13,12,1.2812261134444878,0.03123884872261246,0.00854745010517295,1.3252708295230127,True,0.06847662803339696,0.0,True,0.0,136.30808400921524,0.1870581118630015,0.0,0.0392601059110768,0.043383981552817356,0.9055226285963676,0.913766052228693,0.5941171294878544,0.8322242246137667,0.5941171294878544,0.6001946479449296,8,True,True,True
257,20260711,nsfnet,5,6.333634720148409,0.7679215427811612,1.548415789440373,0.1366289802149331,0.32209174399885904,1.0837031811026976,1.4122193153470348,0.5047716515915746,1.8173321155518285,7,9,1.246028597784226,0.02421814882940764,0.04058396828819458,1.4718717800951864,True,0.14159313114847433,0.0,True,0.0,36.259833024814725,0.40599338772974625,0.0,0.07175529383723317,0.06372699587653224,0.8576447647296341,0.9085822100032486,0.7095040272888284,0.5050465862881467,0.7095040272888284,0.5050465862881467,8,True,True,True
258,20260711,geant,14,14.97333753558201,0.5156343678502615,1.6752694980809184,0.2522529507802426,0.08864795250507232,1.0052888974782688,0.902764997997564,0.4319638024109781,1.5803963788135649,18,0,0.9354512935995515,0.02054364669592291,0.008356055504531772,1.4424857830273154,True,0.13756374463129498,0.019068747517591026,True,0.1,123.47958295140415,0.44892634623423283,0.1,0.05877078777880231,0.0400110443113068,0.7812244356560732,0.8551150498861468,0.7245485125407629,0.6010278823308626,0.7245485125407629,0.6010278823308626,7,True,True,True
259,20260711,edge_fog,14,14.730078457338331,0.5503486728629408,1.676842982998493,0.4099255568714001,0.1314846112489807,1.4002880007399707,2.142256409582865,0.45125529585626445,1.1345102137310996,10,11,0.9083472466356124,0.01696075258866337,0.029072926991321385,1.4139439635311808,False,-2.249013008108008e-06,-2.249013008108008e-06,True,1.0,39.543666993267834,0.0,0.0,0.035994261504359505,0.035994261504359505,0.8776008292762694,0.8776008292762694,0.524878500804389,0.524878500804389,0.5014687694124579,0.5014687694124579,1,True,True,True
260,20260711,fat_tree_k4,6,8.364589602520908,0.7158293494789116,1.7454257783437424,0.4549428706390682,0.6403761262808558,1.461058024036109,1.7396433359514307,0.16807077618912458,1.375311547301516,10,20,1.288326053698163,0.015462523453543259,0.047077703174610415,0.7182446928111766,True,5.203827622781671e-05,5.203827622781671e-05,True,1.0,29.10270809661597,0.00013973552561018902,0.00013973552561018902,0.042519586909843234,0.042519586909843234,0.9160026483143642,0.9160026483143642,0.8383894177318894,0.8383894177318894,0.6446714023517022,0.6446714023517022,1,True,True,True
261,20260711,nsfnet,6,7.5153832770341475,0.5251941073584222,1.7939801341435926,0.49431470985836795,0.48988578872580774,1.2329886170923428,1.9714584480194481,0.218290341278936,1.1490515981804164,12,0,1.0671757575821046,0.019103613632590062,0.021673208100070614,1.341122440127362,False,0.0,0.0,True,1.0,11.755832936614752,0.0,0.0,0.059916807421171184,0.059916807421171184,0.8749162204247449,0.8749162204247449,0.574974706580409,0.574974706580409,0.524887269262375,0.524887269262375,1,True,True,True
262,20260711,geant,21,24.664047850126295,0.5167323368246457,1.7620922172571194,0.06003458661941694,0.34119603380230007,0.9721864957760639,1.6331825584974329,0.5600058137830612,2.0093110086857813,6,10,1.2723370509500591,0.016981567070720623,0.017962705500896875,0.9069588180251423,True,0.12365227746111805,0.0,True,0.0,117.39654210396111,0.3476311544782879,0.0,0.04614628773329116,0.03820989597127959,0.862665245819831,0.8647130110129845,0.6741451385190876,0.5922824807449438,0.6741451385190876,0.5011623016364825,8,True,True,True
263,20260711,edge_fog,15,18.502541174321905,0.6514176997844875,1.7556337869388852,0.5428066376122613,0.5473745997151496,1.0965605327424774,0.6219727073974104,0.4015811201094843,2.6684772146530764,2,1,1.2992256777960711,0.020778470429151832,0.021780471457517242,1.309351270256208,True,0.10281083010110066,0.007436443620323905,True,0.25,50.481957965530455,0.5686191463389395,0.25,0.04996173451500435,0.03484389868911014,0.8739146224276949,0.8602249261225362,0.7851662796144827,0.6251982899580785,0.7851662796144827,0.6251982899580785,5,True,True,True
264,20260711,fat_tree_k4,8,7.520828745484939,0.5778312811562245,1.7823736059374995,0.26231768111065523,0.48697202006435647,1.3670424655950402,1.7816892110146427,0.1429837860734608,1.8284522522649302,7,15,0.9293017240557131,0.027149970419964288,0.049296522032643675,1.0849822969096197,False,-1.1299103923542853e-06,-1.1299103923542853e-06,True,1.0,25.767667102627456,0.0,0.0,0.04063219371615791,0.04063219371615791,0.8656584367857024,0.8656584367857024,0.7960566036960027,0.7960566036960027,0.5590649547361016,0.5590649547361016,1,True,True,True
265,20260711,nsfnet,8,8.659945930011915,0.6809875697245282,1.5472169713333999,0.46768613086007105,0.3957126143996453,1.7967937557424616,1.7607897472087577,0.4516027501147565,1.3241101495143779,0,0,1.05268797819835,0.03946253017822006,0.03201130787226791,1.2971889942903148,False,0.0,0.0,True,1.0,51.85954202897847,0.0,0.0,0.055714280272569194,0.055714280272569194,0.8843905852083888,0.8843905852083888,0.643712344058209,0.643712344058209,0.5029180720471841,0.5029180720471841,1,True,True,True
266,20260711,geant,6,6.014811651563815,0.5241261382740409,1.600727308056262,0.30359804986768185,0.44001094271336855,1.1110649935670818,0.7436473004705548,0.15805148839156008,1.4726459531386276,0,15,1.2330449335867162,0.03729155469342589,0.0200136196235517,1.429544777730263,True,0.14139177995458052,0.017276629702596774,True,0.35,18.611749983392656,0.69618811672568,0.35,0.06396005261153327,0.046100865032838646,0.787080341399932,0.9076379530672273,0.8524295976666055,0.6805475021724035,0.8524295976666055,0.6805475021724035,4,True,True,True
267,20260711,edge_fog,11,11.939419958597092,0.4677237359389044,1.5943896621346458,0.27924674481391304,0.44557946868180187,1.5574875274383242,1.9988797288337727,0.559574076290074,1.957829631034422,7,18,1.240928888249497,0.03598103536601387,0.017049387578353413,1.4558404154229962,True,0.0004444227259223184,0.0004444227259223184,True,1.0,21.61737496498972,0.00101867811900558,0.00101867811900558,0.03667009732034705,0.03667009732034705,0.8699868832107973,0.8699868832107973,0.6100884176101624,0.6100884176101624,0.5033055559033787,0.5033055559033787,1,True,True,True
268,20260711,fat_tree_k4,5,4.369758815044699,0.511581167716761,1.349491045196749,0.4736565214380087,0.7070765157424896,1.5910687411241562,1.780688761806917,0.11033563126396118,1.0169269800060543,34,22,1.2343816724694125,0.03784882422378291,0.03405743024789831,1.0927189639519792,True,3.0061769570888788e-05,3.0061769570888788e-05,True,1.0,86.27145900391042,7.200909913081172e-05,7.200909913081172e-05,0.0493621710963412,0.0493621710963412,0.8560108896764667,0.8560108896764667,0.9373922223526345,0.9373922223526345,0.7865508721194926,0.7865508721194926,1,True,True,True
269,20260711,nsfnet,4,4.3087290484436345,0.6266774998810767,1.7727415525366244,0.16411116560739913,0.14447927590509468,0.9190884007983582,2.007396340095603,0.44677318329872706,2.749180458150418,5,10,0.9138516888203406,0.02384344442709207,0.010916168910243447,1.4895506553503002,False,0.0,0.0,True,1.0,36.62291599903256,0.0,0.0,0.08731348301385793,0.08731348301385793,0.9211875261417478,0.9211875261417478,0.6679222174466982,0.6679222174466982,0.6679222174466982,0.6679222174466982,1,True,True,True
270,20260711,geant,14,15.497919362763684,0.5155240716520413,1.74735201660669,0.16806409694800983,0.0892517356221926,0.8285301280972553,0.5045474314796301,0.5899883580636445,1.0341029334790568,19,11,1.3459073699985562,0.035648202630390854,0.03419221610202101,0.9642937292613944,False,-0.15787216997249834,-0.15787216997249834,True,1.0,0.4916659090667963,1.0,1.0,0.07120620175041657,0.07120620175041657,0.8826395780314508,0.8826395780314508,1.0000000000000002,1.0000000000000002,1.0000000000000002,1.0000000000000002,1,True,True,True
271,20260711,edge_fog,13,14.147921990634998,0.5073267385055924,1.7419421813644629,0.4477392529210032,0.15048559347319015,0.7566878410889615,1.7149521076723138,0.34669042170729925,1.3194362260509287,22,0,1.1917397440196447,0.027429532695406635,0.019035064820812297,0.9876914900678966,True,9.077382283795976e-06,9.077382283795976e-06,True,1.0,59.57095802295953,0.0,0.0,0.03189618214555321,0.03189618214555321,0.890215425128238,0.890215425128238,0.5021121905425496,0.5021121905425496,0.5021121905425496,0.5021121905425496,1,True,True,True
272,20260711,fat_tree_k4,16,18.855310805174263,0.5267097294783404,1.7583823040884043,0.3846697705406035,0.35492940708595366,1.2248845910853343,0.9983883432884537,0.6246123471688579,1.4665651108537867,22,19,0.964724931555349,0.017371969231356536,0.015937913167570095,0.9395079534950292,True,0.04160260725712085,0.0,True,0.0,87.6715830527246,0.12771293850151963,0.0,0.0369171097947469,0.036349351543799,0.8648958531675293,0.8880130260862956,0.6598351054811402,0.6722585326171856,0.5666168633370665,0.5023069836918028,8,True,True,True
273,20260711,nsfnet,10,11.28149303919876,0.4674569713925014,1.7464898205557644,0.00610307156682986,0.13564934725735195,1.0124324864144847,0.5956703111386883,0.5163563799281918,2.493738951874353,6,12,1.1712769877020188,0.024001513036202266,0.010588971574598023,1.4355885856694828,False,-0.09311886412783729,-0.09311886412783729,True,1.0,0.301916035823524,1.0,1.0,0.1012523118651491,0.1012523118651491,0.8869018531680346,0.8869018531680346,1.0000000000000002,1.0000000000000002,1.0000000000000002,1.0000000000000002,1,True,True,True
274,20260711,geant,18,21.151110692496736,0.5134936829558188,1.6175197095051028,0.4902777522713081,0.21561093840220016,0.9363554502726361,1.5299220438254522,0.17863922062600468,2.6239883374251463,4,9,1.2871693647355715,0.03738518080926363,0.01423571854083161,1.4275222875632751,True,0.028392719377123257,0.018006095789467002,True,0.15,101.65424994193017,0.08426489048523872,0.05305560812834828,0.03412254297631046,0.03392446519573107,0.8928283208184665,0.854325324392135,0.5455142330965752,0.5306483087283658,0.5455142330965752,0.5306483087283658,6,True,True,True
275,20260711,edge_fog,7,6.931668658117744,0.5868660338683004,1.7360019190516853,0.016673696194886425,0.24967152920808133,1.555306801926077,1.8964282351033244,0.27188826542885935,2.599633162183469,4,14,0.9718485297198265,0.03195863848222943,0.027915718235910183,0.9796802217410605,True,0.027521906978787196,0.014945849956425566,True,0.35,71.84250000864267,0.05761414192350125,0.03230463180699853,0.0404665194176605,0.03956479404833446,0.8842618680890704,0.8900530129239594,0.7355483711459155,0.7450881389423142,0.5288722893237494,0.5162682235860622,4,True,True,True
276,20260711,fat_tree_k4,7,8.74483728884126,0.5201032400483379,1.7135553905828533,0.06619642956831207,0.7125827079912808,0.9927287284321691,1.0811443729164063,0.1446402543452539,2.941514676605137,23,23,1.1475068470279972,0.026481162270535517,0.02975172873433795,1.493791997431016,True,0.13220956944431192,0.015409815239634252,True,0.15,56.946458062157035,0.4392507369536843,0.15,0.054814734922953516,0.04540146245353117,0.7924231036241337,0.8782978952733648,0.781020453601383,1.00413431377259,0.7199889738210895,0.7765383267325787,6,True,True,True
277,20260711,nsfnet,11,13.183547497663765,0.5581220018503522,1.5987102702650828,0.09677694136783269,0.3666556547871572,1.5399866223973042,0.5123260879007485,0.1286775175080913,2.292362336849248,1,11,1.120745091902776,0.01943376089857283,0.03709608430624829,0.8315203224328587,False,-0.004552716589529126,-0.004552716589529126,True,1.0,0.30645797960460186,1.0,1.0,0.09943634409906135,0.09943634409906135,0.8924795309792428,0.8924795309792428,1.0000000000000002,1.0000000000000002,1.0000000000000002,1.0000000000000002,1,True,True,True
278,20260711,geant,16,21.00938524279782,0.6692503487265163,1.799577473443494,0.4532028612797212,0.39380196952009716,0.897450568903188,0.7728716602831018,0.4931380796661067,1.7986976322022734,14,10,0.7511363049219144,0.03874426288316452,0.016215316434720385,1.385287885617659,True,0.011820456090266766,0.011820456090266766,True,1.0,81.16845798213035,0.03926377949581745,0.03926377949581745,0.03518831403635378,0.03518831403635378,0.8735499821051885,0.8735499821051885,0.5261144863223778,0.5261144863223778,0.5261144863223778,0.5261144863223778,1,True,True,True
279,20260711,edge_fog,8,11.050558042534359,0.8292181684143138,1.7520059656066398,0.09676426796406658,0.6409173257273842,1.247814673615741,1.1102649307037544,0.34339208711409097,1.1699015423825494,9,6,1.2029509823162683,0.02400526149531057,0.04504293004199192,1.46823319686695,True,0.1500962011625634,0.01306540548912536,True,0.15,50.63737498130649,0.5143584581944217,0.15,0.049092831832372216,0.03528952030329472,0.927462137078942,0.89856640991389,0.9096842845795001,0.6457709783110782,0.7611933699630195,0.581860122316397,6,True,True,True
280,20260711,fat_tree_k4,22,25.749846618135983,0.5596615433483638,1.7993044866026815,0.016432168175917486,0.039298649868871265,0.7193739167586575,1.3068916942069315,0.5005122613628237,1.2265079637759773,4,11,0.937109420703276,0.033383036141141284,0.028529540901507725,1.2414059416096537,True,0.15205538022390958,0.0,True,0.0,200.8030420402065,0.3936992228298691,0.0,0.03797884725309878,0.027690178768854167,0.8420894516937368,0.8863023194135481,0.6992862555571161,0.530993388328658,0.6992862555571161,0.5029090134287617,8,True,True,True
281,20260711,nsfnet,12,13.858183564993375,0.5839020420233666,1.7981435719818384,0.29109060451802315,0.7491243112584619,1.2552172269103827,0.6863415554661609,0.35597771592355276,1.6903451406285668,8,11,1.3097374579053036,0.03897618356394075,0.01965812305847356,0.779358286144245,True,0.13276783805808318,-0.001091822916672921,True,0.3499999999999999,50.37370801437646,0.7135735272068796,0.35,0.08696658950599699,0.05998224712191753,0.7427326444783543,0.8116564367120702,0.8798785812199257,0.683651774003956,0.8798785812199257,0.683651774003956,4,True,True,True
282,20260711,geant,10,10.612583248671903,0.4788792010563031,1.7823106558595712,0.0514331477899086,0.354000909607271,1.4339389123605761,0.5137568516178641,0.513052452095942,1.3726610273862128,12,16,0.861572023219657,0.029725138739672856,0.03918592748918223,1.2298241823096205,True,0.1180247219158266,-0.004598275042057147,True,0.5,19.20295797754079,0.8593727336984374,0.5,0.06572850105914368,0.0465417638007785,0.8400485146406566,0.8599459090950055,0.9298753780257347,0.7691081773607911,0.9298753780257347,0.7691081773607911,3,True,True,True
283,20260711,edge_fog,5,6.699681517676028,0.9697812188753345,1.7126084967477049,0.38826345714210303,0.34219643688383794,0.8079661298665445,0.38068768774851613,0.3128717551757013,2.8522162609065393,24,16,1.038410760755415,0.02431399614543582,0.02559639511143559,0.938274219697232,True,0.09878729480278614,-0.011867073159780514,True,0.35,78.31866689957678,0.7018602880112791,0.35,0.0569684963107122,0.04154591345816697,0.8704590957100571,0.9202424581416793,1.4037205760225584,0.8005063024929124,0.8658421630946689,0.6827223153119327,4,True,True,True
284,20260711,fat_tree_k4,5,6.048766177825647,0.6202728639265744,1.7231175787011832,0.4366250294138211,0.3049015337393761,1.727244451530436,1.4346545717487784,0.5906686763506396,2.981077830535093,27,5,0.9839915228830409,0.025378617694078953,0.03967152683426991,0.8768048978172783,True,1.6550245430288434e-05,1.6550245430288434e-05,True,1.0,21.197750000283122,3.9888079716957964e-05,3.9888079716957964e-05,0.06359373066188616,0.06359373066188616,0.858041938332428,0.858041938332428,1.0900500015189831,1.0900500015189831,0.8140940210147815,0.8140940210147815,1,True,True,True
285,20260711,nsfnet,6,5.301374039230641,0.5142451559871453,1.3290883161007545,0.31174943738932676,0.5168255559756565,1.2082778434510435,2.1028647360794714,0.10664889447429106,1.7076545055329964,9,4,1.2305824453382737,0.018921876279578184,0.029939672024700773,1.1281896174169062,False,0.0,0.0,True,1.0,33.164249965921044,0.0,0.0,0.050173042756954084,0.050173042756954084,0.9135700527644599,0.9135700527644599,0.547331383162249,0.547331383162249,0.5006403237408269,0.5006403237408269,1,True,True,True
286,20260711,geant,15,17.63920076848608,0.5137400126022016,1.7711232234307628,0.3595579077130279,0.7185719177506822,1.1184683722438922,1.678008134643117,0.42954902031909514,2.544022344540161,3,14,0.7877577207419417,0.018061474209651315,0.04324207646265915,1.4232785894210658,True,3.0452689574366025e-06,3.0452689574366025e-06,True,1.0,44.41333399154246,0.0,0.0,0.03587051919320781,0.03587051919320781,0.8853308320662622,0.8853308320662622,0.5399292059052341,0.5399292059052341,0.501953251386107,0.501953251386107,1,True,True,True
287,20260711,edge_fog,24,26.61037934803173,0.47477684822546107,1.7790143293337148,0.12916652065172962,0.6786678436559715,1.732277323858641,1.9722825153618275,0.325199108310637,1.8164890341276292,18,24,1.1836512430595802,0.033961820725943725,0.02099940414655184,0.9527182687174822,True,0.03299464395406384,0.0,True,0.0,242.34624998643994,0.07644389916666808,0.0,0.03342708534968251,0.03284226787013314,0.8373050712146203,0.8580711336389654,0.5393852132380582,0.5012958129684366,0.5393852132380582,0.5012958129684366,8,True,True,True
288,20260711,fat_tree_k4,20,24.39899250102763,0.46729223609278736,1.7267986084966132,0.5442682920439951,0.10607666436637914,0.8508675072489778,0.6847671959540957,0.4172060738270942,2.562775480679525,0,2,0.9439257217268413,0.03316795736727063,0.04280108420307135,1.1509538888093558,True,0.05129538411082074,0.0,True,0.0,79.37054196372628,0.2159870249862876,0.0,0.03266355143733791,0.029396575143185645,0.8799792480105139,0.8830503868631554,0.6117515777162935,0.5053026069947121,0.6117515777162935,0.5053026069947121,8,True,True,True
289,20260711,nsfnet,9,10.097975607527871,0.5658980935377326,1.6677008444486348,0.22629193703255523,0.1532481205983061,1.3926276656850827,0.2881295641665249,0.10403367894892532,1.138293369386038,13,4,1.2570177176507311,0.02403824923822604,0.03277408027995942,1.1041155996308765,False,-0.3216846900104466,-0.3216846900104466,True,1.0,0.28791697695851326,1.0,1.0,0.09983187898413405,0.09983187898413405,0.8938256392780621,0.8938256392780621,1.1314680100560341,1.1314680100560341,1.0,1.0,1,True,True,True
290,20260711,geant,6,5.598802918669165,0.6883845854284596,1.4280691198669835,0.0324087291086864,0.47681896600388685,1.1792012089076058,0.3219452788456525,0.56529443107427,1.892734780104649,17,19,1.2202643898607806,0.026884995788699996,0.04343223273750604,1.3648953752716633,False,-0.18910486878004368,-0.18910486878004368,True,1.0,0.19808392971754074,1.0,1.0,0.06676545394730606,0.06676545394730606,0.9239945277278111,0.9239945277278111,1.0,1.0,1.0,1.0,1,True,True,True
291,20260711,edge_fog,25,27.309108705162387,0.5846383223384987,1.7805420828256215,0.058294357604827034,0.5997906296607376,1.1613529358184944,2.128314834059606,0.2005354585572255,2.0186955659720285,16,20,1.3252914639880105,0.01961478632367159,0.03165361733640798,0.9425927647791661,True,0.058051216031744075,0.0,True,0.0,201.90179103519768,0.1391647687990077,0.0,0.031184605096912565,0.029886460130296274,0.8649049416221428,0.8543284330333046,0.569646940215548,0.5012602398127054,0.569646940215548,0.5012602398127054,8,True,True,True
292,20260711,fat_tree_k4,30,33.18034082601664,0.4840936541080038,1.7868022735267468,0.16009017789100408,0.4366996987751139,1.7811308753747506,0.827415461435,0.16557287013201913,1.4050325317008223,15,31,1.3454164010627068,0.017520284472652588,0.015912366938271263,0.9497322049598356,True,0.16349774372321355,-0.011258849546266372,True,0.5,16.676667029969394,1.0,0.5,0.07658501416194041,0.038365102138699377,0.8174018275694397,0.812953305077183,1.2548750048827495,0.75193128975806,0.9999999999999998,0.75193128975806,3,True,True,True
293,20260711,nsfnet,5,5.532871734404512,0.4728159944156842,1.6786237710461178,0.42721084463674247,0.24081748708158782,1.0611903558741096,0.5246535064814264,0.5239212726889264,2.295874005478367,8,8,1.1222911726854996,0.03365740301745983,0.04686017769293757,1.167010807056969,True,0.13291903641274905,0.003483149646774555,True,0.35,44.65933295432478,0.8147823705238694,0.35,0.08662172928963931,0.05666980503370213,0.8003676344818581,0.9063603931929586,0.9331451234346939,0.6885823826891082,0.9331451234346939,0.6885823826891082,4,True,True,True
294,20260711,geant,20,24.69153890169752,0.48937290686290075,1.7350654418900289,0.4474150188839913,0.602543011402635,0.9889448179400033,0.7307876108479434,0.43545679036980456,2.43580946602777,20,19,1.2205264151634532,0.030315838551307418,0.043272287346248786,1.3097571029142783,True,0.07776124688648575,0.010229262465519105,True,0.15,75.84433408919722,0.4123767587903775,0.15,0.046839005333968765,0.03701898925375796,0.8410782539414653,0.8778348387899805,0.7201029655053532,0.5866067907381509,0.7201029655053532,0.5794256275828945,6,True,True,True
295,20260711,edge_fog,11,12.041560364762267,0.45934156623660477,1.6085893448126731,0.06411306435115613,0.27279347673649995,0.9244660728006697,1.0982501834678067,0.4943471461631489,1.524698818895086,2,7,1.1836039444010076,0.022244184406087004,0.03476331632924902,0.945586280140883,True,0.20299618089615343,0.006461064690524254,True,0.15,96.78145800717175,0.6883170711648465,0.15,0.04979238478417937,0.03612050969784966,0.8345738883860261,0.901309691000548,0.8452437336995657,0.6102914025845116,0.8452437336995657,0.5807953880239759,6,True,True,True
296,20260711,fat_tree_k4,21,23.797014759417223,0.4695627217210978,1.7749084933107528,0.36245432207268147,0.5097121418526911,0.8755143431195076,1.680132600430039,0.5277114424840655,1.8375380307488116,10,20,0.8084710465285297,0.031679743325319136,0.04971109041679925,1.0788300860874669,False,0.0,0.0,True,1.0,4.948292043991387,0.0,0.0,0.031147236168379888,0.031147236168379888,0.8741482154282834,0.8741482154282834,0.5800866532831799,0.5800866532831799,0.5035279745771747,0.5035279745771747,1,True,True,True
297,20260711,nsfnet,11,11.513998671076552,0.5125743527513839,1.5425071399155847,0.29999620396409876,0.11163538833866678,1.1730498363063497,1.8861866551376885,0.32024011013140397,2.622401765488835,8,3,0.7963772455287151,0.02414883533327785,0.023323023387426343,0.7517398096272081,False,0.0,0.0,True,1.0,30.480584013275802,0.0,0.0,0.04998057480803898,0.04998057480803898,0.8870304439521898,0.8870304439521898,0.5011268228480625,0.5011268228480625,0.5011268228480625,0.5011268228480625,1,True,True,True
298,20260711,geant,18,18.928377664657745,0.4607598324289279,1.7716931843911818,0.37447505291961153,0.273498619650291,1.0885559779973706,1.4979423215471392,0.5560325413117839,2.851911329355471,19,14,1.0348098509802948,0.022988561935076493,0.012183819670072874,1.160549438483136,False,-3.700567142985891e-07,-3.700567142985891e-07,True,1.0,53.06904192548245,0.0,0.0,0.03545748622700566,0.03545748622700566,0.8612658387978291,0.8612658387978291,0.5014596361167716,0.5014596361167716,0.5014596361167716,0.5014596361167716,1,True,True,True
299,20260711,edge_fog,10,11.784425644598775,0.6456057543032969,1.5024999462567026,0.3427664481801863,0.6394304787022295,1.509949128238111,1.281100089473185,0.15811716776719778,1.1099598519544214,2,18,1.3468629941821744,0.015166035567623425,0.013044842935758041,1.3516500007825807,True,0.11150813697745968,0.018395749879815376,True,0.1,48.88695804402232,0.3569185820680151,0.1,0.04207382921007207,0.0370282026909023,0.8627722604334361,0.9263049525532616,0.6842026373931038,0.5943244024025414,0.6842026373931038,0.5535971709074009,7,True,True,True
300,20260711,fat_tree_k4,25,28.198720787389345,0.5258709578842135,1.7353263039234073,0.33931262836863235,0.023678326565970968,0.8623462573478735,1.1546475336518034,0.1686640743143181,1.4724364858618866,12,13,1.0043345343213654,0.018324015977508903,0.031735127863035964,0.7996483918618779,True,0.06164374591641541,0.0,True,0.0,511.66870805900544,0.17941020909645997,0.0,0.029500008399908954,0.027294450320924434,0.885701784177987,0.8649985725043401,0.5949663781302729,0.5056348080979401,0.5949663781302729,0.5056348080979401,8,True,True,True
301,20260711,nsfnet,10,12.039808695025771,0.5021802247706236,1.7606283830461193,0.222252476593763,0.5577707243598403,1.3456012152445003,1.2496383268551674,0.18573937877611832,2.2693839402643627,10,3,1.3405728024568853,0.03823626442370274,0.04159071687784441,1.190241342720149,True,0.13766157393823192,0.011723000126711394,True,0.1,45.53429200313985,0.47281633584157906,0.10000000000000002,0.07516966725286824,0.05217555975483709,0.7781656093236781,0.8792809611900326,0.7381407478883565,0.5536872286320882,0.7381407478883565,0.5536872286320882,7,True,True,True
302,20260711,geant,9,10.1523131482084,0.7310380876822831,1.6734760691482764,0.3758477004945195,0.04037714978750735,1.5845980321365496,1.753672225061138,0.3561499761907593,1.4114907198066893,17,20,1.307807099651833,0.023358911972705905,0.03785791397885152,1.1670413676585563,True,0.04838842871925887,0.019315246651547803,True,0.1,224.41658296156675,0.12868233623726377,0.052823713714263656,0.04319781871284104,0.043786480542732265,0.8868168849178039,0.8721539291327584,0.5686645710762772,0.6233491803272669,0.5686645710762772,0.5305984083496772,7,True,True,True
303,20260711,edge_fog,22,24.39092384590594,0.5468067107238493,1.736461877314468,0.26299904898786786,0.07475290716760663,0.8679226640643323,1.504964082411445,0.2884133001808717,2.5274724658341103,22,24,0.8648092194808465,0.02306680892781882,0.027454685628636663,1.053875381759694,True,2.643841438765323e-06,2.643841438765323e-06,True,1.0,173.97450003772974,0.0,0.0,0.033461491701565954,0.033461491701565954,0.8373108675267085,0.8373108675267085,0.5410131069389708,0.5410131069389708,0.5019830500512067,0.5019830500512067,1,True,True,True
304,20260711,fat_tree_k4,26,29.405380376678764,0.506076901824593,1.7917202981369125,0.4713879867757359,0.48121269506800557,1.1914520153195243,2.0519210559189816,0.41968573785928764,2.841279072324052,30,10,0.9219359787204435,0.03188745163951895,0.020835768211381906,1.4149281025757423,False,0.0,0.0,True,1.0,5.339708994142711,0.0,0.0,0.025573103146530468,0.025573103146530468,0.8985166336321886,0.8985166336321886,0.5018426229813873,0.5018426229813873,0.5018426229813873,0.5018426229813873,1,True,True,True
305,20260711,nsfnet,13,15.091641614436556,0.5364130706146214,1.7029471931660765,0.10041823139795039,0.5596416763974891,0.8670359600227613,1.1963609137119127,0.398982963693707,2.0972520744620438,5,4,1.043033718926826,0.033220249574103654,0.034615098361114455,1.0781021105467343,True,0.10186338317587136,0.0,True,0.0,161.89650003798306,0.302083892036538,0.0,0.05391310658936064,0.04800917334688932,0.8234271654797413,0.840387960676018,0.6548497952823278,0.5045737480050859,0.6548497952823278,0.5045737480050859,8,True,True,True
306,20260711,geant,15,17.40215301492325,0.5514761226347087,1.6903588157404361,0.3426619505970664,0.7081341349490982,0.9005174328252241,1.0814307721833487,0.229450034886318,1.1207435054956865,5,19,1.1676672495649434,0.03231424440130243,0.015477387642658774,1.4247729259624216,True,0.07469295218658727,0.0,True,0.0,85.67187504377216,0.25326206598222234,0.0,0.04578325363925224,0.03871310550327098,0.8468219761811275,0.8846221109078961,0.630997171243843,0.6191567098846992,0.630997171243843,0.5046348300171051,8,True,True,True
307,20260711,edge_fog,12,12.521316003445715,0.5052376363381955,1.6551921701868382,0.17117330437428577,0.6328451970349088,0.764385853820656,1.6078004786357658,0.5841599104325504,2.6018026995010866,20,1,0.8979012775799392,0.024115452944299218,0.03046451961413852,1.370647903106309,False,-8.173674134068017e-07,-8.173674134068017e-07,True,1.0,87.97687501646578,0.0,0.0,0.034166090113420866,0.034166090113420866,0.9072556099304667,0.9072556099304667,0.5530447255063322,0.5530447255063322,0.503397705663577,0.503397705663577,1,True,True,True
308,20260711,fat_tree_k4,6,5.602181143952471,0.5388489763777122,1.3265278760883632,0.5494352624521264,0.6959478929319207,0.8624747384283169,1.5407162511879984,0.3661040200460962,2.55243965125044,14,25,1.1101452337083928,0.01856420955870526,0.0290092195337243,1.1886793416530808,False,0.0,0.0,True,1.0,58.383458061143756,0.0,0.0,0.0426886996080526,0.0426886996080526,0.8962718461167025,0.8962718461167025,0.8654165457082884,0.8654165457082884,0.7665337848988155,0.7665337848988155,1,True,True,True
309,20260711,nsfnet,13,12.14368531131558,0.5196772952676818,1.7464840044067331,0.05129450668556622,0.4721762127919932,1.4126551314833624,1.8105660227571976,0.16305280053979182,2.1263493452025486,8,3,0.9849849241002722,0.034274083707765315,0.043212770619896285,0.8090879302529203,True,0.02286837054561326,0.019453658445429477,True,0.35,101.79120907559991,0.049936876005201046,0.042564012158023426,0.05181910134174524,0.05159885446638565,0.8344193252170516,0.901099849806812,0.5284592663761192,0.5246252987816664,0.5284592663761192,0.5246252987816664,4,True,True,True
310,20260711,geant,21,24.449427876957582,0.5841998720477405,1.7180758428440979,0.33461243505166754,0.5762449567045562,1.0632734555982455,2.110530742846055,0.13310001546669223,1.1220625520311216,13,10,0.968561987603905,0.02858330829954678,0.02178196917484826,0.8805494404922317,False,0.0,0.0,True,1.0,4.443999961949885,0.0,0.0,0.03908026646356243,0.03908026646356243,0.8727708232121716,0.8727708232121716,0.6302735022078179,0.6302735022078179,0.5000259845620734,0.5000259845620734,1,True,True,True
311,20260711,edge_fog,17,16.668046536444127,0.55370614780431,1.5493584937994844,0.11457110102929331,0.5129071609405498,1.6164231321382982,0.3957878351728734,0.5664482488290695,2.5378047603970555,12,3,1.1835656646453896,0.028808234697289704,0.017783534973141744,0.8737227867568965,False,-0.10140345799679386,-0.10140345799679386,True,1.0,0.5938750691711903,1.0,1.0,0.0769415728905098,0.0769415728905098,0.8702359983440194,0.8702359983440194,1.694348466943564,1.694348466943564,1.0,1.0,1,True,True,True
312,20260711,fat_tree_k4,16,16.676915756078085,0.5073194681647841,1.716533717253838,0.4682720196015011,0.11731294975722548,1.7608284782085506,0.9324688734964568,0.623713620784158,1.9690115253891205,35,33,1.1615456020498622,0.015241382710625834,0.029873121643560294,1.451887585175344,True,0.11529847797364731,0.017485487440430127,True,0.09999999999999999,149.8075840063393,0.4251010572518466,0.1,0.048927364401427025,0.0374250126932627,0.7773431476013102,0.8621648391070257,0.9778304588683085,0.7889766452508911,0.7151420710148688,0.6215440608877353,7,True,True,True
313,20260711,nsfnet,5,3.966550679515701,0.49593293850782955,1.4707929085111588,0.2421439419188008,0.3436938545553279,1.6992122498039013,1.608709953494275,0.18224442461287124,2.8624833503634335,4,1,0.8067515204244425,0.016515654525772975,0.031094021197977537,1.0392887882818551,True,3.5024318529414876e-05,3.5024318529414876e-05,True,1.0,245.0405830750242,6.897533366947341e-05,6.897533366947341e-05,0.06188897505756599,0.06188897505756599,0.858048444412076,0.858048444412076,0.5414067429700362,0.5414067429700362,0.503964649214747,0.503964649214747,1,True,True,True
314,20260711,geant,5,6.179219885760897,0.7766258527172227,1.7083435565194351,0.014898524041754697,0.1546164995689733,1.3658800921697627,0.49392208638682034,0.3390712191448598,1.2644241838739367,13,4,0.9655921657962324,0.017680098885215864,0.024863668484710645,0.9270822484431944,False,-0.07440936827653474,-0.07440936827653474,True,1.0,0.1960830995813012,1.0,1.0,0.0667031603272765,0.0667031603272765,0.9346574969694083,0.9346574969694083,1.089874615363649,1.089874615363649,1.0,1.0,1,True,True,True
315,20260711,edge_fog,8,8.659277798418877,0.47971972080795383,1.6912947101590334,0.006447644257752305,0.10618794865649854,1.5021785537447365,0.5183753197780958,0.5831778609511129,2.05561165771903,12,20,0.7800962811159525,0.018653603444572543,0.013226241794755903,0.7855605044467642,True,0.06392301591044797,-0.010659655100489428,True,0.7499999999999999,7.497458020225167,1.0,0.75,0.07982466324814609,0.05777939995970657,0.8687351230415115,0.8374597829982087,1.7459258259189419,1.3790519728468804,1.0,0.8753472671139924,2,True,True,True
316,20260711,fat_tree_k4,8,8.329486238731674,0.749428119526278,1.3789857897204272,0.3084036572025479,0.614147752852902,1.413281332348821,1.2986608549266416,0.30896880080947053,2.722583177775881,5,21,0.7768640248692744,0.021582907162891223,0.027497371835747696,1.2169581306674373,True,1.225277687523323e-05,1.225277687523323e-05,True,1.0,23.144874954596162,2.9354976561366902e-05,2.9354976561366902e-05,0.04161991135469587,0.04161991135469587,0.8334530666747959,0.8334530666747959,0.9677867782954629,0.9677867782954629,0.7178481313375604,0.7178481313375604,1,True,True,True
317,20260711,nsfnet,7,8.321008024726334,0.6354159728888261,1.577568601442363,0.29512802203978844,0.25997122273761747,1.0953491024291735,0.25573914247303,0.47312860182443794,1.3834233109087795,2,4,1.0292246215839418,0.015540298086910825,0.02076552195101789,1.4350074186684274,False,-0.10478750737810497,-0.10478750737810497,True,1.0,0.21533400285989046,1.0,1.0,0.10061626151178048,0.10061626151178048,0.8971754898413272,0.8971754898413272,1.0,1.0,1.0,1.0,1,True,True,True
318,20260711,geant,18,20.039250823031857,0.5532632886449693,1.7779791577928794,0.3288993155189702,0.46817433296921807,1.0446740650107182,0.7471838215759019,0.4863227731123855,2.4605981784386364,11,13,0.7602864257564135,0.038478168686519335,0.03697934553192918,0.9230165328059068,True,0.02380839548180868,0.01911863624555496,True,0.35,21.258709020912647,0.09834091661861634,0.07457452339070267,0.03886698202197991,0.03638224189353986,0.8967785067771287,0.9129397415570332,0.5665367125774148,0.5483683210187364,0.5665367125774148,0.5483683210187364,4,True,True,True
319,20260711,edge_fog,5,6.218798198069743,0.7325938300337138,1.6617787135742303,0.2732140778699757,0.5300927794138853,0.9633284649028063,0.31849242437093195,0.2566519826724408,2.8713316949513104,22,22,1.2345024290524953,0.02147328180822279,0.041252946108988164,0.7056359647346484,True,0.07520963301962837,-0.04127210142402342,True,0.7499999999999999,1.6953750746324658,1.0,0.7499999999999999,0.08451481235812924,0.06855051728087376,0.8659695309227823,0.8275215245848259,1.7949299421609664,1.397464971080483,1.0,0.8821954433613121,2,True,True,True
320,20260711,fat_tree_k4,4,6.248866201620878,1.4643816772587075,1.618081902432922,0.27309218024843773,0.04047756256813993,1.7992419001387376,1.9387592541727514,0.44366377876960417,1.6735665385978564,27,13,1.1014766496868758,0.030860852844262012,0.02751864747213273,1.4579676616176744,False,0.0,0.0,True,1.0,10.137125034816563,0.0,0.0,0.045121364566655005,0.045121364566655005,0.9302736737648771,0.9302736737648771,0.7577754821826609,0.7577754821826609,0.5228502053137661,0.5228502053137661,1,True,True,True
321,20260711,nsfnet,4,4.0957531522949955,0.498993491749832,1.6365244407557158,0.4393016902293975,0.7173754290888125,1.1111847107315855,1.6643823675348206,0.2103306496743292,1.930782527511258,9,6,1.001302219834702,0.030451819481059572,0.026596456910805873,0.8218022409168433,True,3.101444775030241e-05,3.101444775030241e-05,True,1.0,268.1458330480382,6.76048670298596e-05,6.76048670298596e-05,0.055019928441493615,0.055019928441493615,0.9052901327380648,0.9052901327380648,0.8166426505834147,0.8166426505834147,0.6589316984529198,0.6589316984529198,1,False,False,False
322,20260711,geant,16,16.671284543294497,0.4650352103798466,1.7595161369136247,0.2013437303280095,0.6887863464251331,0.8304830109379436,0.7515717136373292,0.35780832472463664,2.282433632513544,10,10,1.2182347663186972,0.035111769355196956,0.021495157233511936,0.8235416292764689,True,0.1009970532868436,0.006500156899653026,True,0.25,81.08341693878174,0.5157595125590423,0.25,0.051655628942964146,0.03812544110136026,0.8595543110488213,0.8776979856983591,0.7663362262370966,0.6317116248203762,0.7663362262370966,0.6317116248203762,5,True,True,True
323,20260711,edge_fog,21,23.40553077701345,0.493394736803056,1.7380872539999819,0.4437607138586832,0.5295328542468299,1.7121748329245836,2.0844360989839483,0.49509648547610785,2.6968754099280545,21,12,0.9076392895870034,0.01511060782756789,0.02648928460267726,1.140993055659499,False,-9.349011830525774e-06,-9.349011830525774e-06,True,1.0,68.30945902038366,0.0,0.0,0.03396529851690799,0.03396529851690799,0.8634071894580746,0.8634071894580746,0.5446464078734784,0.5446464078734784,0.5013830610618103,0.5013830610618103,1,True,True,True
324,20260711,fat_tree_k4,24,31.446908258830486,0.47227476856898215,1.748285140704311,0.3964161475393255,0.6464446846965229,1.5730000470460794,1.08264612590548,0.10908453297589726,2.229478026772327,16,5,0.7824157131066015,0.026818898636356007,0.049206810942622865,0.9463866415573767,False,0.0,0.0,True,1.0,17.261166009120643,0.0,0.0,0.029508686342901092,0.029508686342901092,0.8695119227315022,0.8695119227315022,0.5050460776761032,0.5050460776761032,0.5050460776761032,0.5050460776761032,1,True,True,True
325,20260711,nsfnet,11,12.012437035159875,0.5377891540144251,1.7985448602676346,0.4199444724265901,0.09880631795629578,1.2185782571363577,1.5360534605814415,0.47170769404492663,1.863714176663333,9,0,0.9324754548853628,0.015618874219073603,0.04248360612247161,0.9860240444975534,False,-5.121011204696518e-06,-5.121011204696518e-06,True,1.0,46.5643749339506,0.0,0.0,0.049132524145748924,0.049132524145748924,0.8504614607165906,0.8504614607165906,0.5016535162941466,0.5016535162941466,0.5016535162941466,0.5016535162941466,1,True,True,True
326,20260711,geant,12,14.861251687693994,0.6182326211167543,1.784145429367348,0.46728514482694483,0.08881031412855994,1.3419531031289256,2.0643702451901795,0.1575813341984028,2.678604746935701,18,11,1.3212187376743878,0.03656920828960434,0.04666009712494495,0.9108685080480659,False,-8.647015196792126e-07,-8.647015196792126e-07,True,1.0,27.45637495536357,0.0,0.0,0.03815373410062816,0.03815373410062816,0.8740046238901222,0.8740046238901222,0.5306946940247909,0.5306946940247909,0.5158204290063072,0.5158204290063072,1,True,True,True
327,20260711,edge_fog,4,4.810297526481133,0.6152847374499308,1.5359274764040973,0.4306621644852058,0.39797762595972247,1.0204986410804262,0.25836251566813706,0.2056812365949321,2.245576647984697,10,10,1.2409820675860335,0.022331806044577983,0.036319954535190976,0.9806866547470631,False,-0.02898361770108381,-0.02898361770108381,True,1.0,0.150916981510818,1.0,1.0,0.08440293903662388,0.08440293903662388,0.899612783616085,0.899612783616085,1.6884498469041853,1.6884498469041853,1.0,1.0,1,True,True,True
328,20260711,fat_tree_k4,16,16.90936375730183,0.5062575156959627,1.7627768268915016,0.2940844974909187,0.35706380580153213,1.0926975397519778,0.5940814914675177,0.5077055824335883,2.088770795277341,33,15,0.851484531036973,0.024881315848060748,0.035490272725140486,0.8069333221325545,True,0.09476783247771582,0.017857568572808152,True,0.15,143.25162500608712,0.4008856835264348,0.15,0.0391279547254977,0.03252810061253979,0.8225071953255106,0.8552797569202563,0.7327106760160725,0.6025724084584083,0.7036926709391743,0.5784016965686822,6,True,True,True
329,20260711,nsfnet,14,15.307215607249269,0.46788108839275383,1.785631589843986,0.34648765640743395,0.07981906305238862,1.6786727092061597,1.8383234425634798,0.5532365107125771,2.6170385220718093,10,3,1.1508094581516173,0.01837047492615998,0.010709152209524715,1.3520676190850365,False,0.0,0.0,True,1.0,18.15604092553258,0.0,0.0,0.04833990931740615,0.04833990931740615,0.8646133965961754,0.8646133965961754,0.5003971199666701,0.5003971199666701,0.5003971199666701,0.5003971199666701,1,True,True,True
330,20260711,geant,15,17.566725620208334,0.5356713062471881,1.6985358400516584,0.14991183652620574,0.5523462323500654,0.6659136251631076,0.9445211502800983,0.40570255901792074,2.9516073383317485,4,10,1.299329980155104,0.0365617771375954,0.019716803112255415,0.8267990909233626,True,0.11850588581527007,0.01893414667878377,True,0.25,54.96458301786333,0.5075723686886998,0.25,0.05320238019030087,0.03860713095187899,0.7916667569985113,0.8834424092672298,0.7591043287761545,0.6304933031650833,0.7591043287761545,0.6304933031650833,5,True,True,True
331,20260711,edge_fog,8,9.057788329544984,0.7563604307944132,1.717130424355793,0.4975400734692903,0.2873619523225348,1.5081273329557727,1.0023081084110737,0.27344333004696353,1.7399376705967957,18,20,1.1392253848832616,0.024815901838177907,0.026380516292908274,1.0257659087519877,True,0.06752965512822233,0.0,True,0.0,411.5236250218004,0.23122611095235557,0.0,0.03460460738294277,0.033267953910314,0.9063760584586091,0.9385174006320297,0.6356796043160805,0.652517648042636,0.6156878185523238,0.5011536172098264,8,True,True,True
332,20260711,fat_tree_k4,30,34.50921844652785,0.4820135001968193,1.7165479879705319,0.0662249865498044,0.08623585207034867,1.2714996876782836,0.7041769984329349,0.15003109434580092,2.1737415508464606,34,14,0.8703806362684608,0.019036947233332706,0.03794864980441363,0.7623020872670552,True,0.20940510993596365,0.005848153110955692,True,0.25,34.82212498784065,0.8508137912585082,0.25,0.06878845296954762,0.0330682592228252,0.7656072455183661,0.8491744706475494,1.6098180774434556,0.6336796114782831,0.932149440439046,0.6336796114782831,5,True,True,True
333,20260711,nsfnet,10,10.479959817415203,0.4819796905917981,1.7263477637080193,0.47454495363223026,0.5220314228602074,0.9019602012305405,1.5211329914934482,0.6300676382451341,2.137793227547263,2,2,1.3414153467338112,0.031026911022233244,0.04679937165899609,0.9966508600903454,True,0.03961259400683855,0.0,True,0.0,109.23062509391457,0.11578928979413065,0.0,0.04784962267546205,0.04684290710781648,0.8692773277216028,0.8755614091518867,0.5580061290796311,0.5012882738823005,0.5580061290796311,0.5012882738823005,8,True,True,True
334,20260711,geant,22,24.923539684477767,0.5571453509921057,1.737382321684647,0.06285742579898176,0.344508079755977,1.0292778557657025,1.7690975138502172,0.3578423288292508,1.763850834946564,9,13,1.3267051037087283,0.03712296206125777,0.03850475403277291,1.472176623595128,True,0.11087199592472056,0.0,True,0.0,179.61654195096344,0.3057305855949212,0.0,0.04489043573787489,0.037098535351065005,0.8722812612313866,0.8478888936373654,0.656849117295365,0.5068362003650295,0.656849117295365,0.5068362003650295,8,True,True,True
335,20260711,edge_fog,8,8.811175691395324,0.46413437190990664,1.7205587350466078,0.510621026019719,0.07028062973391411,1.6170402203008538,1.4484680550634002,0.14913787021387012,2.511945698151688,0,1,1.2080568496271273,0.01932598748124906,0.017455746822423367,0.9631445718161056,True,0.0033405224156292453,0.0033405224156292453,True,1.0,3.1354170059785247,0.009129912087586721,0.009129912087586721,0.041283434756863774,0.041283434756863774,0.9059768905070857,0.9059768905070857,0.7496742823597756,0.7496742823597756,0.5419575147901469,0.5419575147901469,1,True,True,True
336,20260711,fat_tree_k4,14,16.22215924945548,0.4768332081981241,1.7732990178772259,0.0033321096211750946,0.16496967288412978,0.7728217414320869,1.6295499186893025,0.38767509730348293,2.9610365345683975,7,27,1.1127638633108727,0.029229489793090667,0.046809483370932804,0.8970786148296624,True,0.11974011190189952,0.0,True,0.0,101.4101249165833,0.3001165674834203,0.0,0.0355456914272932,0.0313000833820974,0.8458147647586067,0.9151360410711942,0.652493442550066,0.504489178899097,0.652493442550066,0.5017296663363571,8,True,True,True
337,20260711,nsfnet,6,6.541830292530381,0.5493525174663865,1.6435490317064814,0.5363262052951854,0.6671639263947328,1.3865288269740206,0.45648555858792816,0.35038256921317346,1.2941082979031784,12,7,0.9168108091198948,0.03041179600256009,0.04237369460558301,0.7209442025460738,True,0.04563345990525821,0.011600584514847731,True,0.09999999999999999,97.5627499865368,0.2656789836100295,0.09991113160902888,0.05759308139530694,0.049740896879721434,0.8649543773509245,0.9107891035333027,0.6438917720048726,0.5676610826820281,0.6438917720048726,0.5676610826820281,7,True,True,True
338,20260711,geant,12,12.607856188500985,0.45046392741259894,1.766830132434375,0.39941647869298885,0.44312991535295265,1.7133477773808226,0.2660874346279938,0.4233417321156816,1.0705334647403044,16,15,0.8718599681898527,0.03872712535864075,0.01950307895425378,0.7972702604900342,True,0.04277801056015295,0.008420802774783827,True,0.5,8.802000083960593,0.694011781263538,0.5,0.06214380920721264,0.04930859236125297,0.8789952260975817,0.8708733686357936,0.8764163194872164,0.7746270135651493,0.8764163194872164,0.7746270135651493,3,True,True,True
339,20260711,edge_fog,14,16.20980063749686,0.5756085252030753,1.7632965575994366,0.5426051978205536,0.12858194469224807,1.7263806373526585,1.6128143123203253,0.5838098120614517,2.7182189703705877,6,11,1.2057456555618027,0.018056819391650138,0.016362886986005885,1.2183471331367897,False,0.0,0.0,True,1.0,52.66666691750288,0.0,0.0,0.03587715635346631,0.03587715635346631,0.8805754100836609,0.8805754100836609,0.5639621238142631,0.5639621238142631,0.5017973123535523,0.5017973123535523,1,True,True,True
340,20260711,fat_tree_k4,11,14.382177668527065,0.8435879705589864,1.7266209265873296,0.49512649745863163,0.7156417102792505,1.4069845705698012,0.43249267674159353,0.10459046638458136,2.6302914218550377,16,5,0.9796586320765642,0.018069773138189093,0.023256264981448567,1.279213733885596,True,0.06632496397632792,0.004598401002695141,True,0.15,85.45558294281363,0.4017049659194347,0.15,0.041831728736350195,0.03612012384652723,0.8695480084353562,0.8703774720288863,0.7135743043490281,0.702676300173908,0.7135743043490281,0.5892430506469184,6,True,True,True
341,20260711,nsfnet,5,6.851073427152903,0.8603227076781514,1.7779473161836201,0.32517075605094686,0.6272669017463611,1.1644699003315115,1.7344852540728994,0.3897535390246406,2.004938420503156,6,11,1.0805913248247179,0.025139558686434672,0.022914589004582077,1.4770721276654446,False,0.0,0.0,True,1.0,5.132124992087483,0.0,0.0,0.07421517485462567,0.07421517485462567,0.8604566006208476,0.8604566006208476,0.7107399179501621,0.7107399179501621,0.7107399179501621,0.7107399179501621,1,True,True,True
342,20260711,geant,22,25.725657952588225,0.4692826438144305,1.7997639041160984,0.1408489878178622,0.6245465651930965,1.5642287292619885,1.090856492426129,0.44128978312956,1.667316969991051,10,9,1.020161041888124,0.039081569175246245,0.03832556260723171,1.4541068513012956,True,0.11408594519558538,0.019083735535035673,True,0.1,118.07450000196695,0.38151418062243314,0.09999999999999999,0.04510769881980471,0.03450935471740481,0.8219299069066295,0.8744070081646872,0.6966711698240801,0.5566262417391252,0.6966711698240801,0.5566262417391252,7,True,True,True
343,20260711,edge_fog,22,25.36270369019465,0.46835896849865727,1.7635890673292196,0.4701313049953694,0.1472585807745491,1.4921597768174686,2.1513335646370244,0.5039735081583281,1.1312323947490985,19,0,0.8509948499741612,0.02232916345675309,0.04540171348920559,0.7733442543963073,False,-6.6866586290959235e-06,-6.6866586290959235e-06,True,1.0,90.6152909155935,0.0,0.0,0.031162097941243163,0.031162097941243163,0.8496036410043233,0.8496036410043233,0.5014531583698689,0.5014531583698689,0.5014531583698689,0.5014531583698689,1,True,True,True
344,20260711,fat_tree_k4,13,14.364044572308384,0.6319834576604253,1.7787901733998208,0.3226967873376797,0.4554866447499425,0.6898289315739589,1.021127882298029,0.47455456775403126,1.9211239663198136,5,16,1.2619936508636262,0.02717875874613102,0.043901779468450905,1.1458435696474383,True,0.1029993635782847,0.01888457762851823,True,0.15,117.35591699834913,0.38579657449848404,0.15,0.04128375455687661,0.032921581898878075,0.8530033550462568,0.8936066674841578,0.694218809262009,0.5844626966290868,0.694218809262009,0.5771058581969282,6,True,True,True
345,20260711,nsfnet,14,18.38041084422322,0.6426549988200381,1.7438753201723896,0.43724566071059867,0.11774843343702479,1.7374189659187578,1.9076010333831643,0.5163860878633104,2.4303221044304886,10,7,1.2328595282763524,0.02845915911438749,0.024910303978766424,0.8160316844718559,False,0.0,0.0,True,1.0,76.41800004057586,0.0,0.0,0.04342553596354277,0.04342553596354277,0.8825065112543562,0.8825065112543562,0.5009767302121031,0.5009767302121031,0.5009767302121031,0.5009767302121031,1,True,True,True
346,20260711,geant,17,18.865928349576087,0.46856739557323124,1.7299342748907787,0.005679345021332361,0.4744801520561727,1.317302845082457,0.407145033710697,0.19603820914037856,1.724943860007452,9,0,1.1843077149002152,0.028474003440206307,0.012287208238335848,1.3135799934942665,False,-0.1396916375114136,-0.1396916375114136,True,1.0,0.5978330736979842,1.0,1.0,0.0702241557605347,0.0702241557605347,0.8893414681930831,0.8893414681930831,1.0000000000000002,1.0000000000000002,1.0000000000000002,1.0000000000000002,1,True,True,True
347,20260711,edge_fog,24,29.40259697691428,0.5372423123166573,1.7458184955623812,0.3448843830100521,0.6879206133057296,1.1147765665802154,1.5832491347004956,0.1499822715100907,1.9677948648924513,5,9,0.9975558377985041,0.031935607206228116,0.018588212688379645,0.9895643116117125,False,0.0,0.0,True,1.0,32.316583092324436,0.0,0.0,0.03167482831596259,0.03167482831596259,0.8604136737779676,0.8604136737779676,0.5010345869449518,0.5010345869449518,0.5010345869449518,0.5010345869449518,1,True,True,True
348,20260711,fat_tree_k4,26,32.57077650991105,0.4678834849633718,1.7780103193461978,0.25740439949297833,0.43893582829548944,1.6147591802757808,0.8246367182599375,0.10013609573050787,1.5591882199494262,33,29,1.1613268240136827,0.034517915670887106,0.01302485066451035,1.2864424007293982,True,0.16734447958402993,0.014911346648748797,True,0.25,64.50774997938424,0.6937239015531865,0.25,0.06043364262771058,0.035111584208574305,0.711630948534035,0.8368964365001024,1.3246233362054172,0.6574441862230943,0.8476058427290598,0.6276428408776182,5,True,True,True
349,20260711,nsfnet,13,14.158005960066157,0.46366793915872573,1.767324286109823,0.49266545290468083,0.43098434581596934,0.7553132600074526,0.44403313252060816,0.2567436728425806,2.0062678337913127,6,10,0.9770434373448664,0.0270973463542995,0.029024180177135407,1.3974788844062036,True,0.05528104162684932,0.009843973992777023,True,0.15,26.776124956086278,0.33656476110471906,0.15,0.059634047373345433,0.05011207438574739,0.8876255731193419,0.8979939616648249,0.673023584045651,0.5750792743834967,0.673023584045651,0.5750792743834967,6,True,True,True
350,20260711,geant,4,4.950152669233807,0.9213134064803669,1.7581418164834195,0.03993365124702389,0.1698714958292793,0.664175976262419,1.0190042347164638,0.404921000289588,2.1319749363098897,19,18,1.142278411485056,0.03615333604422016,0.00992966672104977,1.263985582511331,True,0.21015831721965417,0.01885962058088124,True,0.25,61.88787496648729,0.7309247093639366,0.25,0.07413120277202685,0.05084866485210236,0.8065088294374079,0.9279608696170295,1.3043479077429638,0.6884583041783698,0.8728677799886702,0.6343897963681188,5,True,True,True
351,20260711,edge_fog,14,14.09114566001549,0.4500590406723284,1.6786454551599217,0.44978047118799863,0.4160871562977858,1.1155101152320035,2.1056716438637357,0.31621967871288703,2.047708222297257,12,4,0.8207625847168749,0.016207179882158137,0.04934176872265099,1.4157911488675534,False,-4.0373821163253176e-07,-4.0373821163253176e-07,True,1.0,53.04429098032415,0.0,0.0,0.03409137012361436,0.03409137012361436,0.8828161338181812,0.8828161338181812,0.5598572161225197,0.5598572161225197,0.5021879446366196,0.5021879446366196,1,True,True,True
352,20260711,fat_tree_k4,16,18.48685141834165,0.5718951110774652,1.6898752256693492,0.5059745646813177,0.44788912533523173,1.3363075977436976,0.5908566804275674,0.1869080015742593,1.4702939152366439,18,34,1.315375249561012,0.026931658425240534,0.02234020525371158,1.1051810209397694,True,0.132066707321119,-0.004838967286187628,True,0.3499999999999999,36.50908300187439,0.8171428273753247,0.35,0.059623038081599376,0.029562173689325465,0.7389801054565523,0.910292372802752,0.9145624548413545,0.6860582043857218,0.9145624548413545,0.6860582043857218,4,True,True,True
353,20260711,nsfnet,6,6.875936371804653,0.6505943631536149,1.6720806098594414,0.09357035406833429,0.23142140707287406,1.6677446044158604,1.4737580455553856,0.34993673135766923,1.9339935372140697,2,9,1.2059470817791014,0.02457296473878516,0.019255658213982597,0.8973411728566552,True,0.15453020089759942,0.0,True,0.0,72.46125000528991,0.42868532712990903,0.0,0.07391168820197375,0.05892686474379029,0.8151155972301545,0.9273467404315056,0.714807238041747,0.5013913001314141,0.714807238041747,0.5013913001314141,8,True,True,True
354,20260711,geant,9,8.323775916201573,0.5055283798603117,1.4550920577921345,0.4777572207716912,0.3499738274477801,1.1497690885071485,1.2893984492114003,0.14265772011041059,1.3243580011660976,13,13,0.7743132494174468,0.03388352993529179,0.04054257757298611,0.7501564906805595,False,0.0,0.0,True,1.0,14.368582982569933,0.0,0.0,0.03786464602462211,0.03786464602462211,0.9148178841653029,0.9148178841653029,0.5041235728180643,0.5041235728180643,0.5041235728180643,0.5041235728180643,1,True,True,True
355,20260711,edge_fog,7,9.202411284819409,0.722704449761706,1.7726135453083063,0.527998912604105,0.45505557993087586,1.3665015509353458,0.9752039834762734,0.507230418669299,2.574497026562115,14,13,1.0634168162045332,0.01672415628702304,0.04521898524265444,0.9313657011108001,True,0.02823157837952844,0.017218653441728102,True,0.15,407.30333398096263,0.09399395361990263,0.059069463071894125,0.036195858418681004,0.035313052854742726,0.925141012631266,0.9290804199374519,0.617047947345784,0.6091689234537604,0.5479535281711845,0.5311510021966048,6,True,True,True
356,20260711,fat_tree_k4,13,13.99357067253616,0.4600511626704434,1.6319476858773885,0.15776624319957988,0.09618425611826388,1.4684452798772094,0.8718559335306573,0.5437119667903623,1.0797563094532985,13,21,1.3105087347742699,0.01584415797180769,0.017803650650036217,0.7676315219198924,True,0.12788218782193622,-0.007709435216549848,True,0.5,4.389583016745746,1.0,0.5,0.08950242174186988,0.055210514580623704,0.8146712167745931,0.8285770119791592,1.8188475495862002,1.0953704575875487,1.0,0.7820118482635815,3,True,True,True
357,20260711,nsfnet,7,8.488694274223384,0.701002939612055,1.7321359137444146,0.30079033496562413,0.13328113230940633,0.7563098422616914,2.242547869478659,0.22583937771598725,2.8781897264221525,10,7,0.976673317759313,0.015545946699895844,0.010830043807336695,0.70832959479089,False,0.0,0.0,True,1.0,152.06966700498015,0.0,0.0,0.048027301596211484,0.048027301596211484,0.9138240855880312,0.9138240855880312,0.5022234589891281,0.5022234589891281,0.5022234589891281,0.5022234589891281,1,True,True,True
358,20260711,geant,13,13.878697688983936,0.5276650562752322,1.7176890303507444,0.16260077661470776,0.028186384333317376,1.4868528903078126,0.6947258045865758,0.11910932823798069,1.9152084237820046,2,1,1.2507489472302316,0.02419258811841707,0.04534395457513597,1.411019137278357,False,-0.007960360450763176,-0.007960360450763176,True,1.0,0.4347910871729255,1.0,1.0,0.07500772513263275,0.07500772513263275,0.8798090563112433,0.8798090563112433,1.0000000000000002,1.0000000000000002,1.0000000000000002,1.0000000000000002,1,True,True,True
359,20260711,edge_fog,10,11.552188453329604,0.46070819737799074,1.761703437837755,0.24358069547320618,0.2857440551796534,1.0047016932834407,1.0009026316562923,0.34020964103620027,2.2806961520457856,15,20,1.3452232798278732,0.021482664106528694,0.012051902640163842,1.2158355255151982,True,0.19228052009824315,0.012418956273938676,True,0.25,19.096040981821716,0.7491599500887709,0.25,0.0647533521737969,0.040078084626982924,0.8038240148291385,0.9002133427017435,1.374194141270123,0.6592816223372768,0.8822961151682998,0.6251758806961225,5,True,True,True
360,20260711,fat_tree_k4,4,5.520766172619361,0.9436006248011246,1.7172734728269274,0.01901194711139132,0.34368383974861605,1.755775192336582,1.5855992647634658,0.454751733307877,1.7684025180597691,12,22,0.7571290677942533,0.015935617577152984,0.025794576238584166,0.8464263189994061,False,0.0,0.0,True,1.0,11.525875073857605,0.0,0.0,0.05986882432110109,0.05986882432110109,0.89943798673931,0.89943798673931,1.2357615218828106,1.2357615218828106,1.0,1.0,1,True,True,True
361,20260711,nsfnet,5,4.9075171349894315,0.5842616114729036,1.325323052080074,0.07187594364094131,0.3258378390214021,0.82000050285785,1.5355426267448467,0.16447148753785856,1.485314676217343,3,12,0.898153585470614,0.0388540346053708,0.040540447058021886,1.3130122960770962,True,0.02614111611648105,0.0,True,0.0,126.34883297141641,0.058931521028288365,0.0,0.06559324878470084,0.0681599072659393,0.8976343924243627,0.9084039381234793,0.5358628053009301,0.5120860637400546,0.5358628053009301,0.5060841378751035,8,True,True,True
362,20260711,geant,11,12.177909812533036,0.5318237248479942,1.7984331870281793,0.5298794940880298,0.4834379633587387,1.2713162654283046,1.798631039973609,0.46516764753880036,2.6985343113625335,4,15,0.9659833948943457,0.039744972214532305,0.03755281363111697,1.1543109073236106,False,0.0,0.0,True,1.0,55.996499955654144,0.0,0.0,0.03742123793832872,0.03742123793832872,0.87031602345878,0.87031602345878,0.5101014250795471,0.5101014250795471,0.5101014250795471,0.5101014250795471,1,True,True,True
363,20260711,edge_fog,8,8.393762988293004,0.5200463320581009,1.7281964300085564,0.5188721463519501,0.10367447933519018,1.1634244690698365,2.118158777781609,0.26031878789442464,2.4313524285755017,0,14,0.8851150342010895,0.03626994887476342,0.013318131412155317,1.265350795876127,False,0.0,0.0,True,1.0,0.5816249176859856,0.0,0.0,0.04175599314948402,0.04175599314948402,0.9171350074482397,0.9171350074482397,0.7791608060411466,0.7791608060411466,0.6188437546178126,0.6188437546178126,1,True,True,True
364,20260711,fat_tree_k4,13,15.962259481573444,0.7688801103303116,1.7536018002577871,0.3698344121212722,0.2942093925297733,1.2646354438163814,1.608568298996111,0.22992275754007002,2.955223901118074,5,15,1.273985300326527,0.02647449349825936,0.04235850145507234,0.7584174762606902,True,0.0484145232731685,0.0,True,0.0,157.60529204271734,0.13217276699433944,0.0,0.029725023042188617,0.03095461239199732,0.8772688403476584,0.9040295364890227,0.5675220780372502,0.605953970055065,0.5675220780372502,0.5020760674070219,8,True,True,True
365,20260711,nsfnet,6,7.949441510925025,1.1338910100992896,1.6209686500837064,0.003384871845872678,0.4653616077420465,1.3805160979873308,0.7081898113824199,0.5410470240777525,2.9539412809380163,13,9,1.3034637984243331,0.01712689981970561,0.00823973225677628,0.8902538718392843,True,0.06512734200668886,-0.02856889752590086,True,0.75,0.5772920558229089,1.0,0.7500000000000001,0.09809422762632833,0.08140437070213015,0.9131273614483726,0.8450735584740776,1.1998849739758177,0.9386868166435488,1.0,0.8796082945005226,2,True,True,True
366,20260711,geant,22,25.456885706575836,0.4765668922927704,1.7911334532145213,0.2402465484187912,0.7355742155026314,1.1400402503511988,1.6771084180529818,0.33462837064858164,1.008429523335251,10,1,0.7591123494379874,0.03463684491744775,0.028073801197290794,1.4956709015962881,False,0.0,0.0,True,1.0,17.58204190991819,0.0,0.0,0.035410755820865836,0.035410755820865836,0.8807226992852388,0.8807226992852388,0.5024267347193865,0.5024267347193865,0.5024267347193865,0.5024267347193865,1,True,True,True
367,20260711,edge_fog,5,5.160078040772842,0.4665002460729976,1.778704486547678,0.1779007689855717,0.49989007629648635,0.7195476763414752,1.1568806900236064,0.47295852916795467,1.6736545736211812,1,12,0.821023829429512,0.03383120381359807,0.04645927193721681,1.057978957008608,True,0.03488862455505739,0.0,True,0.0,904.7139160102233,0.09080124339000074,0.0,0.03699940411848435,0.038667185257838896,0.9228813486387638,0.9271277074642059,0.8335526789034111,0.9204859463463873,0.550838402025297,0.5444191866552341,8,True,True,True
368,20260711,fat_tree_k4,28,34.72154008540592,0.5722843845363133,1.7649465156282305,0.5217977783443091,0.19916802182353546,1.474146586464794,2.1994628106912635,0.5533720789163609,1.2654532889377272,8,13,0.9274532325183292,0.03541392873490324,0.032492641343141664,1.4534227772317507,True,1.1811226401006669e-06,1.1811226401006669e-06,True,1.0,101.54987499117851,0.0,0.0,0.028186855820019945,0.028186855820019945,0.8368016588798772,0.8368016588798772,0.5033540750310772,0.5033540750310772,0.5033540750310772,0.5033540750310772,1,True,True,True
369,20260711,nsfnet,4,4.599707134726567,0.6370563481600984,1.7200847724385764,0.3064096903172978,0.3366201918244044,1.7241328042398942,0.29816023565860794,0.47925555115150875,2.4419258457282,11,12,0.7530640366485167,0.039193389387410106,0.012407439962887378,1.2855949902102382,True,0.11972484390570354,0.01150737892751163,True,0.5,29.224875033833086,0.8379305454109578,0.5,0.09873668888966118,0.07159120099942322,0.8445335250151735,0.9353584328004078,1.182609998759712,0.7862235190829895,0.9492538060060483,0.7862235190829895,3,True,True,True
370,20260711,geant,20,25.351115148390846,0.5421779177871755,1.7787296493843638,0.27099355570151235,0.36596645010349627,1.1421566351326398,0.3709861606449285,0.3508091807314897,1.475094287998872,9,5,0.7683262344264673,0.036219149640385966,0.021488923951092986,1.0169682100058015,True,0.09108956055960324,0.019464371406634675,True,0.35,40.067250025458634,0.5851298590482581,0.3404069215036503,0.05447782945780638,0.04341775167725237,0.8429518150251282,0.8572626058245342,0.8290880553202697,0.6789117618091903,0.8290880553202697,0.6789117618091903,4,True,True,True
371,20260711,edge_fog,9,11.876587916287662,0.6498820282159552,1.7529932165953233,0.3850053921612728,0.5262288394315582,1.1927806527033942,2.134811416846595,0.5229244781424364,2.042234306861215,19,10,1.2198567016263522,0.028541883179806153,0.019072267403578612,0.9578096094554984,False,0.0,0.0,True,1.0,24.085375014692545,0.0,0.0,0.03730664930531459,0.03730664930531459,0.906433790827399,0.906433790827399,0.7172095369297677,0.7172095369297677,0.5007020870018671,0.5007020870018671,1,True,True,True
372,20260711,fat_tree_k4,8,8.486135549441665,0.6196465044473962,1.799198790884284,0.059447873885485315,0.39712676214663917,1.2799311004814244,1.7307753653418867,0.16175141456656117,2.5947573540146847,24,33,0.7873966082771886,0.020193019839163818,0.015407319931380262,1.4430675199100453,False,0.0,0.0,True,1.0,5.8697909116744995,0.0,0.0,0.05169820104833131,0.05169820104833131,0.8685615919929144,0.8685615919929144,0.878702142357662,0.878702142357662,0.5553366798542768,0.5553366798542768,1,True,True,True
373,20260711,nsfnet,4,4.589913817223154,0.7251134982339527,1.5748277126408634,0.06369811450006625,0.7337199398026438,1.7945478339098466,1.6320703497332223,0.5934207708828941,2.0972451823477245,1,8,0.9181399961099747,0.0225884525692803,0.009750211951702299,1.4342933222857717,True,0.02214218096316185,0.017796682807450667,True,0.1,77.48270791489631,0.04849777283378839,0.039365717178719346,0.07717402629765571,0.07900861887333731,0.8424943835004036,0.8458045605441536,0.8676081513651429,0.9006869980190308,0.6342523587973744,0.6501273570671922,7,True,True,True
374,20260711,geant,8,9.857320688376246,0.4812242997240033,1.7293405855617856,0.1419795521699395,0.14308586997930095,1.720517371336772,0.46161431301585165,0.5219164466370055,1.963237487414215,13,17,1.1041467328871355,0.01587616299056838,0.025992682430029217,0.9552081550837284,False,-0.12341620780450238,-0.12341620780450238,True,1.0,0.27241697534918785,1.0,1.0,0.06353302586707774,0.06353302586707774,0.9142629072999393,0.9142629072999393,1.0,1.0,1.0,1.0,1,True,True,True
375,20260711,edge_fog,19,18.337839649041484,0.5010295549751432,1.3929773133056378,0.15388389016329815,0.6890443931036435,1.2776029138013487,0.7901746248427839,0.40969767830479065,1.740259325839434,0,21,1.2523527238839196,0.02683666278875639,0.04274218326733531,1.0452992356099304,True,0.14926585632174563,0.0007217527082183722,True,0.35,48.69070905260742,0.7330390282857562,0.35,0.05924973723971808,0.036990628587468086,0.7930068735633917,0.8411400605730688,0.8672170153469979,0.675647763205606,0.8672170153469979,0.675647763205606,4,True,True,True
376,20260711,fat_tree_k4,28,30.915256866503174,0.478028892673842,1.7459351857872774,0.32191187637973234,0.1469927723756863,0.8928662321212126,1.9752805290519793,0.5709546944402825,2.0440015452803753,21,27,0.9988724273607786,0.018374493897373237,0.037319727193846665,1.3939432000297978,False,-8.214476667216432e-07,-8.214476667216432e-07,True,1.0,94.37887498643249,0.0,0.0,0.02990872160426908,0.02990872160426908,0.8321230065998632,0.8321230065998632,0.5654184055887715,0.5654184055887715,0.5011564379471346,0.5011564379471346,1,True,True,True
377,20260711,nsfnet,11,13.524701088882496,0.56492592130107,1.7960457433828636,0.42248980067141845,0.402157161678483,1.4323351357677185,1.5044494690350627,0.13913187302278746,1.0628681003197966,13,9,1.0503128058039541,0.024973748611467547,0.029715936128681553,0.7821447730816603,True,2.5419419428019014e-05,2.5419419428019014e-05,True,1.0,88.539959047921,6.269068209407096e-05,6.269068209407096e-05,0.04385626278393111,0.04385626278393111,0.8784476569669257,0.8784476569669257,0.5041029280744833,0.5041029280744833,0.5041029280744833,0.5041029280744833,1,True,True,True
378,20260711,geant,22,22.772473151936403,0.49072879268428565,1.7948799738474603,0.4979749076770146,0.16952477301476834,1.2750054335401972,1.8803885844867927,0.5536282182198929,1.9821921486179654,20,21,0.8672685549362218,0.02014479632105454,0.018573282443267752,0.8401467911977111,False,0.0,0.0,True,1.0,8.197832969017327,0.0,0.0,0.036847621570273055,0.036847621570273055,0.8835421329188752,0.8835421329188752,0.5023740608127399,0.5023740608127399,0.5023740608127399,0.5023740608127399,1,True,True,True
379,20260711,edge_fog,10,14.528000846050071,1.0569729010655466,1.7832576261953812,0.12309194435353746,0.13086902847400683,1.280523149977359,0.5262035257548336,0.35498240331421216,1.118436695923885,8,13,1.320583620508874,0.035715139919034335,0.02592953304099768,0.9930935187112131,False,-0.1818735745407633,-0.1818735745407633,True,1.0,0.3747920272871852,1.0,1.0,0.07795923567840245,0.07795923567840245,0.8736488316657852,0.8736488316657852,1.7741629245800195,1.7741629245800195,1.0,1.0,1,True,True,True
380,20260711,fat_tree_k4,21,21.935155129129775,0.470412109789745,1.6800855836701043,0.5007839295353194,0.19329261749169568,1.7351273478825715,1.421856003258258,0.48985422257945466,2.6120040718810467,26,25,1.2695510201834401,0.029851434330420566,0.0288960869509617,1.2528351644962994,True,0.031162055792739927,0.0,True,0.0,84.83399997930974,0.09110256024336347,0.0,0.028114144782042483,0.028245074986605397,0.8529238717759425,0.854459745202588,0.5464342723179794,0.5010940801301075,0.5464342723179794,0.5010940801301075,8,True,True,True
381,20260711,nsfnet,10,12.626316154008192,0.5876532371130416,1.7253359085327578,0.37270729873667235,0.13238736425971465,1.5949779322184412,0.698421244402984,0.6319874084041924,2.9026702201845014,5,4,1.1909329643002922,0.016309192359713807,0.02885349047722343,1.3066356014745346,True,0.19644415140639168,0.0049549180591305945,True,0.3499999999999999,2.980582998134196,1.0,0.35000000000000003,0.09831149323786514,0.05515535735873933,0.8979379416880379,0.8807855514374664,1.0000000000000002,0.677097386524453,1.0000000000000002,0.677097386524453,4,True,True,True
382,20260711,geant,19,20.042900093286743,0.48940194088450806,1.6885559081407515,0.2563276269665595,0.7004777742008578,0.8338202206175828,0.7943450741950644,0.42098857174619553,2.386903469079969,14,11,0.8565393787016432,0.030806185034102016,0.02455209580878913,1.2869843062880382,True,0.05078139440600144,0.0,True,0.0,66.5495409630239,0.18321683272218203,0.0,0.037119701552190056,0.03357832651449409,0.8785155301516461,0.8979604049536883,0.616893173680585,0.5265937582087518,0.616893173680585,0.5265937582087518,8,True,True,True
383,20260711,edge_fog,9,11.393022816110406,0.6534696756997567,1.7125698355110897,0.040478356138584706,0.1545927546386263,0.9739367170225757,1.904815087591756,0.3038197369524831,2.5407907259157483,7,7,1.1726235775447371,0.039249618501933106,0.04202975131522016,0.7321317997038564,True,0.08426862770524997,0.0,True,0.0,421.5331659652293,0.20351489433215056,0.0,0.03869975412629147,0.03583021370874011,0.8736388208131176,0.9152132216402675,0.6312989659751808,0.6404320357238853,0.6034923228468955,0.5355855066907536,8,True,True,True
384,20260711,fat_tree_k4,21,24.855543214380127,0.4818517174881871,1.7751131223149512,0.4335879269787391,0.3942881330339154,1.123870308234032,1.2698365280905592,0.5811371471780833,2.7823705879286766,9,35,0.868969734116238,0.015900858934316017,0.013193009724726064,0.7722117792401617,True,2.018759189347256e-07,2.018759189347256e-07,True,1.0,32.53595903515816,0.0,0.0,0.027876118206603774,0.027876118206603774,0.8636139973143859,0.8636139973143859,0.5006849316440235,0.5006849316440235,0.5006849316440235,0.5006849316440235,1,True,True,True
385,20260711,nsfnet,5,4.9173535708695875,0.6917512085026385,1.5348420435642904,0.41795861923903677,0.27500729820815445,1.5272021486509493,1.5326420942590937,0.34738559305780115,2.757444048918988,8,2,0.9746211303158465,0.020138440568845055,0.03889786765356597,1.1399291317795337,False,0.0,0.0,True,1.0,80.66158404108137,0.0,0.0,0.06135320319948423,0.06135320319948423,0.8912697110152507,0.8912697110152507,0.8706930451666911,0.8706930451666911,0.644844728086709,0.644844728086709,1,True,True,True
386,20260711,geant,4,4.461035115203429,0.5887549755982664,1.4449398684588348,0.2087303094394535,0.7271180013226145,0.8270304866221779,0.6458985427067483,0.14956597535730407,2.3523486402552143,0,6,1.343158813620539,0.03746876383500017,0.0483832490350668,1.4608262853189546,True,0.10844241065415972,-0.016680721692192965,True,0.35,85.90554201509804,0.6639618001776627,0.35,0.08200548511122879,0.05758150785641012,0.791761014395013,0.8917825888703717,0.8576270934357567,0.7001861442674969,0.8576270934357567,0.7001861442674969,4,True,True,True
387,20260711,edge_fog,23,23.342277547088656,0.4505874079093329,1.7627232526818717,0.05522275042534874,0.21982025614742318,0.7600320068455282,2.228764587266668,0.11494051495123596,2.1238903444645403,13,3,1.2493053700196506,0.034492669465916205,0.009276551729325089,0.9921460738106601,True,0.035330797956520194,0.0,True,0.0,321.1636249907315,0.07830671206547674,0.0,0.03484375261823724,0.03187180593159044,0.902029966288069,0.8911653984734915,0.5403126324233632,0.5009066623965396,0.5403126324233632,0.5009066623965396,8,True,True,True
388,20260711,fat_tree_k4,15,17.195378413948585,0.516572714421724,1.7577084922677468,0.21873807599703848,0.08358406640346555,1.6178617609809383,0.8143478331262892,0.5936333833261154,1.7934870442103588,32,6,0.9300525143145304,0.016621031395371594,0.034768518982598154,0.946063931662735,True,0.1772688405007211,0.018860737012994917,True,0.15,86.98741695843637,0.6202471961230978,0.15,0.0567709426817488,0.03262019104033242,0.7497544061598793,0.8883719783573943,1.2104909427176178,0.5930049440937343,0.8106145183422301,0.5756095823103529,6,True,True,True
389,20260711,nsfnet,10,12.777729348305096,0.8390779034065952,1.7747141024769026,0.4575473364374284,0.6244143733683875,0.8697437110514068,1.6498836370546515,0.6109058394087075,1.4422280417140907,11,3,1.1578406309695917,0.039175007256130545,0.03933182731976086,0.9482404696253006,False,0.0,0.0,True,1.0,24.532541050575674,0.0,0.0,0.04990585995074688,0.04990585995074688,0.8985483855989155,0.8985483855989155,0.5001966826490725,0.5001966826490725,0.5001966826490725,0.5001966826490725,1,True,True,True
390,20260711,geant,7,8.291396289053264,0.7737181375918527,1.6215904053652672,0.4359126747052758,0.09397036227796231,1.0511716538337648,0.28821270872784166,0.4752855209624356,2.428808042128665,13,7,0.8746921030816894,0.03492610823539277,0.04415715266694105,1.0012216684312787,True,0.026288776153824252,-0.012675223000629666,True,0.75,0.6122079212218523,0.890959488424928,0.6775163173699297,0.06837266444550356,0.051744579311762,0.9221158185038151,0.8822930898464455,1.0,0.8480699622302287,1.0,0.8480699622302287,2,True,True,True
391,20260711,edge_fog,5,7.977759840292053,1.3739758866979894,1.7605472164616018,0.3564971550536767,0.0660253326205704,1.7786057178761667,0.8950269230059382,0.3728058760773695,2.0587520707194686,16,5,0.9846968966295205,0.034396039391648384,0.03565189413523312,1.2608080342873,True,0.11211639107817616,0.0,True,0.0,288.69379102252424,0.39426470075614367,0.0,0.05090336422699595,0.0444769446380137,0.8513689480231375,0.8829298683046752,0.6971369970948843,0.8275468161453458,0.6971369970948843,0.6140454153056333,8,True,True,True
392,20260711,fat_tree_k4,29,32.76325824330473,0.45108458588201855,1.7959000796139653,0.26488079112635016,0.3329809651020156,1.6827227949507813,0.4176321460018324,0.47678828532078965,1.1659887737679824,28,19,1.186917111369005,0.03167894662245292,0.04868572282900062,0.9133315755987607,False,-0.015360420378770008,-0.015360420378770008,True,1.0,1.152166980318725,1.0,1.0,0.0831820393462965,0.0831820393462965,0.792232110629315,0.792232110629315,1.9371458633157275,1.9371458633157275,0.9999999999999998,0.9999999999999998,1,True,True,True
393,20260711,nsfnet,12,13.231538236243715,0.5346309368416478,1.7688264675091894,0.08608250984549017,0.5523238281995979,1.597105400729922,1.1420178011679785,0.2731910122454695,2.8548141241126457,12,1,0.7902037938667339,0.03182704986822431,0.03504173536624187,1.0124882329900369,True,0.05724669508965628,0.0,True,0.0,269.18820897117257,0.14930523713431493,0.0,0.04974564052943454,0.04862662148330209,0.8497428459018176,0.8609811387151706,0.5832896008122658,0.5092050102899409,0.5832896008122658,0.5092050102899409,8,True,True,True
394,20260711,geant,4,3.7050251776590493,0.5024426893157083,1.5422138677635506,0.2236646244651552,0.24346507385016833,1.7350131051983158,0.5132787878420533,0.4436693551308346,1.4696773412896351,5,17,1.2695473561883635,0.02622894540399924,0.02731643933131547,1.0742301617402978,False,-0.07296978833627953,-0.07296978833627953,True,1.0,0.1384160714223981,1.0,1.0,0.09652963909799434,0.09652963909799434,0.90286501270027,0.90286501270027,1.4498778556921263,1.4498778556921263,1.0000000000000002,1.0000000000000002,1,True,True,True
395,20260711,edge_fog,7,7.122825874567525,0.47402744255593743,1.4185328643151882,0.2036565500536024,0.07674899351017259,1.370019138371545,0.7778855565011047,0.5334942408187914,2.272901611439843,19,4,0.8202914738024147,0.02888060167732779,0.04211337649754323,0.7734749243858353,True,0.14282883465380172,0.015727471822625644,True,0.09999999999999999,531.0527089750394,0.5030445214249805,0.1,0.05077494139198086,0.03448798807817022,0.888015748161445,0.9252692826540446,0.9029089520830818,0.7000663491852004,0.756178364375842,0.5516463126361855,7,True,True,True
396,20260711,fat_tree_k4,15,17.961735188101045,0.5062908557254043,1.7769217657896452,0.3330748533345146,0.18203332911066122,0.9448796280401148,1.0792633708038901,0.43821368036551545,2.8275415737468768,11,8,1.1600566370855578,0.038585232337832606,0.044528242700561334,1.0587576188476975,True,0.11979686023699194,0.018860960397607516,True,0.09999999999999999,91.49762499146163,0.4016333933617344,0.09999999999999999,0.04527904729903249,0.03688818564030093,0.8255344649839864,0.864118480077669,0.7041240117767702,0.6896337342752574,0.7041240117767702,0.5552470347840561,7,True,True,True
397,20260711,nsfnet,11,12.291900492711,0.5379919880421564,1.7765156666114956,0.1363342458936328,0.1885767765440329,1.6599760210790349,0.9288698482028472,0.3716415791244374,1.5544858872602405,0,2,0.8180027534156735,0.03196246907158017,0.04042676508259803,1.0422952267218106,True,0.12453053390352911,0.0,True,0.0,206.9149169838056,0.3825729981756573,0.0,0.05829922703083892,0.04556531934491305,0.8119337471182534,0.9074962746995787,0.6956359825452267,0.5025240194938358,0.6956359825452267,0.5025240194938358,8,True,True,True
398,20260711,geant,12,13.774897032142984,0.5054122373994729,1.7999232846118265,0.1347172355821351,0.25087948281756384,0.6774674386264524,2.213045988199803,0.3905196399579568,1.7854675912478748,8,20,1.221068613251209,0.032661670456474015,0.03855648137428995,0.7536776102762872,True,0.02159340639431454,0.018264342331563592,True,0.25,427.99683299381286,0.04926749671252857,0.042008832208353865,0.04198572776700624,0.042352476148691365,0.8501161898448355,0.8860750696215081,0.5946739588724632,0.6023508362918787,0.5290540561812105,0.533812476081138,5,True,True,True
399,20260711,edge_fog,12,12.92975830295295,0.47395947425010343,1.7575525553417441,0.13477888501235313,0.4024706414258805,1.0877023806116848,1.3658043165076124,0.294457757669091,2.1698309551610997,1,5,1.197699293413494,0.03943796421635189,0.045076230694086734,1.067981425128435,True,0.1274852640379621,0.019376578024521352,True,0.09999999999999999,69.1488750744611,0.3799899468862733,0.1,0.03900647679075086,0.03474367318948112,0.9152890551209744,0.9116574307279711,0.6932917423015277,0.5560478180793206,0.6932917423015277,0.5550647505756529,7,True,True,True
400,20260711,fat_tree_k4,25,27.86312151168575,0.48471622898198663,1.7795328905714294,0.203316514301344,0.7234774846220166,1.5541050168978674,0.8718177676457011,0.4669149923730851,1.4423264360691634,2,21,1.1237429947570823,0.021033146062144768,0.023771082497769422,1.357008102982126,True,0.1420596135858889,0.007050417025963625,True,0.14999999999999997,42.53091698046774,0.543775057217649,0.15,0.04253489739036927,0.030151923257395827,0.8373086782095602,0.8799869957816019,0.7733565914637538,0.5812043880613367,0.7733565914637538,0.5812043880613367,6,True,True,True
401,20260711,nsfnet,4,5.321301154926815,0.558405919266224,1.7212094627762502,0.4278713889342961,0.5201776622431281,0.6868420690650365,1.7375878485311789,0.404096887700389,2.799911653490494,6,6,1.1421139760512227,0.02896661294398276,0.009096629781241825,1.3161206255142226,True,3.9667114444376574e-05,3.9667114444376574e-05,True,1.0,75.58095804415643,9.440996597779618e-05,9.440996597779618e-05,0.06591121988639544,0.06591121988639544,0.843957268951027,0.843957268951027,0.9676231123456197,0.9676231123456197,0.6455306034098331,0.6455306034098331,1,True,True,True
402,20260711,geant,17,17.55044789612353,0.4587048648776105,1.7588001980694175,0.27228462574542484,0.47117985682694313,0.7833598478845957,0.7166103581729846,0.1362464899563719,1.5201925933144043,15,15,0.8682140733937567,0.03696566662761243,0.024572422525982504,0.9550188214914022,True,0.06614521711864228,0.01913627317955156,True,0.09999999999999999,201.0167920961976,0.26116857909261226,0.09999999999999999,0.043756988224954725,0.0348656751722795,0.8443170368235686,0.9097912140035457,0.6379017069686687,0.5530998209591376,0.6379017069686687,0.5530998209591376,7,True,True,True
403,20260711,edge_fog,12,11.982192531302475,0.5460265187576361,1.6879005053461096,0.38170116200602894,0.10253818549324673,0.8882139682852145,1.4530308301524189,0.19231206083775843,2.0368016363100114,5,10,0.8573953263112711,0.017683527784089145,0.045590897324739726,1.059690612791739,False,-3.425666577110124e-07,-3.425666577110124e-07,True,1.0,14.60474997293204,0.0,0.0,0.03808424218578409,0.03808424218578409,0.8974926874067641,0.8974926874067641,0.684644893784862,0.684644893784862,0.507347781461881,0.507347781461881,1,True,True,True
404,20260711,fat_tree_k4,13,13.707179747854997,0.5307935594599056,1.780018949724497,0.1967824196959213,0.40183569799809343,1.7713787328057857,1.9196013672818164,0.2523672342454315,2.1882425173320508,21,20,1.2810859751007104,0.02368039731914756,0.03654726331274577,1.2752725212710407,True,0.050978410342196724,0.0,True,0.0,188.88500006869435,0.12303450328945151,0.0,0.041473230555050276,0.04025193448424952,0.8292544476872861,0.8688199308478617,0.8753073161165827,0.8991271938695709,0.6410732047641906,0.6529831436406849,8,True,True,True
405,20260711,nsfnet,8,9.29513508687,0.6466235530595044,1.7364824475809209,0.22523874604651553,0.34567268851455574,1.7054488935148662,0.9347533331276607,0.4569716720498066,1.36995599525223,4,3,0.9291234800125935,0.03051048037279469,0.04295851234053755,1.3306953089701263,True,0.10459541352881949,0.0,True,0.0,129.20820899307728,0.3542884066664237,0.0,0.06466374629751574,0.05252995757385915,0.8370414245390275,0.8907096359460209,0.6780410970658559,0.5676156118360093,0.6780410970658559,0.5005865581493605,8,True,True,True
406,20260711,geant,12,13.771811550260335,0.45570252170926007,1.768110891414318,0.5174698778193065,0.12529469631176313,0.7622481465889837,0.4173809405802913,0.3006308500123207,1.1273940201860466,3,3,1.2812849701278806,0.028947376148104477,0.02802568500434443,1.4677463392713754,True,0.02059636681575949,-0.030487154603509044,True,0.7499999999999999,1.4654169790446758,1.0,0.7499999999999999,0.07551388500431552,0.06223481068445838,0.878126738468215,0.8002646133032624,0.9999999999999999,0.8941671425841282,0.9999999999999999,0.8941671425841282,2,True,True,True
407,20260711,edge_fog,22,22.74394572997028,0.4589702089308021,1.790440481617197,0.2760986928475091,0.4547725015019602,1.3695082288556866,1.4640074496414752,0.6026523550869125,2.7558138457233894,16,1,0.7763289468034045,0.03956085731858605,0.04951251745745362,1.1362924474322784,True,4.812947627896801e-06,4.812947627896801e-06,True,1.0,88.63191597629339,0.0,0.0,0.0311335004614015,0.0311335004614015,0.8489169012498861,0.8489169012498861,0.5031936736725328,0.5031936736725328,0.5031936736725328,0.5031936736725328,1,True,True,True
408,20260711,fat_tree_k4,16,16.619937309073592,0.5667554723951863,1.7522687701188515,0.5102872652475886,0.4185910467832369,0.9742281378279165,0.6266496101404089,0.4751533413335318,2.3131352694906826,18,20,0.8882720905296512,0.026691158154494493,0.012700337423224475,1.1418824525005105,True,0.03352813890646371,0.0,True,0.0,275.673458003439,0.13552735077315786,0.0,0.03438677900324214,0.03702901247277297,0.8474879938042105,0.8514449792566171,0.5757451572320198,0.709353330093601,0.5757451572320198,0.5297762010327715,8,True,True,True
409,20260711,nsfnet,14,16.70453052197062,0.46477014371871955,1.6907969671614043,0.17743013567476262,0.18000466226661224,1.0537217805333814,0.49671271725158106,0.5165261376859904,2.1000151767785438,0,12,1.1174072091738767,0.03488134652371616,0.03145579854506587,1.215845683817882,False,-0.016103388695064745,-0.016103388695064745,True,1.0,0.435790978372097,1.0,1.0,0.10379832366789586,0.10379832366789586,0.885858253952102,0.885858253952102,1.0,1.0,1.0,1.0,1,True,True,True
410,20260711,geant,16,17.341431888476077,0.5012995086623105,1.7577566309593278,0.4634414143147614,0.5086445118025587,1.1314493806346069,0.4985031689467454,0.40761536580274804,1.3220420319520918,12,15,1.3230811489679883,0.02979202735762456,0.044484471911256145,1.4435489478113197,True,0.0877338795336196,0.005389974099633803,True,0.5,15.668167034164071,0.7770543747336522,0.5,0.06517245740124779,0.04813250651271442,0.8505059691918637,0.8430280480090493,0.900112808002794,0.7571759484751527,0.900112808002794,0.7571759484751527,3,True,True,True
411,20260711,edge_fog,11,13.641332867441001,0.7154847798431083,1.7642012042272184,0.39028511462088356,0.28408552610875104,1.164417963328559,1.7461581992340027,0.2737232587277867,2.4594984709410577,22,1,0.9600450983822657,0.030004689734867668,0.030125969812846872,1.0558774262405342,False,-1.0625347365875948e-05,-1.0625347365875948e-05,True,1.0,31.263332930393517,0.0,0.0,0.035955538316888185,0.035955538316888185,0.8797358482463685,0.8797358482463685,0.6646532619000817,0.6646532619000817,0.5003149306980842,0.5003149306980842,1,True,True,True
412,20260711,fat_tree_k4,15,16.272088298722043,0.5337206859305643,1.734449023497226,0.007608749304639107,0.32895579290714494,1.4839198288807092,0.7581359016512565,0.5684939808937457,1.109558084710415,18,4,1.3253739721342928,0.01679277224810293,0.043470004076795354,0.8718504023114084,True,0.010259313722354186,0.010259313722354186,True,1.0,0.5482499254867435,1.0,1.0,0.07301257537311748,0.07301257537311748,0.8463112078897254,0.8463112078897254,1.0000000000000002,1.0000000000000002,1.0000000000000002,1.0000000000000002,1,True,True,True
413,20260711,nsfnet,9,9.836397735604328,0.5696735352242289,1.7461107306597834,0.2289596015526896,0.25700585047425833,1.4464827393491935,0.8689531783248892,0.3743431986887066,2.9453860310410818,2,10,1.0716779856517107,0.03967948011039536,0.030195357777435698,1.3934644922193442,True,0.16793933674251924,0.011108197728182218,True,0.15,71.95258303545415,0.64901105910872,0.14999999999999997,0.08196108467297879,0.051877804402525186,0.7835074007899129,0.893253081360327,0.8344802429218422,0.5776718328598703,0.8344802429218422,0.5776718328598703,6,True,True,True
414,20260711,geant,4,3.2284315455857526,0.5143217398002937,1.1150937098719556,0.2101403048435682,0.17546220974962862,0.8001232740972937,0.7532531176074422,0.3198319368026354,1.9027062881119967,1,18,0.8578342925371102,0.024765667996461755,0.010768050561550783,1.1057602586475417,True,0.14991660946440885,0.018225695400909354,True,0.15,162.64129104092717,0.5340638377864595,0.15,0.10176776023462442,0.061436300657402625,0.8437168542052751,0.9309910513870305,0.9190837101508992,0.7280317827224309,0.7791840386382399,0.5824987132725312,6,True,True,True
415,20260711,edge_fog,24,27.973418129468833,0.48159929125240736,1.7839707472490836,0.32720857535619335,0.5600864249306743,1.0748381689741318,0.9242023077983292,0.335923164156815,2.7166869128756934,2,3,0.9763281169588406,0.022611927223145097,0.01612824238092668,1.2173988993857163,True,0.06588529672417036,0.0,True,0.0,77.85429095383734,0.21619087157308522,0.0,0.033625370687283725,0.031190598572286343,0.8479941426744702,0.8841801145738665,0.6088998944643532,0.5000123711313774,0.6088998944643532,0.5000123711313774,8,True,True,True
416,20260711,fat_tree_k4,19,19.700828278609126,0.47212510718146466,1.7820748204568875,0.2590385392785046,0.25470295443823454,0.70077625221029,1.5176571915821253,0.11008435718665208,2.083632994161724,9,0,0.8247838558730737,0.02504157172752887,0.02159924926659605,1.1179016427400743,False,-2.5044218893862914e-07,-2.5044218893862914e-07,True,1.0,74.23250004649162,0.0,0.0,0.028434259568302367,0.028434259568302367,0.8656308684225853,0.8656308684225853,0.5873909881966222,0.5873909881966222,0.5021270714093798,0.5021270714093798,1,True,True,True
417,20260711,nsfnet,7,6.715365551306753,0.48391977411163356,1.2776079799886586,0.07850465060738548,0.5525128356588342,1.0492409689083981,0.7005600013554376,0.6489881049292989,1.204328962633357,5,6,1.0385681808693081,0.022789187978786235,0.01935442645475296,1.25820961030921,True,0.15965494084030069,0.009097332368732348,True,0.35,96.02987498510629,0.6929775106616831,0.35,0.08278412671360393,0.05761635101676011,0.7597194062904348,0.8663823984823432,0.8495123546660649,0.682373940836512,0.8495123546660649,0.682373940836512,4,True,True,True
418,20260711,geant,10,11.357903818292153,0.4909266226759514,1.7885589064977523,0.15949867872276466,0.4260241921558769,1.7548870132063739,2.221505186823807,0.21899758426016075,2.240723951302211,6,8,1.1858233912755716,0.018465675673705866,0.01707147700089849,1.0408634598133366,True,5.4075974592237635e-05,5.4075974592237635e-05,True,1.0,112.12449998129159,0.00011805779242458157,0.00011805779242458157,0.04372315371644095,0.04372315371644095,0.8451427920663244,0.8451427920663244,0.7601825161314533,0.7601825161314533,0.5025845504262548,0.5025845504262548,1,True,True,True
419,20260711,edge_fog,10,10.56250132622311,0.4934639632582026,1.7613642766977085,0.4764972580037626,0.1618445206844887,1.4910935489670027,0.9457875282607888,0.29132768490573957,2.5099296954017527,14,5,1.2101828071428185,0.018490482227667027,0.04285348958149835,1.3068573385971323,True,0.11654466942619035,0.01510959442215096,True,0.1,134.7986669279635,0.43927678251065244,0.1,0.04158145720662698,0.03542724692896115,0.8619930924359469,0.9114986898938332,0.7549966086802306,0.550196842464184,0.7208592903174689,0.550196842464184,7,True,True,True
420,20260711,fat_tree_k4,12,13.223037895541998,0.5954097260642455,1.7592023940516548,0.37337757270583133,0.3193610527736931,1.0269509025537231,1.6894201204725452,0.10865931881046931,1.221029627005521,8,22,0.8513700768681406,0.023142185072580188,0.02945308382333118,0.7251720745413133,True,3.9576479453273755e-06,3.9576479453273755e-06,True,1.0,9.514249977655709,0.0,0.0,0.03709033116801524,0.03709033116801524,0.8720573342578987,0.8720573342578987,0.5180652976029758,0.5180652976029758,0.5025248390298144,0.5025248390298144,1,True,True,True
421,20260711,nsfnet,7,7.6654687865760245,0.5160183908202344,1.6026225214012266,0.06248240669544117,0.6328193412659843,0.821754908288671,2.2086549650640266,0.6077700357058448,2.0893933908760105,5,9,1.2884536619654652,0.016229381242662398,0.017081471229299715,0.9767307328749026,True,0.0373855545257569,0.0,True,0.0,541.8125409632921,0.08241480620271843,0.0,0.05629955727287538,0.05555340530071385,0.8582422238731865,0.8815942383550351,0.6008750890684205,0.619239705794172,0.5440294724982001,0.5028679878641161,8,True,True,True
422,20260711,geant,5,5.063112659427366,0.467807537929825,1.798906664023223,0.22361009441238663,0.36570064599498675,0.9609424644306217,2.0522990489858417,0.14283128147965551,1.5409980571937465,14,19,0.8942204774565069,0.024256694549831162,0.022911786150680617,0.8613154011009986,False,0.0,0.0,True,1.0,0.2993339439854026,0.0,0.0,0.07342954874553541,0.07342954874553541,0.9036265959550934,0.9036265959550934,0.7105931805304438,0.7105931805304438,0.5078556607710262,0.5078556607710262,1,True,True,True
423,20260711,edge_fog,25,32.34880452676847,0.7358826712627637,1.7954025582212294,0.5357751117541286,0.2681250736401624,1.0930092812855416,0.8424988707378609,0.4628027909201484,2.101663780098911,3,12,1.186617335985154,0.03530655438630349,0.045881586230123644,0.863129149928522,True,0.08405695691089585,0.014242848424457272,True,0.09999999999999999,49.395374953746796,0.3770889245052925,0.1,0.040259997799853016,0.03137252639302889,0.8644136013541399,0.8774322234027478,0.6912620194552738,0.5520593850837355,0.6912620194552738,0.5520593850837355,7,True,True,True
424,20260711,fat_tree_k4,13,16.3957656593911,0.5110029332052354,1.664876125806472,0.5011046888406018,0.34470485718579036,1.0428182497838225,1.6396453214377267,0.15438100121655274,2.178098849010981,13,16,1.3181642420160722,0.03242823233962412,0.03439455079465696,0.8501205363509838,True,0.010394950482947992,0.010394950482947992,True,1.0,38.65541599225253,0.02801297972333987,0.02801297972333987,0.039548739639501826,0.039548739639501826,0.8350068478433839,0.8350068478433839,0.8787970051339329,0.8787970051339329,0.5869332923779779,0.5869332923779779,1,True,True,True
425,20260711,nsfnet,4,4.909763022441177,0.4802927224218353,1.7115260083681183,0.007777949453207956,0.06843728099086717,1.3959344396168294,2.0964041812157834,0.3569355667892047,1.3099268823709214,5,5,1.1649343044717615,0.029142434948117128,0.04093790068029068,0.8245524467101533,True,0.05626637908877152,0.0,True,0.0,387.611958081834,0.12501040250324952,0.0,0.06182814111131396,0.06509756787397548,0.8971628705212141,0.9198810722511855,0.8098614299920809,0.958462930978663,0.5684890737113775,0.6098664711199684,8,True,True,True
426,20260711,geant,6,6.9045878863701855,0.7583273500692902,1.513435382956575,0.32673667652708505,0.39770402260376747,1.3707182615409454,0.733184508287964,0.643305823630256,1.0492683595155234,15,8,0.8268203335616505,0.030106123615882656,0.017854917743874793,1.1182924203944158,True,0.05695043731611949,0.0,True,0.0,130.00733393710107,0.2352483105101989,0.0,0.04653920003357176,0.05288152716655336,0.8951514869124414,0.8748841873621774,0.6307675072755871,0.8876500933496001,0.6307675072755871,0.5546982179603595,8,True,True,True
427,20260711,edge_fog,25,27.139744558661892,0.519032204496638,1.7741393072856464,0.23844782177730556,0.39732557288053194,1.0255473208418677,0.2851849233538546,0.5493764288578984,2.0622206996586643,17,6,1.1258225686733967,0.02220787333839857,0.04835924688209009,0.7425951707610041,True,0.037620840878679306,-0.05540355894756796,True,0.7499999999999999,9.147000033408403,0.9820045385356183,0.7499999999999999,0.08113581856514261,0.06230358798003977,0.8248162781991429,0.7761172734785896,1.812624028055621,1.4243074754921927,0.9999999999999999,0.8802044542422941,2,True,True,True
428,20260711,fat_tree_k4,26,28.95209144203265,0.5232557454220873,1.698298471487632,0.3927051832769046,0.06963345922880929,0.7369863054152985,1.75268462179154,0.5687891278162589,2.624665715525805,34,14,0.7749621915259974,0.024932792907040334,0.03015012454266296,0.9380644640017968,False,0.0,0.0,True,1.0,98.09862507972866,0.0,0.0,0.0270096357803847,0.0270096357803847,0.8498019889803513,0.8498019889803513,0.5030726613441275,0.5030726613441275,0.5030726613441275,0.5030726613441275,1,True,True,True
429,20260711,nsfnet,10,10.477913825512665,0.5383128855318335,1.5537755831389173,0.18979563121622575,0.3523085949420811,1.4175435793340139,0.6389996957133226,0.18473493678698663,1.238783265892639,7,4,0.8955646815468021,0.016144864979147164,0.024279145340119736,1.2022929817321657,True,0.16102274662971136,0.013987246643243034,True,0.25,60.509542003273964,0.6671070359609438,0.25,0.07319779413881759,0.05229061712426859,0.8306958444760163,0.8678591469910436,0.8336826504977188,0.6283614429078888,0.8336826504977188,0.6283614429078888,5,True,True,True
430,20260711,geant,5,5.059126354415736,0.4791340826438834,1.6243563970412456,0.2706232643207247,0.36021847912827376,1.6676507124616013,1.4465127992700137,0.19153341288446737,2.566897293245887,19,15,0.8156873129565163,0.019454861110223896,0.013850714405620544,1.2342016189204603,False,0.0,0.0,True,1.0,4.300042055547237,0.0,0.0,0.0534476246821152,0.0534476246821152,0.8505996216802031,0.8505996216802031,0.6419930164732816,0.6419930164732816,0.502694409501086,0.502694409501086,1,True,True,True
431,20260711,edge_fog,22,24.753905194445068,0.5336975615706255,1.756725370905198,0.3368014756423159,0.10092357947341148,0.6890404175835267,1.3652809281495493,0.22612084138258767,1.2899285571604893,10,5,0.8187889131195454,0.02877431547501646,0.011811168589961073,0.9696778661650958,True,7.276406998352165e-07,7.276406998352165e-07,True,1.0,13.639292097650468,0.0,0.0,0.034208212326746416,0.034208212326746416,0.8453262181180615,0.8453262181180615,0.6279305557773349,0.6279305557773349,0.5020846999031495,0.5020846999031495,1,True,True,True
432,20260711,fat_tree_k4,22,26.53630592767575,0.5752110472047985,1.7757600599475845,0.4947199786595732,0.13254030115833876,0.9532392604670488,1.4709531166436032,0.20340620864572465,2.11008791626095,6,31,1.0664744384615252,0.03329228258884926,0.03330727205070215,0.8277789647219136,False,0.0,0.0,True,1.0,28.48408301360905,0.0,0.0,0.02858423440531327,0.02858423440531327,0.8881141022264187,0.8881141022264187,0.5546553994525386,0.5546553994525386,0.5013989168563743,0.5013989168563743,1,True,True,True
433,20260711,nsfnet,12,14.068316473349677,0.7115519694343275,1.7810431344035835,0.2962592345248141,0.03617552329779555,0.9335218316779879,0.6380544616220338,0.58298910755914,2.7131059640971675,13,4,1.2674077736701854,0.03640312514126029,0.04210029801241525,1.4128094719273159,True,0.024082753346506326,-0.02519090174183638,True,0.7499999999999999,1.1027500731870532,1.0,0.75,0.10189646395477604,0.08014680923928305,0.8862034328602874,0.7999597754646722,1.0265259756863807,0.8905522587802572,1.0000000000000002,0.8905522587802572,2,True,True,True
434,20260711,geant,20,22.226199648110992,0.5346857781751722,1.743941630448176,0.008452102037892857,0.4835948234656276,0.6611640394050072,0.5257894665016569,0.431217177694996,2.6313964175312283,20,12,1.0950939605275012,0.034544081327914894,0.036411348466319285,1.3105533417173227,True,0.10429168192307298,-0.02030279724223311,True,0.5,22.722166031599045,0.7723818708143382,0.5,0.06555247547737722,0.043871720063424394,0.7847186837691327,0.8342777722572227,0.9038975358579169,0.7579633759667723,0.9038975358579169,0.7579633759667723,3,True,True,True
435,20260711,edge_fog,5,6.709642767880657,0.9457805637665126,1.655744138464896,0.32272311822046984,0.5948044341036788,0.8048062195486663,0.9472146781407824,0.1155240229730636,1.3833738304387808,21,13,0.863100982724231,0.03747442712791925,0.014613364804743267,1.1623632657320244,True,0.033184402260008725,0.019454874939997747,True,0.15,345.6105829682201,0.09822956311011813,0.06148747098688282,0.04430472343433044,0.039291774165346786,0.9046396420532018,0.9238806699208558,0.9197991639073125,0.8103632440838721,0.5877122222480267,0.5345512241593928,6,True,True,True
436,20260711,fat_tree_k4,24,25.34556617689239,0.464020122580403,1.775512616261956,0.34139865612743997,0.24137051818735347,1.3296735613891788,1.5250569935591025,0.5851504695023289,2.6633059042711595,29,24,1.2755730488395756,0.028722673903497017,0.015098812723635691,1.1120608385720956,True,0.069659604063503,0.0,True,0.0,402.5681249331683,0.19383210485029725,0.0,0.028346551400342562,0.025495225336915898,0.8794301579109093,0.8908391832286567,0.5973500729313215,0.5008263477066126,0.5973500729313215,0.5008263477066126,8,True,True,True
437,20260711,nsfnet,6,7.192144370474617,0.7665479981193215,1.7665715255389984,0.13115843865841284,0.4967287314173521,1.377443411172639,1.8224884800423224,0.38361921311470115,2.6418256649126124,12,9,1.109481980997141,0.02018429368419406,0.021418290368668193,0.8150434407885053,True,0.028571285891335462,0.0,True,0.0,223.22687495034188,0.06471970867676437,0.0,0.05847827388708089,0.0566752124761845,0.8652637914827345,0.8758326193375054,0.5352307031321881,0.5033561405316591,0.5352307031321881,0.5033561405316591,8,True,True,True
438,20260711,geant,16,17.968943838804783,0.5808672539524646,1.7693911605873782,0.3557460169956584,0.27952328093608025,1.3991731164225811,0.626528795375622,0.32448261798758615,2.5921608494750266,5,20,0.7880009861274684,0.02837612094498625,0.016990176728186732,1.2465777739698334,True,0.06342350166325947,0.019464465998257297,True,0.1,35.178708960302174,0.2773358254040356,0.09676197316291134,0.046087339369493815,0.0389625644213081,0.885197076006588,0.8432300472670016,0.6394676714349369,0.6099492955311617,0.6394676714349369,0.5506861983361379,7,True,True,True
439,20260711,edge_fog,21,25.439882163681702,0.49434226634955447,1.7295287537105195,0.23105796394179162,0.4409993271514823,1.7930585495460534,0.5759895415074754,0.29042318200163975,2.5471879844816745,4,3,0.92183325703972,0.030935238600608466,0.03213339895132311,1.3521740176073123,True,0.1562381456148915,0.014992608217260629,True,0.3499999999999999,27.267707977443933,0.7508933667502512,0.35,0.05557556826987827,0.036114354642706875,0.7784823807670552,0.8655445610395,0.878460008868963,0.6790657767732134,0.878460008868963,0.6790657767732134,4,True,True,True
440,20260711,fat_tree_k4,19,21.105377038359855,0.4809620161036568,1.7460096409361276,0.32484158099998944,0.17672762049641885,0.6652261711979538,1.3744882507115495,0.19256055134658442,1.4169407330180877,7,29,0.7502911446314258,0.015113649643039087,0.028446969349732846,0.7403432891731704,False,0.0,0.0,True,1.0,10.360292042605579,0.0,0.0,0.026409630681266186,0.026409630681266186,0.9002556460264619,0.9002556460264619,0.5013156725997616,0.5013156725997616,0.5013156725997616,0.5013156725997616,1,True,True,True
441,20260711,nsfnet,12,11.714175473679713,0.4679687934182947,1.5110517094628082,0.20266892241998105,0.21621218007475945,0.9286084596936572,0.9423725826355644,0.1972787928909247,2.353728225209738,10,5,1.1521551743051464,0.03452210127890194,0.032905381683764306,1.1423555870969362,True,0.17444188464598873,0.008227740723535878,True,0.15,137.47920899186283,0.6648303701210069,0.15,0.08198239334845768,0.044849364043326484,0.8187146427797334,0.8912235258071699,0.8432306971417152,0.5801664546011749,0.8432306971417152,0.5801664546011749,6,True,True,True
442,20260711,geant,10,11.348000478044115,0.5275817127543986,1.653470579153917,0.0012171515222132502,0.6964938942967025,1.1998957474455736,0.5166351253963939,0.3641064482657378,1.5644549171260873,10,20,1.2028610829121238,0.018332968204160034,0.0298963768739203,1.2495709500105479,True,0.1091073771729749,-0.02336188800769363,True,0.7499999999999999,0.6703749531880021,0.9986069672734729,0.75,0.0707701139460625,0.0585417406979617,0.8817110959740391,0.8317566609454299,1.0000000000000002,0.8756423600821148,1.0000000000000002,0.8756423600821148,2,True,True,True
443,20260711,edge_fog,5,7.214833793541496,1.2825792576544366,1.7850863201453318,0.5282838583701753,0.3149530510638445,1.005607424515969,0.48727184101398313,0.29264018559204863,1.2739536622745737,4,19,0.8559720902607783,0.03771842753117177,0.04673997532170863,1.0432470389631647,True,0.046517567248694935,0.014908986166086196,True,0.1,156.03145794011652,0.23521099694594857,0.09963948279307527,0.042690587736209686,0.03927901751538262,0.9394378504204709,0.9103471659676655,0.6354481678795397,0.6294396162325598,0.624006545684856,0.5594645696235522,7,True,True,True
444,20260711,fat_tree_k4,26,30.873402122649445,0.5618124852514444,1.7895959958237924,0.3358468654165383,0.1444833999856266,1.2399980122968897,1.1126056034683587,0.19411013673718075,2.325063529199417,22,14,0.9927340880323039,0.029123817422376845,0.010368251069196602,0.9146582613338343,True,0.057615794478985564,0.0,True,0.0,142.8514999570325,0.16786810375651076,0.0,0.030329873861162742,0.028500885536657136,0.8647132982535349,0.8853375185138909,0.5876248394539447,0.5046042893922045,0.5876248394539447,0.5046042893922045,8,True,True,True
445,20260711,nsfnet,14,18.477782847111456,0.5553222064556583,1.7858578183002325,0.5427454671843042,0.35583974208395047,1.0195225417164857,0.33869123743364393,0.2425819490953871,2.1784542735341716,11,1,0.9646475422645729,0.0163860831506906,0.01220318552984457,1.4959908903374943,True,0.06235738207377312,0.01085652919790627,True,0.25,22.073165979236364,0.4746879166043812,0.25,0.06354093632486688,0.04911085899116565,0.7774384844090753,0.8933629736048603,0.7544581707819994,0.643752769873619,0.7544581707819994,0.643752769873619,5,True,True,True
446,20260711,geant,4,4.37558789534607,0.5419837087162078,1.5124591518301662,0.17863464766510154,0.2898076989299838,1.1158985187989476,1.0958772636115088,0.1035026898345512,2.8482983220958946,16,1,1.2789515940917728,0.03487480066004274,0.03432360695668622,0.7087407339736975,True,0.1857796578656646,0.008260218363926026,True,0.15,125.51004195120186,0.6662831937556553,0.15000000000000002,0.07207483217049111,0.05826540294180639,0.8796221410058025,0.9111052686543865,1.0579032246513904,0.6787772820450889,0.8461129336264677,0.5777810654729748,6,True,True,True
447,20260711,edge_fog,24,27.488032516330435,0.4798794061275222,1.76467434255942,0.3176462046871308,0.16515731372639184,1.6789774338593002,2.051800281882696,0.19380129410799557,1.245276202805391,12,0,1.1016808156908824,0.022762279649596446,0.022842844457271274,0.9465949914838074,False,-1.1023629681859924e-07,-1.1023629681859924e-07,True,1.0,91.68183396104723,0.0,0.0,0.030705271377377302,0.030705271377377302,0.8428420952514328,0.8428420952514328,0.5020349002236929,0.5020349002236929,0.5020349002236929,0.5020349002236929,1,True,True,True
448,20260711,fat_tree_k4,4,4.225188999713971,0.4566569292203435,1.7737985595396992,0.30370824157338955,0.6961501811301675,0.766293592087748,1.8816446431616942,0.5186367393647834,2.9549991390718477,34,32,1.211721822555824,0.02858403804964893,0.04639393592485294,1.0345857859653114,True,7.581818222147951e-05,7.581818222147951e-05,True,1.0,204.4358750572428,0.00017708399793440907,0.00017708399793440907,0.07723421579293244,0.07723421579293244,0.8739902455025693,0.8739902455025693,1.354868011914775,1.354868011914775,1.0000000000000018,1.0000000000000018,1,True,True,True
449,20260711,nsfnet,9,11.912942673050031,0.6490142974292487,1.7973083847476,0.13465171207015175,0.43118841385970214,1.596479009448367,0.5670432247671771,0.2753914796794914,2.2297000830160316,3,12,1.1388568530252754,0.029969993183797596,0.045127658690153866,1.3170699441571647,True,0.08586009000629499,-0.008953387966382044,True,0.7499999999999999,0.8059160318225622,1.0,0.75,0.10057962684136268,0.07711171567962939,0.8941999627729956,0.8239599433866415,0.9999999999999999,0.8904104561291356,0.9999999999999999,0.8904104561291356,2,True,True,True
450,20260711,geant,15,15.841214557797928,0.473502252284574,1.750164322439329,0.00958328527057441,0.1948458315550576,1.5061286573099948,0.35930723767556616,0.6107097063328997,2.340229885799524,1,21,1.2994914371855608,0.025031683420834394,0.021968437149131603,1.0301375102635135,False,-0.38816959824511016,-0.38816959824511016,True,1.0,0.5475420039147139,1.0,1.0,0.07768974659955796,0.07768974659955796,0.8735858038833426,0.8735858038833426,1.07107173117754,1.07107173117754,0.9999999999999999,0.9999999999999999,1,True,True,True
451,20260711,edge_fog,10,11.975225564937073,0.49528049691179055,1.7375949394721228,0.5166295976170429,0.09466921181254391,0.9915353350395186,2.0206184073454443,0.2769197446443231,2.339877785571734,17,13,0.8178009807687682,0.03479811668661287,0.008735163573055581,1.0944328032250823,True,3.415817789468075e-07,3.415817789468075e-07,True,1.0,29.591624974273145,0.0,0.0,0.034216522761023,0.034216522761023,0.8942323273803817,0.8942323273803817,0.5777847415120576,0.5777847415120576,0.5018600764608507,0.5018600764608507,1,True,True,True
452,20260711,fat_tree_k4,20,22.06275008787796,0.5514662237460554,1.7077384319168198,0.3976877989812216,0.7272778272601562,1.4559182900267809,0.5712683343161715,0.5425071474565402,1.272345848943446,27,26,0.9613202076517138,0.028151747236483827,0.02731641558904468,1.1232012628633326,True,0.07569704826871038,0.015279925309496503,True,0.15,52.44554195087403,0.35575756757038074,0.15,0.037256405377812114,0.028472650102764008,0.8742636729898248,0.8836567107116847,0.6849866944914963,0.5773136877592071,0.6804376397327674,0.5773136877592071,6,True,True,True
453,20260711,nsfnet,10,11.756162021320758,0.7469305396038913,1.6799363954646576,0.3077385976795952,0.39070238536787955,1.270201662037763,1.6498224285648306,0.26674383639722954,2.067512520126217,5,3,0.9377042262242801,0.031322464656072246,0.0199221297455733,1.4818693299499341,False,0.0,0.0,True,1.0,27.760084019973874,0.0,0.0,0.05113117179952021,0.05113117179952021,0.8859189653873908,0.8859189653873908,0.5533504515135685,0.5533504515135685,0.5533504515135685,0.5533504515135685,1,True,True,True
454,20260711,geant,15,17.764110120315696,0.5941412327289564,1.682285650819206,0.11766250876863597,0.36991869001795274,1.4163539620546868,1.7003502525556482,0.15239788214419214,2.5886276483643433,19,14,0.982585865647528,0.018866494034538682,0.04509115615222387,1.462140224885054,True,0.03114465459907407,0.019797464730737957,True,0.15,125.95437502022833,0.07420109953542567,0.04722164889395429,0.03621189915243023,0.03552786869506145,0.8829717654771468,0.8644241716693457,0.539317583693937,0.5250885322982966,0.539317583693937,0.5250885322982966,6,True,True,True
455,20260711,edge_fog,7,9.038212131783075,0.5215722560317311,1.6186989131621596,0.2697122972471625,0.7487999124668685,0.9871184419465342,0.6687939129446032,0.6252092046636939,1.1265977732177974,7,14,0.7720784061464114,0.03449302637733571,0.015014214808050225,0.7594230596100165,True,0.05202423844658939,0.0,True,0.0,136.25129195861518,0.18444979415782156,0.0,0.03767746234282961,0.03916182924248296,0.9129771452363072,0.9261825452040118,0.5963799356332454,0.7459312350631863,0.5963799356332454,0.5758021391126689,8,True,True,True
456,20260711,fat_tree_k4,16,16.459911891324527,0.5213681867441164,1.697728468340599,0.07049264438481206,0.6499861048875795,1.2055486165327332,0.7835235101884199,0.41727166446146124,2.13677232008346,31,24,0.9993726492675281,0.025606639589908185,0.04918074085274761,0.9616322428069872,True,0.13885234641168756,0.017641918134413806,True,0.25,72.09108397364616,0.5475138825623678,0.25,0.05260275140435981,0.03718792451748067,0.8370555656483095,0.837714475226794,1.0077900177507042,0.7263479624448217,0.7753442958663763,0.627164125374809,5,True,True,True
457,20260711,nsfnet,4,4.785888858242504,0.8939546330109345,1.7532693414426668,0.12521402037984142,0.6780177986829369,0.9760966292424527,1.263206716484827,0.4037175974192123,2.992064888593187,12,6,1.0632085122741115,0.016708835417682543,0.02678847117657491,1.225062476521415,True,0.08685017283332506,0.0,True,0.0,405.81312496215105,0.24616080274571145,0.0,0.06317117361898536,0.05552974603160195,0.8679276732761987,0.9208079480309795,0.7368223978136642,0.8018627022938188,0.6267881463088639,0.6147494533121177,8,True,True,True
458,20260711,geant,10,10.486633531280289,0.4521186927511343,1.7069132868655794,0.32378618605303855,0.03907350487299957,1.1334975764926838,1.2291020768770613,0.370081406652363,1.9888055197490393,7,14,1.0861679557189743,0.022863296683094225,0.02678652018120807,0.8255920156636378,True,0.080867142060731,0.0,True,0.0,124.94224996771663,0.2482464862636015,0.0,0.05100036482079378,0.044322742463498196,0.8266069258405695,0.8577891723485711,0.7369701534992655,0.7802091007860094,0.6268340280582457,0.502532621182864,8,True,True,True
459,20260711,edge_fog,12,13.973162504659498,0.5600634024449275,1.700729661333675,0.3692450350952293,0.38414571348657284,0.8008432920965997,2.053203988928118,0.10269733450043289,2.6956458265668317,8,15,0.7516321576876763,0.0314218202060081,0.0447850818501343,0.9208085769969003,False,-8.430276896335453e-07,-8.430276896335453e-07,True,1.0,60.56304194498807,0.0,0.0,0.03499795378238904,0.03499795378238904,0.8813998972746738,0.8813998972746738,0.5002840777944253,0.5002840777944253,0.5002840777944253,0.5002840777944253,1,True,True,True
460,20260711,fat_tree_k4,17,18.92343091456451,0.4510005065861269,1.7609506137035122,0.18740025356872672,0.7250793363798996,0.7684730574928387,1.8251583152380733,0.3900872663637839,2.889555316126094,26,16,0.8695169037128267,0.023890675550010898,0.013322805782328513,1.3378964064253382,False,-5.583671576702517e-08,-5.583671576702517e-08,True,1.0,104.2039159219712,0.0,0.0,0.034336776580315545,0.034336776580315545,0.8425808609199398,0.8425808609199398,0.7255114078782973,0.7255114078782973,0.5013310608589951,0.5013310608589951,1,True,True,True
461,20260711,nsfnet,14,13.735640436452956,0.4517621108247475,1.4554890571762364,0.4879585705146931,0.28904594542144907,0.9908548097294788,1.378209678786902,0.1027488858252659,2.8213098305475413,1,13,0.8066617628082263,0.015742549570109794,0.024374450026493435,1.49559941112491,False,0.0,0.0,True,1.0,11.763292015530169,0.0,0.0,0.046852274463310147,0.046852274463310147,0.877779531188459,0.877779531188459,0.5019093516597933,0.5019093516597933,0.5019093516597933,0.5019093516597933,1,True,True,True
462,20260711,geant,11,12.058097223475707,0.5835842886075173,1.7476150705793008,0.36087601144513753,0.12181454749093339,1.355594542597387,0.4666863942271744,0.20818870087690777,1.433727236087913,18,13,1.1385265434531118,0.039795984906412576,0.016245348318059703,1.313934729243951,True,0.018435633594860418,0.018435633594860418,True,1.0,0.40483404882252216,1.0,1.0,0.07602051469599115,0.07602051469599115,0.8775205057958775,0.8775205057958775,1.1336219642747452,1.1336219642747452,1.0,1.0,1,True,True,True
463,20260711,edge_fog,5,4.784154762701458,0.6384444890224001,1.2677184598861144,0.3565331794386481,0.025145821883911876,0.8294859431277515,0.7437138053720305,0.5718847293674651,1.8945741065765143,14,12,1.058985556885738,0.0317241498365433,0.046396338628744885,1.1590280712844043,True,0.17288740284217965,0.008889172596868724,True,0.15,137.39520905073732,0.7583944210324528,0.15,0.06143169934917162,0.0361876343380761,0.8244098001878696,0.9230467511219532,1.383735248681054,0.6815633711927475,0.8952763531614754,0.5838358931399259,6,True,True,True
464,20260711,fat_tree_k4,30,33.275431146972586,0.45471023777964886,1.768730968409709,0.23068964614304288,0.6985582492043494,1.0077998486539246,2.2262889169715643,0.30799489895319715,2.167147128865798,17,10,1.2201260759684125,0.0217744125942361,0.03366827020620391,0.7678178215499994,False,-2.8893269283047517e-06,-2.8893269283047517e-06,True,1.0,196.5753750409931,0.0,0.0,0.026363107856143302,0.026363107856143302,0.8688713438950075,0.8688713438950075,0.5043954980484556,0.5043954980484556,0.5043954980484556,0.5043954980484556,1,True,True,True
465,20260711,nsfnet,6,7.222015788665859,0.5562261811656357,1.5571576369512146,0.49814343885458967,0.05589506851654191,1.3367987512392507,2.0227368194541504,0.580856993077395,1.1845998655372127,8,11,0.8474802116221958,0.028237643388447475,0.028056394845377648,1.218419562771271,False,0.0,0.0,True,1.0,185.14879106078297,0.0,0.0,0.06215917204638157,0.06215917204638157,0.8565826552060132,0.8565826552060132,0.5009255071763916,0.5009255071763916,0.5009255071763916,0.5009255071763916,1,True,True,True
466,20260711,geant,7,9.007563509282777,0.6155283737936182,1.6276444385631,0.3104608319057967,0.7380320405709891,1.3033438029078392,1.1715569727914557,0.4066793668183224,2.3856270331838783,21,7,0.7623734868734395,0.034723265173146514,0.033948639503654586,1.4621922772374258,False,0.0,0.0,True,1.0,61.91799999214709,0.0,0.0,0.03877704261103497,0.03877704261103497,0.9184863294177046,0.9184863294177046,0.6296077894530182,0.6296077894530182,0.5493590576051655,0.5493590576051655,1,True,True,True
467,20260711,edge_fog,18,18.372021004615718,0.5201271752087999,1.4661335283984338,0.33743129814993683,0.20490094107606574,1.3430904866603268,1.3900142019506363,0.447987684528491,1.25027004301073,16,7,0.7851980865409617,0.03444680348350503,0.03929429902327182,1.4196562111706295,False,-3.124439269145906e-06,-3.124439269145906e-06,True,1.0,122.8234589798376,0.0,0.0,0.0333541673645997,0.0333541673645997,0.871484991005848,0.871484991005848,0.5051045312199193,0.5051045312199193,0.5051045312199193,0.5051045312199193,1,True,True,True
468,20260711,fat_tree_k4,7,8.270213029904157,0.451080119106235,1.7804737761064944,0.22192147274445323,0.7194271062001684,1.6321063842300152,0.45279252668401093,0.39683787941464066,1.764603104711278,31,35,0.7959432339487321,0.024879302818484696,0.022607761472354267,0.9887560844053337,True,0.10689175595628084,0.014255479817706413,True,0.25,149.41562491003424,0.5046749831326343,0.25,0.0614917542217881,0.05164829360784376,0.823773959441685,0.8621997348851698,1.0093499662652687,0.7756783183809367,0.753135872179639,0.625174830178548,5,True,True,True
469,20260711,nsfnet,5,6.11082932823552,0.9574930996867468,1.47379079065669,0.28306921812963975,0.4783071618368807,1.7650876533403541,0.3921322187155356,0.5841224138078095,2.881577716733994,4,4,0.7847631071284131,0.02402563429713717,0.03818165304197331,0.9236522372883162,True,0.10702148100520117,0.00690687388210891,True,0.35,24.234540993347764,0.675387637027507,0.35000000000000003,0.08141468551336449,0.05923961465138866,0.9169057149672107,0.9016436292309382,0.8433120860923767,0.6832422158807393,0.8433120860923767,0.6832422158807393,4,True,True,True
470,20260711,geant,12,13.508051017660847,0.7015104607982893,1.7446470953492812,0.09068866454371083,0.6689046565453555,0.7265729310691637,1.188983755881235,0.5980671709220509,1.232636157717941,2,12,1.2008714850612312,0.03264256318423725,0.02239816182804567,0.7334620168355726,True,0.10321410131975449,0.011971866854105822,True,0.1,70.42870798613876,0.3504931471970909,0.10000000000000002,0.04801428422183204,0.036199039548845416,0.8309875184735633,0.9000487772932199,0.6791098326883979,0.5535778712198686,0.6791098326883979,0.5535778712198686,7,True,True,True
471,20260711,edge_fog,19,21.216848067324534,0.580525425666666,1.689034239502209,0.16119961680376949,0.6177809361249332,1.108025766603767,0.28173969918743613,0.35545557497120817,1.6770803103707468,13,8,1.1951456397151523,0.025299078646715774,0.03914480209171746,0.9207577598767873,True,0.009081564122222554,0.009081564122222554,True,1.0,0.7784588960930705,1.0,1.0,0.08147068064726751,0.08147068064726751,0.8537737432561314,0.8537737432561314,1.8726218372490229,1.8726218372490229,1.0,1.0,1,True,True,True
472,20260711,fat_tree_k4,20,18.287652451841883,0.4714493208227092,1.6521306567336507,0.19942274537145235,0.5104100909520766,1.4136791773269481,0.47223824458528263,0.5306892658627411,1.7304668419659082,14,8,1.0687927244931243,0.01994535382850565,0.028563638833672154,1.381366890092266,True,0.14712546070477087,-0.03920441228494945,True,0.5,7.15512502938509,1.0,0.5,0.07502161882034303,0.040107293543235355,0.8174097529626154,0.8398193153181714,1.2084255173564555,0.7503742935726194,1.0,0.7503742935726194,3,True,True,True
473,20260711,nsfnet,14,16.64529404075772,0.7110470760085466,1.7871445823855208,0.42701193949175836,0.647443823912435,1.7813769202346936,1.0771754346160196,0.27203593566816314,1.4667515018959745,8,3,1.1964597319306103,0.01768625380055961,0.040249983063558696,0.863173975992982,True,0.0783707810346538,0.0,True,0.0,117.02354089356959,0.26946863220598655,0.0,0.05463589212247753,0.046139976979780034,0.8635876387345964,0.8549661906643432,0.637498941285974,0.5005075127310672,0.637498941285974,0.5005075127310672,8,True,True,True
474,20260711,geant,4,5.294672449988667,1.020880988104667,1.7685140198513116,0.267055932385942,0.21043033996064026,1.1505598742545438,0.8970463634811225,0.3559529353237675,2.3641994741390446,15,14,1.1667084481735706,0.028358145650090073,0.043881558728568984,1.2391814956463534,True,0.1319346529048399,0.009337497681782735,True,0.15,161.324999993667,0.6096025996505722,0.15,0.06458803459626966,0.05360844688354613,0.8325189968231054,0.8973173428677786,0.8177017631419572,0.9732912568094684,0.8177017631419572,0.7740676067822767,6,True,True,True
475,20260711,edge_fog,7,6.203548451564052,0.506903886360986,1.5773555818601128,0.3300191824495864,0.2787759273516899,1.1182175034054405,0.6069200415782221,0.5165760928892772,1.1302198133810244,11,11,1.2254578979469983,0.032363994174657185,0.011651700610535245,0.9284542398133624,True,0.1640655377490513,-0.006108764614084988,True,0.5,13.583875028416514,1.0,0.5,0.07902084855955238,0.04534019604326341,0.8685070334332748,0.8883546815527121,1.8897549388179642,1.0790594360361705,0.9999999999999999,0.7608427805324279,3,True,True,True
476,20260711,fat_tree_k4,29,28.722737575070816,0.45194263373058974,1.7018303379670696,0.1712925339191691,0.6112428128807299,1.6128026046970545,0.5325513605382641,0.11101523072687994,1.4920323476137343,10,35,1.271339941185802,0.03799894574843371,0.02001391521293916,1.1668685646588046,True,0.051893575244029724,-0.03780789210202295,True,0.7499999999999999,7.856750045903027,1.0,0.7500000000000001,0.07639848518890587,0.05871577967738448,0.812083906296011,0.7601825892636294,1.420295250483451,1.1180910120287277,1.0,0.8769524375857678,2,True,True,True
477,20260711,nsfnet,11,11.666698412979096,0.45170134646836224,1.7454409790160563,0.5094089923430358,0.3021115584068231,1.54829694285523,0.9509447128771635,0.42708013833262104,2.306408018564433,10,11,0.9027069503314364,0.03877344115480455,0.023418024027488417,1.3967251441302575,True,5.790223438016695e-07,5.790223438016695e-07,True,1.0,13.711625011637807,0.0,0.0,0.0534274621625318,0.0534274621625318,0.8287238029878181,0.8287238029878181,0.5063283348369744,0.5063283348369744,0.5063283348369744,0.5063283348369744,1,True,True,True
478,20260711,geant,5,4.650485823613054,0.4802635328233687,1.7241123613116387,0.415769477472351,0.3577009595428922,1.2149585579968707,0.5240983465905504,0.1099447311366239,1.175851757115969,19,18,1.1928572347535988,0.038079668110015175,0.037293040766466265,1.431915226677504,True,0.13244659778533072,0.01618926754186169,True,0.5,162.34599996823817,0.8417580299457929,0.5,0.06852815876817325,0.05220312574512997,0.8260971322628703,0.9084214012338473,1.071885479099813,0.8430621558693528,0.937540018103956,0.7526539753235761,3,True,True,True
479,20260711,edge_fog,16,18.760796161102103,0.5566017406152003,1.76590220303702,0.04669279469748772,0.24843555208525978,1.209035468166308,0.9114955480058653,0.5596070903279237,1.1365080433504722,15,2,1.32813621458939,0.02937718580408588,0.023797320813825847,1.3915110244036906,True,0.16905856960966303,-0.008081048749307134,True,0.5,5.737167084589601,1.0,0.5,0.0814737729344877,0.04970527561166183,0.8551573621199079,0.8426754315120625,1.880003891266588,1.0907316358714405,0.9999999999999998,0.7524717388611362,3,True,True,True
480,20260711,fat_tree_k4,6,7.001179477199946,0.7534903021356081,1.7038239599137668,0.34296143522210987,0.5255350160003024,0.8553333636420133,0.6806304121055768,0.5197866194081465,2.5390519864944694,28,26,0.8918884266585252,0.015220731877030325,0.03460468463363892,0.9849113450486671,True,0.0620801872266824,0.017623020130771713,True,0.09999999999999999,227.69295901525766,0.23372081671123365,0.1,0.04770832880899802,0.04168998636837024,0.9088246550126601,0.9009530838690405,0.9046973834350178,0.8846980088480622,0.6211930143595289,0.6211930143595289,7,True,True,True
481,20260711,nsfnet,8,10.370402227746064,0.6573821015383249,1.7832153416668628,0.04371746137100443,0.6660137079510247,0.7608016797195589,1.5994804649208014,0.5314941486065116,2.366903448697958,7,9,1.2526306860819414,0.03785887762351067,0.02811530648357794,0.7593813570636954,True,0.0928381264572203,0.0,True,0.0,542.5582090392709,0.26286679772074456,0.0,0.05958990692140348,0.045730453661247596,0.8443224477765495,0.9074766639013916,0.6329202441023645,0.5023081955646514,0.6329202441023645,0.5023081955646514,8,True,True,True
482,20260711,geant,15,18.569221954229036,0.4821407358999098,1.7197815143831634,0.206218485225537,0.33438440014614407,0.9160521929921794,0.8173702032897614,0.22598057258824553,1.65223871312105,20,15,0.8422950352862937,0.027936134828763802,0.027825642988743748,0.8897519558774334,True,0.08694847672525093,0.0,True,0.0,32.65299997292459,0.3046636826870713,0.0,0.0430708963705296,0.03542634189767428,0.913056716822556,0.9276998384480801,0.6549416203491378,0.5014997291909977,0.6549416203491378,0.5014997291909977,8,True,True,True
483,20260711,edge_fog,21,26.54099564814582,0.6391513099676385,1.7910498063725806,0.1454172373281693,0.5174300523547152,1.4895010120351304,0.45279060797154025,0.6052369135530192,1.5237205710187807,6,12,0.9394925387187819,0.038746832442011714,0.03241550189297335,1.4085248090786169,True,0.14621688661525842,-0.03266349071122999,True,0.5,7.630249951034784,0.9625581414100496,0.5,0.06789192167271867,0.03994125843357533,0.8081978201771103,0.8682065286782944,0.999004871921033,0.7613874022737479,0.999004871921033,0.7613874022737479,3,True,True,True
484,20260711,fat_tree_k4,18,20.064906933104496,0.5877431514120107,1.7083539702379373,0.31064177322824554,0.2660944062909527,1.7043650929425054,1.9433815960206617,0.30329103501731,2.7601733803294124,33,32,1.1776749267240554,0.028948362087657116,0.015528023791645766,0.9526793416720153,False,0.0,0.0,True,1.0,3.2873330637812614,0.0,0.0,0.030159544110271053,0.030159544110271053,0.8980635211366764,0.8980635211366764,0.5133194291114922,0.5133194291114922,0.5013602402969098,0.5013602402969098,1,True,True,True
485,20260711,nsfnet,8,7.993548791442443,0.6130655293864947,1.3506975945757047,0.30919063164483773,0.26119653460824616,1.5536356861860532,1.8542641837690776,0.14097139240439405,2.3010196122472193,13,8,1.0530482516231314,0.021362038370792126,0.012462823208240058,1.4401656585601268,False,0.0,0.0,True,1.0,8.657291065901518,0.0,0.0,0.05377443575538759,0.05377443575538759,0.8871725566593566,0.8871725566593566,0.5037683143816816,0.5037683143816816,0.5037683143816816,0.5037683143816816,1,True,True,True
486,20260711,geant,4,5.992627677469909,1.1880264048667761,1.6814166206009575,0.002375102332174517,0.5948412681598648,1.1893133864645495,1.8311796981635493,0.5668573176921725,1.5554339651419995,6,11,0.8773222324776714,0.01825059562824719,0.033534540511548076,1.319506485494049,False,0.0,0.0,True,1.0,3.4506249940022826,0.0,0.0,0.05555052084188983,0.05555052084188983,0.8881408828360577,0.8881408828360577,0.5474894010198288,0.5474894010198288,0.5474894010198288,0.5474894010198288,1,True,True,True
487,20260711,edge_fog,19,24.911195155896937,0.4611725842673645,1.786874927282406,0.1533136045302565,0.6509810495310551,0.7493445584220279,1.4396775631055974,0.23828307956367684,2.742300734304846,7,12,1.2292846507626058,0.029982490344046965,0.009858335452146212,0.8229657008852882,True,0.0834729049325168,0.0,True,0.0,140.0842919247225,0.23565854216995624,0.0,0.03750516075742562,0.03295127971848365,0.8375534311413712,0.8596692203040754,0.6295426335296088,0.5362886503201959,0.6215572375657095,0.502892227750387,8,True,True,True
488,20260711,fat_tree_k4,9,10.551459831241452,0.5936124638608677,1.5706030344342659,0.056354984296681544,0.6201049318927178,1.5449813836013224,2.220072392141052,0.3125859680038353,1.1018475905433571,0,16,0.922646848466164,0.03638195489490341,0.040918837291634175,1.4243012338355707,False,0.0,0.0,True,1.0,40.71800003293902,0.0,0.0,0.039194751749197024,0.039194751749197024,0.8652706845387432,0.8652706845387432,0.8496881958697254,0.8496881958697254,0.5012648878639685,0.5012648878639685,1,True,True,True
489,20260711,nsfnet,13,15.417975665328568,0.5042986890913804,1.767846056889223,0.4205273111482032,0.3483201672124631,0.9441858658389402,0.3180971164713915,0.3610382442584572,1.5665055868827353,6,13,1.161724660257608,0.02454354862936564,0.033571441510355016,1.1658164458647293,True,0.056133414640324196,-0.007027738700231674,True,0.7499999999999999,8.865375071763992,0.9378661827029561,0.75,0.0927430436784425,0.07750075451120682,0.8481551149298926,0.7836805659951517,0.9818691181735371,0.8797778631365616,0.9818691181735371,0.8797778631365616,2,True,True,True
490,20260711,geant,5,5.866753065673839,0.6926059409043455,1.4240007137322868,0.07086094547000303,0.2543530541340763,1.1392741438846008,1.9340552782754676,0.4865186295514029,1.9679886600669285,15,5,1.2991278543050981,0.019810270794468364,0.029952412715529807,1.2185955445110452,True,0.10042496756867707,0.0,True,0.0,392.028542002663,0.2426364489856782,0.0,0.04844527109625023,0.050303980378370874,0.8934118099094991,0.8916822001025169,0.6215995698596505,0.6991089314536243,0.6215995698596505,0.500765979041186,8,True,True,True
491,20260711,edge_fog,9,9.44344578307169,0.5553226181484231,1.406347807106539,0.04926259009347867,0.4388731171087019,0.8160474966904584,1.029314330596644,0.13588085028567323,2.8063624566305716,9,10,1.265506123368528,0.02706074707549342,0.03272780381246651,0.883034314734191,True,0.17945051064325654,0.008799520142206575,True,0.25,63.46066691912711,0.6632308884429361,0.25,0.05321562555926267,0.037225335484659214,0.8424860018971775,0.904050805300076,1.0689272533894494,0.687383997498339,0.8346641457921106,0.6251236830311108,5,True,True,True
492,20260711,fat_tree_k4,11,13.500230189140403,0.5648546101990228,1.698158494662208,0.5484655552978532,0.14533602719016114,0.7447283704074154,1.783832982066521,0.567075485274685,1.0064560289036064,20,0,0.820279293913831,0.026160279672101452,0.035226211545066805,1.3778477642462632,False,0.0,0.0,True,1.0,45.11145793367177,0.0,0.0,0.036633944334341965,0.036633944334341965,0.8835494264944687,0.8835494264944687,0.7004831078808483,0.7004831078808483,0.5018936754440816,0.5018936754440816,1,True,True,True
493,20260711,nsfnet,13,14.672924416820742,0.4590396061838219,1.760678533540652,0.2671681772554007,0.20949261816867326,1.3483773699179513,0.47817564885038344,0.3826745263927357,2.0872116632052764,13,13,1.0714940847856982,0.024265681137175144,0.041854091105369105,1.0609447059649209,True,0.0676275229094832,-0.008242567859275325,True,0.7499999999999999,1.3275409583002329,1.0,0.75,0.09923028505371054,0.07780540222993551,0.8966568948910555,0.7754576965842384,1.0598397428080346,0.8768336522870496,1.0,0.8768336522870496,2,True,True,True
494,20260711,geant,22,24.381532844565907,0.49692000735376307,1.6258045832924752,0.36126283563570144,0.1925449188671075,1.326546544626849,0.8863257831028308,0.2620026456402303,1.8376893937310321,9,17,0.9705442406737878,0.037889404567089904,0.021138696402084836,0.9538197633318954,True,0.08377389260328207,0.0,True,0.0,42.8360829828307,0.30669918301541654,0.0,0.040819412624126306,0.033324565566557045,0.8946415640922822,0.8932205743961005,0.6580807004265515,0.5071314110695623,0.6580807004265515,0.5071314110695623,8,True,True,True
495,20260711,edge_fog,21,24.741636572913738,0.46681096268173533,1.79311706249897,0.04434564863418359,0.5145102942787633,0.6731495211338852,1.09931713393412,0.2573262388509137,2.472000366034997,1,4,1.1771656040754481,0.03520106397090894,0.03972613966398771,0.7808282424116836,True,0.13253394946998143,0.011162802997157764,True,0.15,136.44395908340812,0.4605727672844736,0.15,0.04330783875497076,0.03316209837643127,0.8118929749859601,0.8831856270349732,0.7321801903599489,0.5762718863788009,0.7321801903599489,0.5762718863788009,6,True,True,True
496,20260711,fat_tree_k4,18,21.69230310605177,0.5286257555034358,1.7822362066337287,0.4756632755605623,0.5698506706716036,1.3831550182450898,1.685672449756009,0.595673571783,1.433619982153632,11,2,1.3125026298943037,0.02820696052097248,0.041869451161576775,1.4570524590064373,True,0.011320016971435632,0.011320016971435632,True,1.0,54.736125050112605,0.029741325707386964,0.029741325707386964,0.030740907201278856,0.030740907201278856,0.847662687761357,0.847662687761357,0.5180023752123647,0.5180023752123647,0.5180023752123647,0.5180023752123647,1,True,True,True
497,20260711,nsfnet,12,12.938574061909875,0.4877024338221173,1.6911459379113971,0.004584499063437059,0.45145422924776085,1.2848341409646005,0.8179644763272556,0.33278895425467925,1.7291638683668509,8,6,0.8270383531054931,0.03523190051838753,0.028406525007100232,1.0295964944577078,True,0.15328267440286095,0.011460918623260385,True,0.14999999999999997,76.32287498563528,0.5311511017590524,0.15,0.07400901622169268,0.050040577619795114,0.873299206351558,0.8567176023388404,0.7773904568346053,0.5846062093859004,0.7773904568346053,0.5846062093859004,6,True,True,True
498,20260711,geant,18,17.492596869814218,0.48089320514749845,1.7205584604529933,0.1669103989020354,0.132657586872977,1.5825071376850013,1.7153871748141984,0.4833634465807264,1.1773379032920424,2,1,0.7784735566344506,0.033418815021407845,0.022312802587659546,1.0829830441933814,True,4.415348989949396e-07,4.415348989949396e-07,True,1.0,193.79820791073143,0.0,0.0,0.03717184774498078,0.03717184774498078,0.8672549411442986,0.8672549411442986,0.573212193411982,0.573212193411982,0.5022616499277115,0.5022616499277115,1,True,True,True
499,20260711,edge_fog,25,26.698696241003464,0.58571124133147,1.562949706552297,0.38226437000524033,0.4735206044076653,1.7986648824827145,0.6179852799041623,0.5712232795385251,1.9802235295183668,10,18,0.9440266739028851,0.028290366916819215,0.04258643213232887,0.9069089721497969,True,0.08775679312681096,0.01632036623410549,True,0.15,89.08037492074072,0.4376093001300317,0.15,0.04371333902926847,0.03298715594929544,0.7872424545735107,0.8334046758236884,0.7218805853136001,0.5759301751193722,0.7218805853136001,0.5759301751193722,6,True,True,True
500,20260711,fat_tree_k4,22,23.03120322951972,0.4714180296149758,1.7977253932467865,0.020945200787847146,0.5676904192076658,0.655794721706856,0.2689443325927674,0.5929548349052817,1.3188855007491749,6,9,1.3289480510723735,0.018019786328964667,0.027786778726476422,1.3684882957678965,False,-0.025445405944135854,-0.025445405944135854,True,1.0,0.8226248901337385,1.0,1.0,0.07620215980756599,0.07620215980756599,0.8113684422626287,0.8113684422626287,1.2754772454538505,1.2754772454538505,1.0,1.0,1,True,True,True
501,20260711,nsfnet,4,3.4750638879551983,0.5115750568185377,1.444146255624345,0.4863791423206806,0.5990919367961877,0.8297703567695099,0.6417555429816177,0.4869118398286796,2.375383001687303,8,9,1.0740138761289804,0.018116464011810177,0.009286988669808396,1.1837993146576402,True,0.05094459290266306,0.011840699083886711,True,0.1,105.85699998773634,0.24371800950525704,0.10000000000000002,0.0721113915699044,0.06859107413676473,0.8376801274834257,0.8714600642655254,0.6327291006873865,0.5532840647204055,0.6327291006873865,0.5532840647204055,7,True,True,True
502,20260711,geant,19,21.80661216842935,0.46527344096591833,1.7940441457498832,0.42656120091590904,0.6195221667467427,1.5967986533795093,1.4368010333171497,0.18178852357324038,1.638215797316132,19,20,0.7525855936452163,0.030466199806721835,0.026232681392335654,1.222442485836611,False,-6.9608001781445e-06,-6.9608001781445e-06,True,1.0,155.3946250351146,0.0,0.0,0.03519097116794339,0.03519097116794339,0.8694911445618234,0.8694911445618234,0.5305792371035927,0.5305792371035927,0.500235570041944,0.500235570041944,1,True,True,True
503,20260711,edge_fog,13,15.830696242029308,0.5504424517307925,1.7329088102459618,0.22720365319745447,0.4721534956157808,1.1864923371097345,1.8536110930308436,0.5855508049703161,1.8501809047876059,23,1,1.293683551932723,0.024374270787966452,0.024072415393376914,0.8084593783093983,True,0.049397857880923754,0.0,True,0.0,215.85758309811354,0.1219093546646176,0.0,0.03419349734902632,0.03373460725410194,0.8710501735056028,0.8919100232852947,0.6398757957883542,0.6184007901348187,0.5620307917635885,0.5000839886325936,8,True,True,True
504,20260711,fat_tree_k4,22,26.332116054571035,0.6029889261822967,1.7526097150488085,0.3173405779724627,0.23995748027962066,0.8302844963765105,1.0067890130228903,0.4629836909267876,2.956220859094178,18,27,1.2101764408411366,0.03207155290693697,0.01323018336032724,1.3541448921910653,True,0.1417781929466991,0.018159016639193164,True,0.15,40.7682090299204,0.5115775336293957,0.15,0.03932094192945671,0.02577263085922018,0.8349869951423586,0.9063442176832192,0.7582822416309886,0.5773719284547284,0.7582822416309886,0.5773719284547284,6,True,True,True
505,20260711,nsfnet,13,15.598691451428337,0.6938370753896455,1.7688901817005274,0.46872564711303105,0.03267504989498851,1.1984134601945415,0.9515007270197147,0.43355840294992254,2.5999611765992086,4,13,1.0240737135974627,0.030541973001767163,0.016775434366215296,0.8827237924706186,True,0.06226348041762098,0.0,True,0.0,44.904999900609255,0.2081024951790399,0.0,0.05036862091553013,0.04631539975503767,0.8589641805741842,0.9211899484274965,0.6045401200841023,0.5025177246991325,0.6045401200841023,0.5025177246991325,8,True,True,True
506,20260711,geant,11,10.13026796630868,0.45638572207505035,1.4159075847676796,0.4590330224113488,0.6653326127035649,1.5382295282998282,1.1526840420717785,0.1414816861381184,1.6672453640882703,19,20,1.326318355242504,0.03136477951095075,0.04964857508237228,1.1855438285642714,True,0.07541695941735178,0.0,True,0.0,59.57049992866814,0.2878527349165141,0.0,0.050802745002005344,0.04588504059932179,0.8789875390731323,0.8585760280257271,0.653231713624827,0.7400346305505342,0.653231713624827,0.5571174268231076,8,True,True,True
507,20260711,edge_fog,22,23.9329216075774,0.5280117113878938,1.7954159223010178,0.1507132781820248,0.30315801331524417,1.7866752295686612,2.027519451633621,0.4576446262134185,1.7293556245347717,9,11,0.9332678976380749,0.019306128767158752,0.04344233324145466,0.8614193303885251,False,-4.5708476775394105e-06,-4.5708476775394105e-06,True,1.0,284.09487497992814,0.0,0.0,0.03342212435489015,0.03342212435489015,0.8360393918815076,0.8360393918815076,0.5585851229672958,0.5585851229672958,0.5004504822035823,0.5004504822035823,1,True,True,True
508,20260711,fat_tree_k4,12,13.226742603518135,0.5381515775997712,1.6750739403825277,0.04727273495990775,0.052279617663475775,1.6520224382702269,1.740191449592924,0.25603807362525977,1.1851470327460163,32,22,0.8588806647397584,0.017839541877389908,0.03452609952755782,0.706928738442699,False,0.0,0.0,True,1.0,171.60250002052635,0.0,0.0,0.03724170130100432,0.03724170130100432,0.8699302795015196,0.8699302795015196,0.6008187451826363,0.6008187451826363,0.50116605863714,0.50116605863714,1,True,True,True
509,20260711,nsfnet,6,6.027975964620206,0.6016752298649559,1.6917094782785647,0.3094791208220689,0.43552254178397315,1.3222121142979772,0.5119629714122016,0.2170204589131352,2.726775269337403,7,6,0.9846436468192586,0.025338162547527014,0.025313025830658552,1.2765814414485281,True,0.13209964240956287,0.009144400438834658,True,0.3499999999999999,65.1640830328688,0.7097146447035012,0.35,0.07394053247310746,0.05257968603337032,0.8279401689893245,0.8802352928464472,0.8618562845009963,0.6834866943766911,0.8618562845009963,0.6834866943766911,4,True,True,True
510,20260711,geant,6,5.634533713758179,0.5106832238998024,1.6893985316036741,0.07120924197609119,0.628986563358693,1.4721143672978518,1.4463220538773525,0.3280170126493692,1.4560911840014545,7,7,1.1536734449111772,0.015172020632775618,0.04298883237444515,1.1191275097829108,True,0.11913487845784704,0.0,True,0.0,291.5200419956818,0.3343157956588859,0.0,0.05261471811381048,0.045171532843825975,0.8406632397351484,0.8883778361943675,0.7209669724491312,0.8431244556400892,0.6702489777515143,0.7499692312764505,8,True,True,True
511,20260711,edge_fog,23,29.88019822975241,0.5621944985141685,1.7516067072697918,0.41060689845110987,0.3419181324177457,1.0446364578390066,0.2611247633007261,0.32291493903613067,1.7031282943800845,21,21,1.212493269509228,0.02886356240806837,0.01252819455259321,1.3839251632304523,False,-0.03867879028159563,-0.03867879028159563,True,1.0,0.9033749811351299,1.0,1.0,0.08088803016201998,0.08088803016201998,0.8537415102783834,0.8537415102783834,1.9085195555460606,1.9085195555460606,1.0,1.0,1,True,True,True
512,20260711,fat_tree_k4,21,25.534323569133186,0.6236180764874986,1.7052326033367817,0.003248904228462663,0.4329132947630008,1.1158470644346625,2.238285484466869,0.1646817451161719,2.9491719527524625,9,23,0.8317305660196298,0.03734516157692637,0.025733172210850194,1.4962026982575989,False,0.0,0.0,True,1.0,41.55229206662625,0.0,0.0,0.028208170666755107,0.028208170666755107,0.880624358051935,0.880624358051935,0.5129618975035702,0.5129618975035702,0.5025874072492585,0.5025874072492585,1,True,True,True
513,20260711,nsfnet,11,15.770525424438791,0.7971437963278822,1.7473978473065028,0.01999509344288061,0.059758033200088795,1.406368223929943,0.9505239445815998,0.6219933197426587,1.4242947201087643,13,5,1.1932531360306906,0.0308337574996748,0.035325293299815624,1.058198502828474,True,0.18507133296333372,0.012417805855149124,True,0.5,2.326207933947444,1.0,0.5,0.09929477807127002,0.05716839265734585,0.8963612868301467,0.8760582974586888,1.0829843399871688,0.7557778291287699,1.0,0.7557778291287699,3,True,True,True
514,20260711,geant,5,4.484958856847788,0.47106643838563894,1.272194118628041,0.30531545962770884,0.5698811136081767,0.8657846929485887,1.4841181429487698,0.37266025885444587,1.0832693407271845,0,12,1.0344264638924754,0.028407557146018007,0.04840725029310506,1.0065655451359943,True,0.014980497587638543,0.014980497587638543,True,1.0,58.22787492070347,0.03761978095489746,0.03761978095489746,0.041707292166319895,0.041707292166319895,0.8883867402004506,0.8883867402004506,0.5309663883612523,0.5309663883612523,0.5309663883612523,0.5309663883612523,1,True,True,True
515,20260711,edge_fog,6,6.867691131419591,0.5288756501956349,1.5972737579573852,0.2389111580997033,0.5911325216985552,1.614493354267668,1.428768191631612,0.37195880181608165,2.335458582948127,20,6,1.2626857442372184,0.01758491315605794,0.026613681841011608,1.1412361078533015,True,0.10307471316607687,0.0,True,0.0,823.6092498991638,0.29637257810486495,0.0,0.03905364577274931,0.03774903113243653,0.89563867068352,0.9261538545995366,0.6508412488976666,0.8252731008583043,0.6508412488976666,0.5105266652031473,8,True,True,True
516,20260711,fat_tree_k4,17,22.186560281003896,0.7035109418354664,1.7760414445360724,0.1550475513306467,0.6973440540199216,1.193185046207645,0.942922451481712,0.6277005097497852,2.0744054353590653,28,34,1.2847467576197091,0.028843186509817695,0.039093828516756454,1.4043887040374787,True,0.15153964353185045,0.01140510716199787,True,0.25,33.100125030614436,0.606395095603111,0.25,0.05534936660562838,0.032723856485873504,0.7908297235174678,0.8803365851444113,1.1370721451991836,0.6298631952252486,0.8109935838551586,0.6298631952252486,5,True,True,True
517,20260711,nsfnet,14,16.116744207329766,0.47510058886443635,1.7349012876896903,0.2898317522988393,0.7215750617648453,1.4346200061386396,2.0635370543298777,0.21074417767486844,2.2608841538077415,12,5,0.7887916120869402,0.029128170788012442,0.03608863174143857,1.2186992254351958,False,-3.561048737181517e-06,-3.561048737181517e-06,True,1.0,78.25237500946969,0.0,0.0,0.04319847187047561,0.04319847187047561,0.862912433691494,0.862912433691494,0.5012516342534982,0.5012516342534982,0.5012516342534982,0.5012516342534982,1,True,True,True
518,20260711,geant,8,11.405053445624615,0.9783515469944615,1.7343962429012563,0.06688037324734505,0.4118863716936779,1.6599032289189948,2.1116988620688844,0.2921270945641836,1.7532967683889467,2,3,1.2841073534130323,0.015325156837684003,0.03937658241290473,1.4493831114193538,True,0.06675144648548682,0.0,True,0.0,235.09608395397663,0.15339594947205892,0.0,0.04478895160458496,0.04074735294683696,0.8533376637368484,0.8775411214147572,0.5823117950876451,0.5057865797501147,0.5823117950876451,0.5057865797501147,8,True,True,True
519,20260711,edge_fog,23,26.747531316532655,0.4703968188574184,1.7794102110559737,0.06232561933895197,0.5723398678491323,1.1160279317879036,1.4379872865453815,0.46259999971725396,1.7349094246717234,4,6,1.1229384111406773,0.031751493104110046,0.0490530570035421,0.7822054242323974,True,0.10629965096795047,0.0,True,0.0,176.6860409406945,0.30135254229113123,0.0,0.038219046733112196,0.03190709467440283,0.8939126925129087,0.8669489620329041,0.6509427491330525,0.5034835505596654,0.6509427491330525,0.5034835505596654,8,True,True,True
520,20260711,fat_tree_k4,4,5.304450539125042,0.9194781320513228,1.6804517077625907,0.3037222835096186,0.07735094624221399,1.1607356725951683,1.0139232669115918,0.46289419986928426,1.9595164733769703,0,22,0.8146963068248522,0.020280961558523176,0.04447855385085102,1.4445093815117138,True,0.02884330333442372,0.01830056769465062,True,0.1,700.6188330706209,0.07825739814344577,0.05099573046469282,0.05987272277205811,0.05874059095827574,0.8737957996842451,0.8787866260285571,1.2144804603538693,1.2144804603538693,1.0000000000000004,1.0000000000000004,7,True,True,True
521,20260711,nsfnet,10,11.078074638144432,0.7024337931037186,1.6691247939365517,0.25415185959515485,0.12672283244545643,0.885131077349716,1.6053083250858284,0.42153847541735945,2.820444039372492,6,3,1.30923981470489,0.017613622203589533,0.03670496237273648,1.1181429364677449,True,0.10322531037876113,0.0,True,0.0,68.97337501868606,0.28271777949765925,0.0,0.060655161609696945,0.05237084506534793,0.8598096528811534,0.8617716230550231,0.6423427850339791,0.5439772332993366,0.6423427850339791,0.5439772332993366,8,True,True,True
522,20260711,geant,19,21.422589094888266,0.4526855221649776,1.7940704778515266,0.29005400164217887,0.5525613706067771,0.8899066590464283,0.575427636213115,0.5739608236736424,2.472846412461858,13,10,0.8242958805486642,0.03365218286437683,0.042836365688055246,0.8555476661903804,True,0.0573061418278742,0.019140145406337464,True,0.15,117.10983410011977,0.3049814030159342,0.14134968126669004,0.039671849586758956,0.0341869792418952,0.8734322279027839,0.8594673413584644,0.6653257372787247,0.5840456255757306,0.6653257372787247,0.5840456255757306,6,True,True,True
523,20260711,edge_fog,7,7.767126794994443,0.6066462441175451,1.4976786677897038,0.37878075736397476,0.539177418881106,0.6713205512697917,1.1826375130154212,0.42903278015291435,2.934511295259192,23,17,0.8917289529009265,0.03793370220610558,0.024804957635715497,1.4745834744014736,False,0.0,0.0,True,1.0,73.61737499013543,0.0,0.0,0.03581376088972819,0.03581376088972819,0.9162292232647936,0.9162292232647936,0.5687408233226967,0.5687408233226967,0.5022502955560072,0.5022502955560072,1,True,True,True
524,20260711,fat_tree_k4,27,28.923524001203795,0.47727925808274607,1.6691116973188769,0.261470298562871,0.6119611986085253,1.2272942512818117,2.2378918430052464,0.2603209955849034,1.2520358457200862,13,30,1.2125300304839328,0.039882144061912664,0.009067398491876105,1.0293482207550193,False,0.0,0.0,True,1.0,11.93145802244544,0.0,0.0,0.030483139255367858,0.030483139255367858,0.8625359373261235,0.8625359373261235,0.5567037186212784,0.5567037186212784,0.5004943505569348,0.5004943505569348,1,True,True,True
525,20260711,nsfnet,4,3.6124012406657644,0.4943012286288186,1.5187307831907335,0.3978811301171695,0.6169378567653278,1.5595304020146514,0.9500263846365329,0.40344795895390373,2.825784632255841,5,7,1.3366423731620043,0.017304626051007885,0.022571042928781822,1.070595043528789,True,0.13534564781429195,0.010458906122690346,True,0.15,177.50037496443838,0.5402747174528472,0.15,0.07697244229061152,0.055918085841761445,0.837457206573273,0.91850583544016,0.7738203403996045,0.6618198214452817,0.7738203403996045,0.6618198214452817,6,True,True,True
526,20260711,geant,20,25.022813158663567,0.4672785022618129,1.7371704193556026,0.006830937069381982,0.3593426740401695,0.9654700671188824,1.1803453448990735,0.1488043611547638,1.626009824058245,14,18,1.0173382593636564,0.03198926835712866,0.03663303717746535,1.3355726384304072,True,0.14443143741737055,0.01531946373096836,True,0.09999999999999999,54.84600004274398,0.4415577130187925,0.09999999999999999,0.04398867944665738,0.03473230888472182,0.8281472767447785,0.8841807167795284,0.7246022097268551,0.5502221298023218,0.7246022097268551,0.5502221298023218,7,True,True,True
527,20260711,edge_fog,11,15.320900718449671,0.7613489967942715,1.778629067754849,0.20360658323296177,0.341837627383507,0.9596915812437499,0.6235624808177054,0.14789370838398405,1.1779936154149744,8,9,0.7909343478054213,0.02441135629948693,0.02346135493336888,0.7807831885651902,True,0.11072939451112034,0.01739634490060586,True,0.15,71.69787492603064,0.429402259793374,0.15,0.04611910962386702,0.03255916728504542,0.8847862656427964,0.9068137775614843,0.7174702118700176,0.5815956882777946,0.7174702118700176,0.5815956882777946,6,True,True,True
528,20260711,fat_tree_k4,12,12.539647773485983,0.519909317133,1.6577747125727216,0.24944965404160283,0.6994433539432422,0.6534158841787049,1.1388444127673447,0.18004387104516548,1.4264337419362512,2,17,1.2821657457026596,0.028679143067961488,0.04351598591128957,1.2951750241445685,True,0.0849095847506407,0.013368572958064219,True,0.1,243.04670898709446,0.29531912846510694,0.1,0.040585129281737166,0.03833750698846545,0.8545245623465281,0.8510355789833657,0.6482421126466621,0.7548639318310942,0.6482421126466621,0.551293792397472,7,True,True,True
529,20260711,nsfnet,9,10.225581482846694,0.609865682329896,1.7803006377335746,0.029841925008927326,0.4342603777828026,1.628619644068201,0.5977960635950756,0.5481301729469222,2.5203145597153576,3,0,0.9977835452907389,0.024245321997432713,0.043001723180105124,0.7549459730128406,True,0.15697327996247024,-0.03291665824675253,True,0.5,0.6321660475805402,1.0,0.5,0.09746628315414804,0.060044135608368354,0.8984129559417116,0.8868577486848633,1.0,0.7560218965162705,1.0,0.7560218965162705,3,True,True,True
530,20260711,geant,4,4.804145701793459,0.7933028237913238,1.7211744603654258,0.26351768417203486,0.6652372042255259,1.2002033418556717,0.40273245564409743,0.41733102845398495,1.2404642503799508,9,20,0.7782472265224482,0.02183722624043878,0.017939712224701185,1.2558429193768208,True,0.07980518975649188,0.003133939687660343,True,0.15,43.518041959032416,0.41261054561673094,0.15,0.07551454171494439,0.0684842160155132,0.8948534303901895,0.9121731831816006,0.7277486590932779,0.7493380925762446,0.7277486590932779,0.5853622236586988,6,True,True,True
531,20260711,edge_fog,12,15.932732988489416,0.877496900144998,1.673476144154652,0.44567596233672174,0.5731445937467433,1.0140354746449038,1.3659268046116182,0.41757103529223205,2.50111708688269,22,4,0.7666419037260815,0.03860768578267675,0.030230324799072554,1.4017324791865098,False,-9.258749046691422e-07,-9.258749046691422e-07,True,1.0,129.84741700347513,0.0,0.0,0.03422685194153984,0.03422685194153984,0.8882200662983915,0.8882200662983915,0.5984958826380521,0.5984958826380521,0.5016489847346002,0.5016489847346002,1,True,True,True
532,20260711,fat_tree_k4,27,30.818424754765974,0.5209207273540274,1.7902576354013762,0.0725173617903322,0.26858023939196246,1.7351694646872016,1.798385428636693,0.1372784076656861,1.7182717515569124,9,30,1.0167211610355067,0.03325711095715614,0.02938740716901654,1.1528317849586538,True,0.03450442015515718,0.0,True,0.0,123.61812510062009,0.07606281269780783,0.0,0.03129462685509865,0.030621442019463253,0.8632063434552343,0.8799470335665559,0.5796932810720533,0.5523084998530552,0.5395358194342735,0.5003689621365596,8,True,True,True
533,20260711,nsfnet,13,15.153316677260602,0.7301305921537273,1.6356284623505857,0.3966546599108278,0.5609030966528739,0.731987347950098,0.34275345433671056,0.5566160721384484,2.4225870759105907,7,13,0.9837862982062916,0.03021936423460777,0.044696472221190386,0.7602303822557457,True,0.04060142774501883,-0.003007861785286225,True,0.25,15.75712498743087,0.4360243133332479,0.25,0.0669448054893985,0.05139210063049431,0.882578775202987,0.8798292226017645,0.7376804934962862,0.6351917142807127,0.7376804934962862,0.6351917142807127,5,True,True,True
534,20260711,geant,8,7.416585041327512,0.48764068853988674,1.3868907294997708,0.36718475132255685,0.7411559623477839,1.5870756932144643,0.7248830401185282,0.5127608824712213,2.847988652752447,7,8,0.9740633916878478,0.030738260744682687,0.03901807052741018,0.8465152385515281,True,0.07684303932248537,0.012370739433070009,True,0.1,103.82654098793864,0.3314580137965709,0.1,0.04678827845530826,0.0425645008709733,0.8975206717787465,0.8758871186519362,0.6665482736402556,0.6421440239711597,0.6665482736402556,0.5516995129769359,7,True,True,True
535,20260711,edge_fog,12,14.090925401496234,0.7766659976599175,1.732752617460321,0.12534987504016623,0.20761459808485636,1.2673951243529205,0.6079526585459727,0.2584243812489033,1.3471668082197572,23,9,1.1534141389887156,0.023823828968087327,0.02959056221120545,0.9930409127012212,True,0.058136071523516415,-0.02009749874940862,True,0.7499999999999999,1.7559999832883477,1.0,0.75,0.08097024892183177,0.061838759190268815,0.8533816576259216,0.8143243907538423,1.8894340049228011,1.4447170024614004,1.0000000000000002,0.8802773883850548,2,True,True,True
536,20260711,fat_tree_k4,29,32.002202954180746,0.4580285128276232,1.7839153821474736,0.4504443828130621,0.27936186587896816,1.796463241316372,1.3171385317332265,0.4684023469848937,1.034560926332888,6,21,0.9316329362403972,0.03470993489577611,0.03830149125590025,1.4309423738243812,False,-2.3025591614784997e-06,-2.3025591614784997e-06,True,1.0,48.68429200723767,0.0,0.0,0.029492093357444852,0.029492093357444852,0.8307662632257881,0.8307662632257881,0.5399817223854204,0.5399817223854204,0.5022202610538707,0.5022202610538707,1,True,True,True
537,20260711,nsfnet,9,8.206727398161885,0.5835135284485433,1.7127665742015066,0.39485510092130716,0.367050344459612,0.9590123501850105,0.3184120230560312,0.15639627100214595,2.183072463149815,2,1,1.1491078719743884,0.018496370122988406,0.026071766881961517,1.2034600071751225,True,0.07770610644931171,-0.01841927540950984,True,0.7499999999999999,0.6018750136718154,1.0,0.7500000000000001,0.10099981008160366,0.07893846564014054,0.8922119103809061,0.8330649263018353,1.0,0.8923201819705568,1.0,0.8923201819705568,2,True,True,True
538,20260711,geant,19,21.861446690197035,0.6319759458836745,1.7654590218186466,0.4018318288935183,0.5751220145939724,0.6665053253275011,1.021183694906004,0.1276201229254737,1.3619598013892704,0,11,1.1839099403790474,0.02858548880830273,0.01891981658909796,0.8625922567795429,True,0.05677331573039962,0.0,True,0.0,67.24070804193616,0.2088219238358323,0.0,0.03850021648317942,0.03451080783883432,0.8791241480901899,0.9100623069447381,0.60813237851743,0.5006601877267861,0.60813237851743,0.5006601877267861,8,True,True,True
539,20260711,edge_fog,15,14.812357532302343,0.633970485366598,1.6076156543438018,0.1863598975087527,0.40681909854346127,1.385431676449159,1.500928692207814,0.5626409957223957,1.8881862941878795,1,14,0.9100715663141254,0.027003716733835927,0.03783168889058798,1.0951470423354674,True,0.011336236652980324,0.011336236652980324,True,1.0,116.50029197335243,0.026480139970354366,0.026480139970354366,0.03365028276661453,0.03365028276661453,0.889651921859243,0.889651921859243,0.5134968198311465,0.5134968198311465,0.5134968198311465,0.5134968198311465,1,True,True,True
540,20260711,fat_tree_k4,20,22.283621169308066,0.4889397400434277,1.7853609334087122,0.529273272567397,0.13361401166074036,0.8574227398517981,0.6584158415837997,0.5033215493909544,1.476161505141619,26,14,1.231831055821793,0.01776341578556051,0.04651397145946613,1.1439069123501182,True,0.13355669358164088,0.014045830247373268,True,0.25,37.333999993279576,0.6883996777576205,0.25,0.05727294882494775,0.03317291372567639,0.750361324565866,0.8658872009011013,1.3400279264146187,0.6355823387758606,0.8448121391024288,0.6355823387758606,5,True,True,True
541,20260711,nsfnet,4,4.719598338420056,0.6408241316821135,1.5194291244499312,0.21881501852353183,0.5270511452478224,1.7452729458805556,1.8215259722828638,0.6257197531270802,2.313294789355002,2,1,0.8709947281713618,0.02758492155178112,0.015504238168908554,0.9373701540186201,False,0.0,0.0,True,1.0,31.63066692650318,0.0,0.0,0.06632183613986699,0.06632183613986699,0.8842608222608871,0.8842608222608871,0.6721644845202007,0.6721644845202007,0.5064898053249796,0.5064898053249796,1,True,True,True
542,20260711,geant,14,16.244838920652207,0.5010152651442263,1.6566616434721686,0.45083893829193783,0.43092106701997746,1.335092228300675,0.48092782462087436,0.4684747840613118,1.1323183894909719,0,19,0.9911272212467159,0.03758540173233242,0.0384473154820652,0.7870058713004623,True,0.08270696958708221,0.016724673840519656,True,0.25,17.106459010392427,0.5259215480296889,0.25,0.05179325532124207,0.03958091292299425,0.8673147673156278,0.8962916328332554,0.7672341873806817,0.6254123009323683,0.7672341873806817,0.6254123009323683,5,True,True,True
543,20260711,edge_fog,4,5.359318046634243,1.1087342306068018,1.791545126485872,0.3133936223655339,0.5323774572635436,0.7812105754922491,1.3970455342616483,0.17670503015726796,2.972146056758687,16,23,0.992766522232303,0.03620029855192154,0.03944611231490635,1.2911724567124088,True,0.006171901515633142,0.006171901515633142,True,1.0,56.27441604156047,0.015477629622991615,0.015477629622991615,0.047944952268228556,0.047944952268228556,0.8765253455214592,0.8765253455214592,0.7165402961690184,0.7165402961690184,0.5254479166430228,0.5254479166430228,1,True,True,True
544,20260711,fat_tree_k4,12,11.85771542429039,0.5348391120066472,1.6613447252661113,0.22122534526915735,0.5945209356103539,1.4157918798552012,0.8898682260240689,0.3145589999202355,2.680140587920524,29,3,1.0906939834755875,0.02457503392327085,0.025704096553981953,0.7440746145226337,True,0.12032873224114114,0.0146903345058659,True,0.15,80.23858407977968,0.46759670545445975,0.15,0.0499641194295901,0.036392902712056995,0.817094845179102,0.8795538510472557,0.8577045759504718,0.6587263061556049,0.73867672217899,0.5814042233151088,6,True,True,True
545,20260711,nsfnet,13,15.10142993643058,0.6005708629762202,1.7868307607388922,0.09419753890746657,0.7274026646258449,1.7354406640563371,2.004757922366572,0.3400907825452004,1.7362772160333688,8,10,1.0940162644803109,0.021184548477789646,0.03000671454305199,0.8561833329282194,True,0.014356720681427345,0.014356720681427345,True,1.0,35.02958291210234,0.031414924212814554,0.031414924212814554,0.048840638271031044,0.048840638271031044,0.8557492074571361,0.8557492074571361,0.5183159670179828,0.5183159670179828,0.5183159670179828,0.5183159670179828,1,True,True,True
546,20260711,geant,13,17.434890576553396,0.7798725552315141,1.7039467096914938,0.34360404026551356,0.1996792109029914,1.1146593539491456,0.39825021080587875,0.6442484393341598,1.7381643061965055,14,8,1.092988944381521,0.02159425387511045,0.04472494391553059,1.0769272238740473,True,0.03892738594926536,-0.020361714592934333,True,0.7499999999999999,1.7917080549523234,0.9803688960669661,0.75,0.07056290781060146,0.05884953907590563,0.8668285003682384,0.8010521819900034,1.0733210441866,0.8838479649316325,0.9999999999999998,0.8838479649316325,2,True,True,True
547,20260711,edge_fog,19,23.604598492107954,0.5775709453808194,1.763328342150503,0.4179584956888994,0.48356162147433607,1.2301625561617144,0.5723130785691621,0.5563270806306754,1.7556363990755757,15,2,1.2210022859942904,0.031060112906464984,0.015085096432855948,1.4456944545430699,True,0.11905739325502361,0.002858249471094369,True,0.3499999999999999,31.607832992449403,0.7204240586821379,0.35,0.06054799141137058,0.04433604507317402,0.7757854622160725,0.8072229060134126,1.2696423424354846,0.9299298898993946,0.8617519613447593,0.6771149051292676,4,True,True,True
548,20260711,fat_tree_k4,12,12.380422492105692,0.48525831004912084,1.7918651788233722,0.24909514503932495,0.576404167780292,1.5252995666323654,1.488648557353278,0.49923693681384806,1.0320335856228733,26,24,1.1896554160068165,0.02941658841178725,0.028955971428986673,1.4435360327813869,True,0.07068628399250287,0.0,True,0.0,141.2672920851037,0.19130402612912656,0.0,0.038132396521790575,0.038341300896897974,0.8426184028208983,0.8822002230514919,0.6146394970168179,0.7678601349581287,0.5961378363851615,0.6044657570747418,8,True,True,True
549,20260711,nsfnet,9,10.303331664160513,0.47534118976108103,1.7054676671213,0.20111636151523649,0.4944334814117644,1.547297159254592,1.3833331050396158,0.3584056431691258,2.599177215825642,5,11,1.0871726698956357,0.02011734969182597,0.04990089860677701,1.424890978719085,True,0.07885731135541674,0.0,True,0.0,112.43800004012883,0.21368386701641975,0.0,0.06546702070950348,0.055687522956244864,0.884713628741781,0.8428118986888526,0.6083110404943685,0.5014512094842964,0.6083110404943685,0.5014512094842964,8,True,True,True
550,20260711,geant,15,16.144916738295304,0.4808377077893021,1.7749578288917018,0.5491936083646394,0.03488712756853621,1.1249951087287902,1.8798348420917697,0.5654285066896931,1.7907452753814768,12,6,0.7980890412104853,0.028924423963012414,0.02146128263398977,1.459034862595239,False,0.0,0.0,True,1.0,17.71308295428753,0.0,0.0,0.03690773641304179,0.03690773641304179,0.8891999426895022,0.8891999426895022,0.5011684358799202,0.5011684358799202,0.5011684358799202,0.5011684358799202,1,True,True,True
551,20260711,edge_fog,18,18.851856117116352,0.4728892999645606,1.665813810778801,0.10855545320984746,0.20763017290934885,1.2360592831236619,0.9218610879846829,0.42060879559461395,2.16969622231617,13,18,0.8022370181757601,0.025739181897203922,0.042248389629050725,0.9739982691389979,True,0.12304619822380698,0.0,True,0.0,288.66612492129207,0.3635945505576818,0.0,0.04061130657841819,0.03241412349868806,0.8637966456962296,0.899330044423901,0.6854735681102622,0.5032199636463872,0.6854735681102622,0.5032199636463872,8,True,True,True
552,20260711,fat_tree_k4,29,35.176676745972934,0.49527391475733934,1.7943943288213786,0.20513375974462386,0.053971175153487996,1.6286469436318098,1.6159834680629674,0.6290391358247543,1.0751071834173296,18,14,1.3476631183895027,0.03404385471416736,0.036368528101218336,1.2439582160539508,True,0.14557295658584374,0.0,True,0.0,179.66449994128197,0.41126012699908626,0.0,0.03757357540824754,0.027562261105147205,0.8693744455882467,0.8675732997046459,0.7057441345138105,0.5030461199769475,0.7057441345138105,0.5030461199769475,8,True,True,True
553,20260711,nsfnet,12,13.677855643606417,0.45140702223218326,1.6987635240102372,0.4783454710949153,0.32593987061321933,1.7883896367173326,0.8025112647111503,0.2019162262651399,2.840672519682089,1,2,0.8159001985505474,0.03360761092082104,0.017417179155039528,1.4530076165965031,False,0.0,0.0,True,1.0,23.92895903903991,0.0,0.0,0.04603523220127917,0.04603523220127917,0.8824586693657529,0.8824586693657529,0.501373570470234,0.501373570470234,0.501373570470234,0.501373570470234,1,True,True,True
554,20260711,geant,20,24.028021848486677,0.4535215433411993,1.7487545232661532,0.529957931828275,0.08680237860999522,1.149380156892068,1.5128373861577356,0.5502474183878538,2.4030993030845353,19,7,0.9787177180244927,0.0208233470186279,0.009653521807371493,0.8202122108593968,False,0.0,0.0,True,1.0,5.649916944094002,0.0,0.0,0.03964925167293205,0.03964925167293205,0.8777699013419695,0.8777699013419695,0.5761054200218824,0.5761054200218824,0.5083051395976808,0.5083051395976808,1,True,True,True
555,20260711,edge_fog,21,22.439644571384058,0.47466356987028924,1.7690581001570864,0.11487117908722658,0.10610830135565334,1.1482650188354935,1.9152166045335421,0.45371990735527523,1.6004355911895622,0,5,0.8500532455799559,0.031194748710942737,0.03080916466328358,1.1717302687810924,False,0.0,0.0,True,1.0,27.349957963451743,0.0,0.0,0.032771241118126265,0.032771241118126265,0.8955039687922378,0.8955039687922378,0.5141185492882896,0.5141185492882896,0.5013317732595055,0.5013317732595055,1,True,True,True
556,20260711,fat_tree_k4,19,20.021240635133154,0.4797216540230249,1.6089253161493362,0.20217502998091955,0.4023983804655946,0.8928343780153501,1.0684877715664227,0.6185031695108033,1.1266177112419928,22,22,0.7883756467182137,0.03245007142694907,0.02688804842113338,0.9640950204521048,True,0.0362247711053676,0.01907587718175975,True,0.1,86.64370805490762,0.09461690865219556,0.050896239528621996,0.030630713342992725,0.030289168453182067,0.8924376607703443,0.8463068710614385,0.5485969008168307,0.5276999150952231,0.5485969008168307,0.5276999150952231,7,True,True,True
557,20260711,nsfnet,9,10.599037105572105,0.49056509088141265,1.798386889935937,0.08675322650655928,0.09985008791016281,1.6099200001231795,0.9298630920492255,0.6356051864635239,1.4813936631169078,4,7,0.8981572297973405,0.036261774586026335,0.012372826988225866,0.7868335862266513,True,0.211605554004703,0.01992090191991537,True,0.15,7.692874991334975,0.6684963690764487,0.15,0.07438918734106773,0.047514277346248045,0.8204106232100222,0.9299114023286361,0.837822057502201,0.5800522902185662,0.837822057502201,0.5800522902185662,6,True,True,True
558,20260711,geant,17,19.09408156405621,0.5535280819499259,1.7992688229125633,0.11257807046401362,0.09920333301165031,1.5557519263073054,2.026547980850342,0.13717365048654936,1.7166112122146049,16,16,1.1047468438414154,0.03216307642904921,0.008069289008555587,1.312232241214745,True,0.01920205125399952,0.01920205125399952,True,1.0,8.111208910122514,0.041652772307800984,0.041652772307800984,0.0355818880489488,0.0355818880489488,0.9036160643113826,0.9036160643113826,0.5251026946155773,0.5251026946155773,0.5251026946155773,0.5251026946155773,1,True,True,True
559,20260711,edge_fog,9,9.704188531643396,0.4519146874393812,1.4695482349358748,0.17327955046495058,0.05466067762686669,0.9696358307442042,1.5036167578008917,0.5683173945595842,2.8825258958666575,22,15,1.348524918197767,0.03455055799700599,0.008542309890580076,1.151283260669553,True,0.17618506881379287,0.019614396902733693,True,0.1,15.221959096379578,0.5072812794367599,0.1,0.04699848089258971,0.033450508705520424,0.8524261191045823,0.943936836868054,0.8935360546678132,0.5522154709446163,0.7550192804219411,0.5522154709446163,7,True,True,True
560,20260711,fat_tree_k4,30,34.680936871309974,0.4604571347634509,1.705219448413547,0.40882950832580217,0.29049002267174734,1.2412815315694756,0.8868045075000355,0.4208586870145019,2.787489255549113,20,34,0.9934965353624816,0.019201325090874456,0.049809343814684784,1.2738602356833937,True,0.062197864607793356,0.0,True,0.0,189.14670799858868,0.21301916293321835,0.0,0.0296973134482273,0.025963980310766792,0.8470069695978312,0.8636727712919572,0.6138274508684973,0.5062327220698493,0.6138274508684973,0.5062327220698493,8,True,True,True
561,20260711,nsfnet,8,8.588294331682164,0.4696886555596889,1.5339966819607662,0.2403855035800267,0.14650925635889822,1.6364633218933227,0.7886038219428617,0.22375162250426364,2.419919817423194,10,13,1.235649629884694,0.02852413756125097,0.042484647307187116,1.4366021640727324,True,0.16932422245512507,0.011199866711269685,True,0.5,0.5024580750614405,1.0,0.5,0.1039179367933444,0.06526257043772095,0.8788630397708398,0.8826161616224276,1.1324618430635216,0.7883362355250637,1.0,0.7502365633270199,3,True,True,True
562,20260711,geant,17,18.172182154617772,0.4555485454471218,1.6252328952332769,0.14339873212656257,0.3912279835464173,0.7433574701644344,1.2742412095511433,0.36377707039789886,1.3906550414535936,20,3,1.0960451665433844,0.018028251510949382,0.01434816820264978,0.9598922485051461,True,0.1028132212563494,0.0,True,0.0,78.96433304995298,0.2915096079003248,0.0,0.04065330555381249,0.03423247118470225,0.8414804592288567,0.887518612336902,0.651308832505054,0.5033427676093013,0.651308832505054,0.5033427676093013,8,True,True,True
563,20260711,edge_fog,13,15.123082557704183,0.5170929356582217,1.754872322221679,0.4307207716751847,0.2523179425853675,1.5458999577497181,0.9410423932458505,0.3589432854990666,2.6502788826147943,24,12,1.2358345046537447,0.02436029338308455,0.02599076814496362,1.418893117687271,True,0.135103553421415,0.011597745516599433,True,0.1,154.19187501538545,0.5189164458844778,0.1,0.0487624366601033,0.03283076908788375,0.8716045385452035,0.8925228370328637,0.9289235793052306,0.554440121692229,0.7624239494793413,0.554440121692229,7,True,True,True
564,20260711,fat_tree_k4,28,35.50857537296837,0.5052435106255005,1.7602123326845374,0.4374094377506893,0.12629589471593092,1.7201028893531287,1.3729225547300543,0.42450549957543104,1.1885000687899518,35,7,1.308567238677439,0.037580591995256644,0.008777561749081581,1.298697126287311,True,0.08395985762094331,0.0,True,0.0,170.27137498371303,0.25718450623736183,0.0,0.0328412079050584,0.028456501070134047,0.8112463943908089,0.8669562088321385,0.6309383333910968,0.5386398144692061,0.6309383333910968,0.5022668329825091,8,True,True,True
565,20260711,nsfnet,14,15.493731867823676,0.6079077273171537,1.6954446154197935,0.5431214521580885,0.2697801217745711,1.7163205200163878,1.68506846880082,0.6226830767350384,2.147743280374967,3,10,0.7733472060480058,0.037017667962482265,0.02244880896676922,1.078338984132483,False,0.0,0.0,True,1.0,34.87324994057417,0.0,0.0,0.05393019927346592,0.05393019927346592,0.8605893755069962,0.8605893755069962,0.5904996912146034,0.5904996912146034,0.5027854892289055,0.5027854892289055,1,True,True,True
566,20260711,geant,16,17.177623977467466,0.45513389495015955,1.7778323181202456,0.3651100067346689,0.737255524882816,1.2913031193843632,1.0797523628086576,0.3735459505036288,1.0090912323786843,15,5,1.0065212875158944,0.0369707522261053,0.01226633819351831,0.798214088629582,True,0.04175221260521082,0.0,True,0.0,782.5585829559714,0.12981015678869845,0.0,0.038878216041478036,0.036268237272747486,0.867818354718858,0.9034784200324923,0.5668236565771698,0.5016399282882882,0.5668236565771698,0.5016399282882882,8,True,True,True
567,20260711,edge_fog,9,12.283321721613378,0.9333868267004142,1.7589032680294734,0.5055492109090121,0.7156200203538552,1.3929371813751532,1.8926659959089653,0.2656234704976548,2.9397934008097923,23,19,0.7958874786674529,0.033738368811133186,0.0321504601494909,0.8266281071838502,False,0.0,0.0,True,1.0,11.95187505800277,0.0,0.0,0.03405829600048665,0.03405829600048665,0.9280518557348685,0.9280518557348685,0.5006063019574427,0.5006063019574427,0.5006063019574427,0.5006063019574427,1,True,True,True
568,20260711,fat_tree_k4,18,22.516650213131573,0.8025572320009438,1.798480610759645,0.24476988051311818,0.13997204766368182,1.4534328857721395,0.8711627631911785,0.5726816879253275,1.556859798415051,17,27,1.282316182076877,0.031188365215722456,0.01656478047214079,1.1049497295367048,True,0.19954131537279834,0.0007241439456028945,True,0.3499999999999999,29.910292010754347,1.0,0.35,0.07395852368296381,0.03295733997053869,0.8241071360822343,0.8791039564798674,1.2243365622542388,0.677457256392694,0.9999999999999999,0.677457256392694,4,True,True,True
569,20260711,nsfnet,7,9.064441570193766,0.6737419789274293,1.7629140192656982,0.46033312927594194,0.3587083849115022,1.7517705273304163,1.2607863981669838,0.34687545513695883,2.368135907739875,9,3,0.8710420643516912,0.022183017621205427,0.047277503612132996,0.893031647938237,True,2.4143320116334075e-06,2.4143320116334075e-06,True,1.0,43.90145908109844,0.0,0.0,0.05250598762497272,0.05250598762497272,0.8768762097181685,0.8768762097181685,0.5628187522593765,0.5628187522593765,0.5013765502402315,0.5013765502402315,1,True,True,True
570,20260711,geant,6,8.136321801606561,0.6321353164311816,1.7991385623775362,0.5313934703853849,0.036062210271429154,1.7318418860842382,1.618067745344315,0.18678376206035574,2.613144561330787,14,10,1.1172823140613357,0.016712710763984843,0.0250734016328201,1.2056760608826833,False,0.0,0.0,True,1.0,108.73241699300706,0.0,0.0,0.04143885421672532,0.04143885421672532,0.8976626962773893,0.8976626962773893,0.5474982453545685,0.5474982453545685,0.5040294717461041,0.5040294717461041,1,True,True,True
571,20260711,edge_fog,14,14.649474949154717,0.47245616545105423,1.7127203366014614,0.3744733036636819,0.4745196150200128,1.642725207573823,2.1165625043706955,0.2183752945007924,2.91582157843383,17,13,0.7909613628106654,0.029951023728482296,0.015886588649221583,1.3450207806879313,False,0.0,0.0,True,1.0,4.205208038911223,0.0,0.0,0.033208008312087,0.033208008312087,0.9185173278513881,0.9185173278513881,0.5024267666125795,0.5024267666125795,0.5024267666125795,0.5024267666125795,1,True,True,True
572,20260711,fat_tree_k4,27,32.68502627096613,0.4556270650429745,1.7669097921189907,0.28194257357129127,0.0799836836397141,1.1794945063066091,1.407944794597844,0.11326508004229208,1.7739014628922283,11,14,1.2078706027626964,0.039784100219206864,0.02081981076630686,0.7797430226466632,True,0.10002820114226284,0.0,True,0.0,104.43491709884256,0.2888827018848975,0.0,0.03360906428401461,0.028380446971643034,0.8582241799087182,0.8840914501795896,0.6454040255547907,0.5033102858543059,0.6454040255547907,0.5033102858543059,8,True,True,True
573,20260711,nsfnet,4,5.254543673851601,1.064004581393452,1.5574959410953007,0.030808782052154208,0.03343704010225404,1.5641760680666759,0.7935163257977687,0.43926404291378573,2.805074541543613,3,0,1.0182691924946141,0.038213113714514454,0.014888666487419353,0.7880413386816381,True,0.1471250852740789,0.0023753682689089156,True,0.5,0.623999978415668,1.0,0.5,0.10861133678401348,0.07279944672541801,0.9403191406854915,0.9016430786387198,1.0,0.7609553052224315,1.0,0.7609553052224315,3,True,True,True
574,20260711,geant,14,16.641257661233542,0.706464056950461,1.6789401594174116,0.03416147558864356,0.2674080278755647,0.7931481139522293,0.8018472332714768,0.45458413647393314,1.7177980923443532,14,8,1.1209857046293403,0.02627793791825707,0.03667833225371068,1.1724265963858862,True,0.17947277899953792,-0.006250673439780536,True,0.3499999999999999,39.00274995248765,0.8556337951993352,0.35000000000000003,0.07071212093644118,0.04506083547856045,0.8162113449498368,0.851638459073979,0.9376902763134138,0.6805874770320931,0.9376902763134138,0.6805874770320931,4,True,True,True
575,20260711,edge_fog,14,14.899168833064383,0.4806196899456783,1.657672182895677,0.18608848708096976,0.10435733365268712,1.7925172872803814,1.6486451448499295,0.4012615394494632,1.714099824959219,6,13,1.1583509818863575,0.02754898037378161,0.012626154351394709,1.4689198569423247,True,0.08384884676448898,0.0,True,0.0,138.96895793732256,0.20880066673262732,0.0,0.03407488073258164,0.03459649012278732,0.86837390758842,0.8995643982011123,0.6064828901473878,0.5283679794092097,0.6064828901473878,0.5024023641373233,8,True,True,True
576,20260711,fat_tree_k4,22,23.03335267464142,0.459176181475063,1.665526237655328,0.3608595332587435,0.3818998371137526,1.3939548322093276,1.7807264999009105,0.5920782522608835,1.7077424404743329,3,31,1.0206021352151118,0.02338843259385462,0.008432071023650282,1.3034460570697246,False,0.0,0.0,True,1.0,2.7474999660626054,0.0,0.0,0.027792127257123055,0.027792127257123055,0.8942312334981432,0.8942312334981432,0.5011406528470056,0.5011406528470056,0.5011406528470056,0.5011406528470056,1,True,True,True
577,20260711,nsfnet,8,11.90140897141714,1.1961643552598245,1.7891937112422183,0.35070529198897427,0.020230313504315867,1.2393653582671382,2.1782554031139174,0.6033574823703413,1.1705754054113446,12,3,1.0659685145492106,0.025293410704586752,0.030891472721821737,1.3754563039598364,False,-1.781641523343909e-06,-1.781641523343909e-06,True,1.0,70.10729203466326,0.0,0.0,0.049611713703198466,0.049611713703198466,0.890257101448445,0.890257101448445,0.5017476712239498,0.5017476712239498,0.5017476712239498,0.5017476712239498,1,True,True,True
578,20260711,geant,17,22.24272948373006,0.6857675675774619,1.7754710656293522,0.26037461488068236,0.3017957037951905,1.2468287095549013,0.3959034137810302,0.49587099469022733,1.9496872529970934,3,13,0.8187027096686306,0.024563606455711796,0.01553865090869073,0.7308359362844374,True,0.10513685803416892,-0.0004201215516634009,True,0.3499999999999999,17.705832957290113,0.7318775410567661,0.35,0.061000977827057344,0.04429048197415008,0.8577508239632461,0.8763006007401128,0.8738964102618265,0.708216173615184,0.8738964102618265,0.708216173615184,4,True,True,True
579,20260711,edge_fog,15,18.159044733049548,0.5268401238590278,1.7650508674792136,0.33147479260824286,0.5539849991374802,1.374595851562167,0.3408436076343373,0.2577712923727698,2.126574399285138,21,7,0.8254893083211738,0.02011367698161363,0.012686113637122838,0.716392032860338,True,0.07922545837782669,0.019993587120405925,True,0.35,28.11887499410659,0.5364585567901116,0.35,0.05074733834173799,0.041454407835477915,0.8208917198497894,0.8650441008511525,1.0073201276365156,0.8466754209407192,0.7782213893495782,0.6951215362545072,4,True,True,True
580,20260711,fat_tree_k4,12,14.05191005822378,0.6790421533254735,1.5702659358801725,0.48185644146981405,0.6245284201203404,1.428493652688989,1.1191621004577914,0.1328031359979613,2.836025838469423,34,32,0.8271094789575106,0.015601443372353568,0.02039746110160149,0.9730824123135946,True,2.6972818523606707e-06,2.6972818523606707e-06,True,1.0,46.84379103127867,7.527234698164164e-06,7.527234698164164e-06,0.0344178493166542,0.0344178493166542,0.8639606039927241,0.8639606039927241,0.5578061740217831,0.5578061740217831,0.5030278704149875,0.5030278704149875,1,True,True,True
581,20260711,nsfnet,8,7.9822146103281035,0.48540391613141654,1.7500899291960588,0.049729180101553194,0.03292296979135857,1.4427601498877491,1.7658033240612832,0.6452960953464023,2.971357052282731,2,10,1.248642685062513,0.034011099604052256,0.04769342328461984,1.0807875331476944,True,0.13178483174474484,0.0,True,0.0,100.86904198396951,0.34157844073504934,0.0,0.07128659827522843,0.05834660508187384,0.834735614180391,0.8772680977909387,0.6746758780422731,0.5034648747869273,0.6746758780422731,0.5000950147081599,8,True,True,True
582,20260711,geant,6,7.186915943874948,0.7353004345111132,1.7644946628089122,0.4268685335834758,0.21517820732863663,0.7950063225738091,1.2461483275054057,0.6100490330068729,1.9097906107126852,20,8,1.3425713014168035,0.03528910110567718,0.04480983141345015,1.444970129770997,True,0.08548130262246544,0.019015963296246205,True,0.1,93.64600002299994,0.33305019890848936,0.1,0.05315422654738486,0.04878322572681852,0.8724500055345681,0.8874123459464872,0.672330779925466,0.9199456575333745,0.672330779925466,0.5772561945692386,7,True,True,True
583,20260711,edge_fog,5,3.6408755084401085,0.5804486366122484,0.8653483846223615,0.13420222858627673,0.4736334979820814,1.6275203097202724,0.4458704575732264,0.2521991846078623,1.7359474309464047,21,3,1.0304657917529634,0.03778117409307016,0.02943211991416118,1.3591266947439655,True,0.06927583188756055,-0.0237961400273651,True,0.75,2.022666041739285,1.0,0.75,0.08226187237486857,0.06736766576702496,0.8759619293843021,0.8478890407728458,1.8405744345647963,1.4202872172823982,1.0,0.8797051096245612,2,True,True,True
584,20260711,fat_tree_k4,11,15.097992400143296,0.7962338257319289,1.7784993150748194,0.1341493150451833,0.3789428246262646,1.087285205396856,0.8191706264113716,0.4293827341844103,2.008935264748927,13,18,0.77174490896675,0.029042949437634948,0.01800904320821392,1.047095240756326,True,0.10474155912119401,0.0,True,0.0,204.3400420807302,0.3197812828487854,0.0,0.04807243536012802,0.04546814797872445,0.8285739078222566,0.8632108368350653,0.8052526305032688,0.9204381350918033,0.6683035878003362,0.6368933046789788,8,True,True,True
585,20260711,nsfnet,8,10.674753072936236,0.6918857196807944,1.7704855801989323,0.43488762410376236,0.257349501332662,1.6809449274995867,0.8325728001165049,0.2174970811473797,2.4339840298543614,7,13,1.1375076781468647,0.023314836514120363,0.03024255747978312,0.8085519972943449,True,0.11703380038863784,0.0186347369672659,True,0.15,114.47966704145074,0.49687992160581723,0.15,0.06647407853114176,0.04683325948716388,0.8363114241661108,0.9086275921094347,0.7526072353109534,0.5784837804417122,0.7526072353109534,0.5784837804417122,6,True,True,True
586,20260711,geant,11,15.07701532516803,0.8045920849585539,1.7810062452434243,0.5225523526224273,0.30442553829952784,1.5414009426433222,1.6093616674923361,0.2192767313775978,2.7874740830546925,2,14,1.213529700664408,0.01671180929344347,0.04023025240902635,0.7573164553135217,True,2.959029545527222e-05,2.959029545527222e-05,True,1.0,174.7713329968974,9.84826634686178e-05,9.84826634686178e-05,0.04105211063055439,0.04105211063055439,0.8594032973511065,0.8594032973511065,0.6853059878139764,0.6853059878139764,0.5025473338347021,0.5025473338347021,1,True,True,True
587,20260711,edge_fog,17,18.35130007342867,0.5606344551499548,1.6775149779237715,0.29594778676582917,0.6871772836118121,1.4640818865993488,1.3260425692554276,0.43703469941248374,2.633293223619786,23,16,1.2248288960691998,0.025977249524843916,0.020590355864954252,1.452458266949097,True,0.07926623281643881,0.0,True,0.0,74.29200003389269,0.23474684326315295,0.0,0.041181916965757175,0.036353028247567976,0.8232022502583011,0.912613212636033,0.6214537831195618,0.5422714276677495,0.6214537831195618,0.5038181490444459,8,True,True,True
588,20260711,fat_tree_k4,21,22.353905641010478,0.4792652237141737,1.7794802464339878,0.25695945678157023,0.2342143677584317,0.8044052032464887,1.8094613157102084,0.6392965433591298,2.853020511830639,4,9,1.0108840902926388,0.02738782507800052,0.035247231469852876,1.1711730783409917,True,1.4218131369726748e-05,1.4218131369726748e-05,True,1.0,21.606125053949654,0.0,0.0,0.027233666387186526,0.027233666387186526,0.8899191392333646,0.8899191392333646,0.50100977892215,0.50100977892215,0.50100977892215,0.50100977892215,1,True,True,True
589,20260711,nsfnet,6,6.493895841571133,0.5063375875293632,1.6881500710648756,0.13495479386088174,0.7128959888626789,1.2809785005556613,0.7591354942260862,0.11802767218222941,2.359841866868101,12,1,0.7963647993868397,0.01644442723922139,0.04163973339869693,1.1115236934966397,True,0.09082476105899033,0.014911842015358251,True,0.1,292.96254098881036,0.309191362023123,0.1,0.058208514426800924,0.05252009433873657,0.8620100188356177,0.8883857722831231,0.6601368709181321,0.5576035081472013,0.6601368709181321,0.5576035081472013,7,True,True,True
590,20260711,geant,19,19.59875511481068,0.4672320405970227,1.730447378159222,0.24421823037403922,0.31004004501383614,0.982637217378405,0.37437129924448187,0.4459786235083293,1.2199487927343906,15,5,0.7614577880973946,0.03481282918965345,0.048698881841573845,1.4538277225758656,True,0.07733274419541637,0.005270967708010477,True,0.25,59.1340420069173,0.5651890281496998,0.25,0.05055258098823752,0.03593319429564803,0.8778201672186908,0.8870313119712099,0.811204835906973,0.6353403756733418,0.811204835906973,0.6353403756733418,5,True,True,True
591,20260711,edge_fog,6,7.726114982235209,0.5310395831612277,1.7631789034037777,0.47530885094575503,0.6597301662950842,1.772395360039999,0.44662692476736376,0.1564906539137767,1.0217850228811731,17,9,0.8590169459235997,0.029987363734578505,0.01612894473149297,0.7333821338664002,True,0.04822827963905118,0.010901007606252353,True,0.1,400.292459060438,0.2747954862567578,0.1,0.04127020678124739,0.0339792642353609,0.8884627906786804,0.9377105485969042,0.6969125190603539,0.6086384602207777,0.6392425216889157,0.5517352771329054,7,True,True,True
592,20260711,fat_tree_k4,6,7.390393203418554,0.7045221395963766,1.7429474680356902,0.43035729794162364,0.5755856816966612,1.4726454908560247,0.38812888249671107,0.4432570094885063,1.8056492433885634,9,7,0.9285211470911077,0.020167973816119535,0.049425205966184944,0.9531881107326343,True,0.07929228995064441,0.008100487007122369,True,0.25,65.08166599087417,0.5022245272910522,0.25,0.055626139170674375,0.04170882961353382,0.8744551854276916,0.9129536147634644,0.9988032235008565,0.644820793003439,0.7703496442956097,0.6287874758427703,5,True,True,True
593,20260711,nsfnet,4,4.167586240917353,0.7359073853033147,1.3460570947955723,0.43285079857646075,0.5000872045298018,1.412019596495637,1.6631033312435795,0.3770966083397671,2.654603809654218,4,2,0.8520324803561379,0.027455006269344415,0.0344265593746694,1.2732277770271254,True,1.568698718464959e-05,1.568698718464959e-05,True,1.0,22.440832923166454,2.8206621126269667e-05,2.8206621126269667e-05,0.06430154180146053,0.06430154180146053,0.891918031146772,0.891918031146772,0.9210296144560808,0.9210296144560808,0.5997420488929072,0.5997420488929072,1,True,True,True
594,20260711,geant,21,21.723757821621273,0.5301147879133701,1.7021848117122944,0.1418639872472364,0.5312550170510628,0.7318181128282875,1.161796558444533,0.23498278532507047,2.2913203401693742,9,7,0.9692623789566643,0.03708534992119165,0.044780922037121335,1.182107303224864,True,0.06631426426144688,0.0,True,0.0,204.57125001121312,0.22245832820749462,0.0,0.04239432930203423,0.038256386131389354,0.8475983089702899,0.8526882806828469,0.6173153442489373,0.5888059691887589,0.6173153442489373,0.5049339848200377,8,True,True,True
595,20260711,edge_fog,4,5.605429242672193,0.8127014644983506,1.7050470409193346,0.28591184359209354,0.7106199141105359,1.3543394515895506,0.7029468321747123,0.43227170853010977,2.8775875648647666,9,6,0.8523023110358428,0.029102951039736057,0.03655879029478354,1.0916541155867643,True,0.0777290444664667,0.01653036453564644,True,0.1,139.18958394788206,0.2815004154460567,0.09993609762575748,0.046166631517849485,0.04087388610567235,0.9007238284959663,0.9268010049601422,0.6564856152902876,0.6031183951738779,0.652261838785676,0.5601672349721905,7,True,True,True
596,20260711,fat_tree_k4,21,23.76127948036295,0.5362135266943837,1.779118449795504,0.07454740764709805,0.051343681118852444,1.1452417661599275,1.4730797520835197,0.3251234680794223,1.6054008793445609,10,11,1.106505069145945,0.015116135384858356,0.009724995019283688,0.7456148146035325,True,0.1510184951965291,0.0,True,0.0,109.58024999126792,0.38782318562039836,0.0,0.0380824034919229,0.02797637859227145,0.8036950159755497,0.8541941835384506,0.6965314757985206,0.5020136614259918,0.6965314757985206,0.5020136614259918,8,True,True,True
597,20260711,nsfnet,8,9.695164516730014,0.6901295422401235,1.7036543795587225,0.44653622587858227,0.11319123638479521,0.7956718355487581,1.031349431979804,0.4768293964450807,1.1934971712763407,2,4,0.9862157722789975,0.01881325672503071,0.01182772514159894,0.8326221238583904,True,0.025948231125415087,0.018061391572278103,True,0.09999999999999999,176.83729203417897,0.07797869750179655,0.05543207291865327,0.05108879280555904,0.048647709188196935,0.8743923316936125,0.8816591379060232,0.5423534756364545,0.5300837176105065,0.5423534756364545,0.5300837176105065,7,True,True,True
598,20260711,geant,20,23.080934589536213,0.6583622071085472,1.7482904936525445,0.2793325387073191,0.18545149775415862,0.8478610402269139,1.6525381645258252,0.27109558523071775,2.380852180992708,1,16,0.8743401376717912,0.03910047398550321,0.04347742740119424,1.4922444241654207,False,-3.4009879839386318e-06,-3.4009879839386318e-06,True,1.0,214.27270804997534,0.0,0.0,0.03464839210449146,0.03464839210449146,0.8574465146013203,0.8574465146013203,0.5042214379380229,0.5042214379380229,0.5042214379380229,0.5042214379380229,1,True,True,True
599,20260711,edge_fog,9,8.711694149853463,0.45909843423918323,1.5714776004384836,0.5222723249789164,0.07812498336778767,0.9937337158285462,1.36842240263227,0.1122715607292811,1.4936039224400892,19,7,1.1540273994288404,0.019594150571081027,0.04459235152838238,0.7810984718767121,True,0.00014888577245210434,0.00014888577245210434,True,1.0,108.24175004381686,0.0004197383655295351,0.0004197383655295351,0.03721250673262679,0.03721250673262679,0.8923651383978641,0.8923651383978641,0.6912280332757492,0.6912280332757492,0.5223364621646787,0.5223364621646787,1,True,True,True
600,20260711,fat_tree_k4,28,31.64135208076657,0.4887683491855786,1.7883752441919194,0.03083743588739752,0.23249888831158327,1.7069493762214232,1.3041665262611932,0.6059093582679004,2.8795938044176177,22,26,0.9708637773786448,0.03404163908484767,0.019903979931308352,1.4852916963676503,True,0.13551871408092397,0.0,True,0.0,110.15083303209394,0.3577935199698287,0.0,0.0378543719822271,0.02667657453974934,0.8032229154976785,0.8734479705151836,0.6959997403578921,0.5002808370552327,0.679115600985945,0.5002808370552327,8,True,True,True
601,20260711,nsfnet,10,10.092855957529524,0.5689808661667295,1.746593943144805,0.08502770140350278,0.5290453715460025,1.4933449704818078,0.4834615906841331,0.1019398080126449,2.412210415460445,4,9,0.9251734668321633,0.02058038949604575,0.042786523164240135,0.9550426191441401,True,0.1622650057413416,-0.020924197388993426,True,0.5,22.387875011190772,0.9327771604384967,0.5,0.08701078228078689,0.06002373475732646,0.8006132272979772,0.8634901251273931,0.9816187770086843,0.7622963172472447,0.9816187770086843,0.7622963172472447,3,True,True,True
602,20260711,geant,21,24.57733317170783,0.5318984934619388,1.739739643712201,0.4277489799849304,0.18397642052201973,1.7950032445268271,1.1703169947226721,0.42135995931387593,2.875357782465319,21,9,1.106670586325496,0.030048593581344936,0.038873704659243745,0.7622455099681846,True,0.04211065400956949,0.018699533577677608,True,0.1,248.10712493490428,0.14610653021070386,0.06345143098505698,0.03344882134773575,0.03225151799966856,0.8518061301308809,0.8911400719315625,0.5841525155123989,0.5415820921572131,0.5841525155123989,0.5415820921572131,7,True,True,True
603,20260711,edge_fog,7,8.733187834952362,0.5630584714562843,1.7240739024866993,0.38806471184019103,0.059367429548938214,0.8410227064964748,1.6380745519040787,0.6088942573773508,1.8928058135351278,0,5,0.8635768372835952,0.019257934867443694,0.027435850360341397,1.3447547157551445,False,0.0,0.0,True,1.0,88.71345897205174,0.0,0.0,0.04067690895952047,0.04067690895952047,0.8883295355778982,0.8883295355778982,0.6702418148807856,0.6702418148807856,0.5009229582671889,0.5009229582671889,1,True,True,True
604,20260711,fat_tree_k4,12,13.48712902698209,0.521260926488239,1.5970335835413958,0.4984131386735338,0.14885523667749703,1.0189784233296777,1.505360034727979,0.5517466973243805,1.5981013366597137,30,30,1.0931022475492362,0.015797733404379618,0.023246014620951903,0.9360392168389601,True,2.0474289119525742e-05,2.0474289119525742e-05,True,1.0,85.02766594756395,5.077354801630472e-05,5.077354801630472e-05,0.03632905008526641,0.03632905008526641,0.8597321874122325,0.8597321874122325,0.7218283732567973,0.7218283732567973,0.5024318242383937,0.5024318242383937,1,True,True,True
605,20260711,nsfnet,9,9.272348358611056,0.6149768849011452,1.5857882916014905,0.28831085504863396,0.1788220726631688,1.7160680112024065,1.4829993224752456,0.13244361844032107,2.6172315006739924,4,2,1.2368958320550973,0.016728606609566318,0.03119268920908817,0.987989298933323,True,0.09656652693695232,0.0,True,0.0,87.99354103393853,0.2681085208623079,0.0,0.05488435876481827,0.049970169916792165,0.8429747094904019,0.8655849977723201,0.6349470969526017,0.5011548859186205,0.6349470969526017,0.5011548859186205,8,True,True,True
606,20260711,geant,9,10.495784657507919,0.5386387728982368,1.6184909061500325,0.5465329834410643,0.7294947704239035,1.4448362890838706,1.8948356702788596,0.12969891761945865,2.308864011124612,1,17,1.027023855570752,0.03292998466479248,0.018493845815165173,1.0620675117903466,False,0.0,0.0,True,1.0,87.54229091573507,0.0,0.0,0.03974565427423115,0.03974565427423115,0.896782069748497,0.896782069748497,0.5081110094432405,0.5081110094432405,0.5081110094432405,0.5081110094432405,1,True,True,True
607,20260711,edge_fog,23,28.838386751002812,0.5248637900862474,1.7441897584358474,0.2740880511413331,0.532777486044352,0.88008959880446,0.38672555176785073,0.3494876773290883,2.1380175281328215,1,21,1.260198020148891,0.030406754050996652,0.04981636977909016,0.7508050083354516,True,0.0628490103704004,-0.005008882104897697,True,0.7499999999999999,2.779041067697108,0.9081151070048848,0.75,0.0643383652485028,0.050750442954829396,0.8926345949953932,0.8157835306205412,0.963888510235169,0.879467345964882,0.963888510235169,0.879467345964882,2,True,True,True
608,20260711,fat_tree_k4,21,22.845841810491475,0.5081740521135895,1.6869667275099625,0.4022681421461011,0.6708061885206288,1.4406910879810104,1.6509448481448337,0.26387045258957054,1.5737053694370295,32,21,1.0465026325584557,0.027542842081551486,0.03039852774883097,1.3658442882905035,False,0.0,0.0,True,1.0,10.641749948263168,0.0,0.0,0.02853543112622739,0.02853543112622739,0.8870242817560157,0.8870242817560157,0.5025539402601709,0.5025539402601709,0.5025539402601709,0.5025539402601709,1,True,True,True
609,20260711,nsfnet,10,11.890032372617839,0.7228199063070155,1.5908811053921303,0.054816314186065244,0.6562174273044864,1.1044230920601374,1.9248284699749207,0.4941488227381108,2.548505618231058,13,5,1.0419837987686917,0.016149757932902603,0.02035816348846954,1.3179913332671394,True,0.014737046161043302,0.014737046161043302,True,1.0,124.54504205379635,0.03137424984203298,0.03137424984203298,0.04713750843658132,0.04713750843658132,0.8714947391934587,0.8714947391934587,0.5284753049335377,0.5284753049335377,0.518279564300416,0.518279564300416,1,True,True,True
610,20260711,geant,16,16.38167392376884,0.4695315193912964,1.7539545727863488,0.24926202864227603,0.5932675908663725,1.639093798652495,0.7929012264967972,0.5519525498446697,2.200187081636124,14,11,0.7918773165019006,0.038911502479591326,0.00834304632398761,1.2364564179062518,True,0.06552444147008021,0.0,True,0.0,65.48712495714426,0.23034037715022693,0.0,0.041796155979206225,0.037650529553500046,0.9013864400036363,0.9000272213642888,0.6438686519563988,0.5303408773351882,0.6438686519563988,0.5026693840021483,8,True,True,True
611,20260711,edge_fog,5,5.427786270302476,0.7281294731920029,1.4989826252352394,0.11606200658814093,0.26519982829794636,1.5019266367010882,0.9421933806921854,0.11663526277004971,1.2434455465084093,13,18,0.8704381728141701,0.03684042513223483,0.032600688971705954,1.266075704567971,True,0.14971657303542724,0.017859390050210637,True,0.09999999999999999,319.673000019975,0.4512295651698937,0.09996604348098033,0.046239285403035145,0.03347490417322268,0.8928146067667023,0.9327730056793618,0.9241351861819174,0.5573396944209866,0.7350999601197064,0.5573396944209866,7,True,True,True
612,20260711,fat_tree_k4,25,28.892210771158712,0.46099215353500167,1.7884416607967961,0.24774403632990138,0.0282907339099037,1.6777125379930053,1.6054703812872055,0.3552138073615184,1.9097810875778702,9,31,1.0539375758842646,0.015033723040690875,0.04607449921199699,1.2892747097783022,True,0.022590669459334144,0.015134944248008,True,0.3499999999999999,295.5699999583885,0.053609032060096116,0.036612000042505054,0.02915709973554179,0.02885272908728057,0.8433215260180441,0.8448766487131256,0.5282577543404338,0.5196706816028791,0.5282577543404338,0.5196706816028791,4,True,True,True
613,20260711,nsfnet,10,10.275721633395104,0.5675858977952801,1.517796033779759,0.2235127715144774,0.34792961319507754,1.186681510372362,1.0568608883417367,0.40488548528980506,2.1349806272432508,4,4,1.246648813197162,0.026211597769638648,0.04623472954119265,1.2340203147977948,True,0.1650956866463887,0.012340823595867228,True,0.15,53.41829208191484,0.601289612891166,0.15000000000000002,0.0758562907121198,0.049174895658118015,0.7922823325319727,0.8548914726686091,0.8020530007386576,0.5760007801794027,0.8020530007386576,0.5760007801794027,6,True,True,True
614,20260711,geant,14,17.462002410175344,0.5003040575778949,1.7760158194868736,0.017618524952039295,0.5791575164134567,0.942020445647066,1.416428228338411,0.1862626313703219,2.6669471189044813,5,18,1.056146445708706,0.02086407915792605,0.04121177728206216,1.494514116015446,True,0.10527095365098245,0.0,True,0.0,233.2302499562502,0.2802545099607316,0.0,0.04739395235655342,0.037644686409616435,0.8457903599756419,0.8624297491368247,0.6418949685092604,0.5506529098531191,0.6418949685092604,0.5000807762733737,8,True,True,True
615,20260711,edge_fog,20,24.11181112922469,0.46230011265573573,1.732898829714716,0.13481770939161747,0.363847464616884,1.0634451311716027,0.3149365070194705,0.5120678496521404,1.3723102552836197,7,6,0.8241595498899185,0.028075241646717958,0.03229684052541865,1.0655345641091345,True,0.10013209858841841,0.012244756784256454,True,0.7499999999999999,3.3043340081349015,0.9361105859653148,0.75,0.07516956141067326,0.05962569483780314,0.8524455846155254,0.7915160406706166,1.6682095062021356,1.4155759700085138,0.9697517252302652,0.8888740175066705,2,True,True,True
616,20260711,fat_tree_k4,21,26.542114254798676,0.5014923141810267,1.7740883551948148,0.04540866943835629,0.40449524164821726,1.3861834906943122,1.3661541503198755,0.3484622199094408,1.3358396869576663,18,30,0.9359759367003401,0.02957051706130688,0.032541314077001726,1.1428549693990169,True,0.09523251158101857,0.0,True,0.0,281.27850010059774,0.2374212713111986,0.0,0.03000552968780627,0.02769274819044792,0.8478022019254471,0.8604633240060845,0.6188349136138432,0.5007709918133998,0.6188349136138432,0.5007709918133998,8,True,True,True
617,20260711,nsfnet,13,17.204344266721847,0.6941112818076899,1.6847536617614336,0.3645966415888687,0.5020192201833783,1.5014258499685649,0.4137621314459372,0.45213490779260845,1.135027708148643,10,3,1.0556061997891009,0.034587465168720716,0.02112950651296044,1.4796035426323983,True,0.09944900473947944,0.0004836361532166712,True,0.5,2.8766669565811753,0.815403424130677,0.5,0.09377523771036704,0.06583082321526455,0.82398489833584,0.8602441346726268,0.9090612861650519,0.7570396994027438,0.9090612861650519,0.7570396994027438,3,True,True,True
618,20260711,geant,12,14.566787977072352,0.5373556176715666,1.7501638668593376,0.5497962467374209,0.6580121581198405,1.644456687740118,0.8918197175730789,0.3527229836321655,1.337211821020761,14,5,1.2246132257715532,0.021042664614318286,0.027135402279397487,0.7602015450073988,True,0.0671215709821405,0.018277639671590656,True,0.09999999999999999,74.70187498256564,0.2749565762507311,0.1,0.04894009226952332,0.04380125995091196,0.8987840862577657,0.8694851680224812,0.6445737418594882,0.5516775119788897,0.6445737418594882,0.5516775119788897,7,True,True,True
619,20260711,edge_fog,18,22.54652755792249,0.5331955179562953,1.7621585954468924,0.41168435754627736,0.09212083048842314,0.6892064695930333,0.711385098546381,0.34226488405075395,1.1089978250944932,12,17,0.8323491734414284,0.022663987150785134,0.03284243262031229,1.3163288910250763,True,0.050025719177782965,0.0,True,0.0,139.25283297430724,0.18050964547130105,0.0,0.03524394221007204,0.03306263588857874,0.8859161960767239,0.873499930063516,0.5911253085075526,0.5209111394328138,0.5911253085075526,0.5031371930185129,8,True,True,True
620,20260711,fat_tree_k4,6,8.20964921279187,0.5477659992235768,1.785993703088613,0.46299285366063275,0.6943357518077662,1.3197956983383465,1.8667452521127823,0.1599224023556595,1.7920525242966427,20,3,0.9707254773316893,0.02416745036922252,0.042973059686459036,1.445800457384796,False,0.0,0.0,True,1.0,123.16208297852427,0.0,0.0,0.04752698178186225,0.04752698178186225,0.8887562373257374,0.8887562373257374,0.5512977552826787,0.5512977552826787,0.5021589931652706,0.5021589931652706,1,True,True,True
621,20260711,nsfnet,5,4.93071984426123,0.5888246775280679,1.7212350442718873,0.12652054179849118,0.6976382137999154,0.7034396082888641,0.6840703693775365,0.20563512914513998,2.932777786350039,1,6,1.0301796528863938,0.03233690477200353,0.02579611979178778,1.3808860969260368,True,0.09602878805867489,0.01695611040717283,True,0.25,84.86750000156462,0.42935378744109703,0.25,0.06825944490370002,0.0523278185185073,0.8365559083258353,0.901197543959323,0.7180924024904655,0.6321691517058918,0.7180924024904655,0.6321691517058918,5,True,True,True
622,20260711,geant,10,12.908255569630258,0.48939334475299673,1.6492606344250342,0.27308288009348025,0.03945575610430168,1.6755776262439142,0.3653728100551574,0.19897005889502906,2.2805034999300187,1,9,0.8465677978637532,0.0362011551086346,0.04030605801595189,1.17354112200322,False,-0.011373839103940313,-0.011373839103940313,True,1.0,0.3432920202612877,1.0,1.0,0.07885745273905886,0.07885745273905886,0.881285768997504,0.881285768997504,0.9999999999999999,0.9999999999999999,0.9999999999999999,0.9999999999999999,1,True,True,True
623,20260711,edge_fog,19,20.41205910610153,0.4868346563595513,1.7901310741529206,0.2987616329879297,0.2648218974061716,0.65414972708631,1.6947522072187526,0.42496766083100923,2.9350097051146182,6,15,1.0887795612989848,0.019780621067931353,0.021929324408656636,1.132286218561978,True,1.268846686943264e-06,1.268846686943264e-06,True,1.0,41.07283300254494,0.0,0.0,0.03244510033517772,0.03244510033517772,0.8759188432196862,0.8759188432196862,0.501176355356614,0.501176355356614,0.501176355356614,0.501176355356614,1,True,True,True
624,20260711,fat_tree_k4,16,16.24881544512091,0.5678605360415986,1.6860333504046803,0.19615237175737155,0.05101008544997432,1.5499286581463672,1.4701885863022381,0.45952396319205036,2.274563653602855,17,4,0.7501214642200101,0.020257636553180074,0.021354701422422795,1.382444387037169,False,0.0,0.0,True,1.0,13.987083919346333,0.0,0.0,0.03176760077224905,0.03176760077224905,0.882111554059968,0.882111554059968,0.6293373502201874,0.6293373502201874,0.5012753691196065,0.5012753691196065,1,True,True,True
625,20260711,nsfnet,8,8.457935622030877,0.6164073259659483,1.5650639877251933,0.2811148552462446,0.46747696554689083,1.6197118153093286,0.8875937533304541,0.26986010290958456,1.5152221568385453,3,0,1.107642409741603,0.01818867160553628,0.024891503884704715,0.8025142217848953,True,0.13942992451619354,0.01517913999059258,True,0.15,191.62420800421387,0.5186656604556688,0.15000000000000002,0.06545614346567934,0.049180841908303956,0.8476411130925827,0.9236338465008728,0.7664844863883927,0.5810693580229751,0.7664844863883927,0.5810693580229751,6,True,True,True
626,20260711,geant,16,17.294843950601212,0.4706726279301937,1.751719791912039,0.17076752646087065,0.3381042671240522,1.236929069008407,1.4695102360152954,0.1209034487264278,1.7791639253832652,12,4,0.9056158693892402,0.02825484665098523,0.013025998404021473,1.2205258397988517,True,0.018128716759566083,0.018128716759566083,True,1.0,54.32420899160206,0.04243622998346648,0.04243622998346648,0.041688986366078186,0.041688986366078186,0.8282696851583519,0.8282696851583519,0.5259766998885584,0.5259766998885584,0.5259766998885584,0.5259766998885584,1,True,True,True
627,20260711,edge_fog,5,4.681268975919237,0.7213763059846058,1.6929141905605276,0.39399403643029896,0.20465707339245845,0.6927181112309604,1.6842487038304936,0.3793034141137578,2.2217489700979316,8,21,0.9090236044280142,0.03091592031178876,0.01625330690105762,1.4206676100083875,False,0.0,0.0,True,1.0,2.6707910001277924,0.0,0.0,0.04104247081237517,0.04104247081237517,0.9219782512722053,0.9219782512722053,0.5048686966176164,0.5048686966176164,0.5048686966176164,0.5048686966176164,1,True,True,True
628,20260711,fat_tree_k4,6,7.432096818769332,0.7396380004754924,1.6153153411690837,0.515770713061666,0.7259742808608245,0.8699886829853332,1.9674441062897807,0.35350504087836865,2.443985868256866,18,34,0.8052945470423577,0.01882327132140995,0.011222990412106212,1.1386817822553665,False,0.0,0.0,True,1.0,30.162042006850243,0.0,0.0,0.05023304889976896,0.05023304889976896,0.8864992703864774,0.8864992703864774,0.5606064505692017,0.5606064505692017,0.5600923545257124,0.5600923545257124,1,True,True,True
629,20260711,nsfnet,9,11.810329076255682,0.824949962269941,1.6617603398233534,0.10710284839912103,0.40564584538389575,1.6333465905325708,2.194846524216798,0.5211719432375392,1.5048732157108853,5,6,0.9676981015925684,0.021399213032424313,0.0316026052455355,1.4058951562886417,False,-7.452576834265087e-08,-7.452576834265087e-08,True,1.0,66.45420799031854,0.0,0.0,0.048699270079996394,0.048699270079996394,0.8931012939634426,0.8931012939634426,0.5022878295196711,0.5022878295196711,0.5022878295196711,0.5022878295196711,1,True,True,True
630,20260711,geant,18,18.432934004455973,0.4922669089045835,1.7994697666785437,0.26001147133690405,0.2581591206127685,1.7679408872414277,1.3531547311252021,0.2704617820950616,2.402631085614124,20,2,1.0691942546004192,0.01604977902767638,0.01836586467881038,1.0698877694763795,True,0.07222889844076542,0.0,True,0.0,136.18070806842297,0.19872592174261988,0.0,0.03872404912608872,0.03682826494627826,0.8723806848218109,0.8783506586939827,0.6030593666855724,0.5420107966669152,0.6030593666855724,0.5420107966669152,8,True,True,True
631,20260711,edge_fog,9,11.83019600707824,0.7933085799715094,1.7808104011247026,0.4765114398134029,0.7041921766725918,1.6402121275659,0.28691019167563225,0.4954476249059022,1.626414114916016,12,4,0.8568255799389242,0.02931615240927722,0.03134753638180683,0.7281383613826309,True,0.04434258062500069,0.00912567160882927,True,0.25,154.91970896255225,0.42513883644039835,0.25,0.0428046727044923,0.03504109479740431,0.8773085632370651,0.9111042303258222,0.7144452351293384,0.6295014010590024,0.7144452351293384,0.6295014010590024,5,True,True,True
632,20260711,fat_tree_k4,7,7.857003075143923,0.574704607659319,1.4659884710819033,0.010152319537901428,0.29809901057154614,0.7206479272841626,0.41854354816906625,0.46271609832801996,2.7835976442980375,19,25,1.1541992600777011,0.021546215843526704,0.011620909674379898,1.1621615094246738,False,-0.08554011209817017,-0.08554011209817017,True,1.0,0.2531249774619937,1.0,1.0,0.0757422096951823,0.0757422096951823,0.8777634202525152,0.8777634202525152,1.2183717839274415,1.2183717839274415,1.0,1.0,1,True,True,True
633,20260711,nsfnet,14,15.068473140669425,0.5529334162189945,1.61479600819415,0.41622278834146126,0.34127778765144773,1.5166107713516435,0.48080117474461326,0.34455346180012003,1.074595015003621,7,1,0.8136360399865161,0.023059491600659544,0.023917032347814993,0.7599475551162993,True,0.07607874516375404,0.01182958018190011,True,0.1,128.81429202388972,0.3585819161935669,0.09999999999999999,0.05870368651571176,0.0465021467003445,0.8009626936268563,0.8698231284622914,0.6990444041918192,0.5710149877202311,0.6990444041918192,0.5710149877202311,7,True,True,True
634,20260711,geant,7,7.661982217589446,0.5486571594894956,1.568811344480297,0.22992424969421665,0.31807269918392284,1.082599726417488,2.1797687014135434,0.4262410610860423,2.545182371885958,17,3,1.1377235762962163,0.0395199610107278,0.01723298178067507,1.2021597787532707,False,-1.3593756238488221e-06,-1.3593756238488221e-06,True,1.0,56.6118749557063,0.0,0.0,0.055760542837995045,0.055760542837995045,0.8448981259757691,0.8448981259757691,0.7783635364741986,0.7783635364741986,0.5861740737155148,0.5861740737155148,1,True,True,True
635,20260711,edge_fog,12,12.662519860720062,0.49796681812070537,1.53425250138875,0.057038110649169756,0.3737722953727164,0.8303762447146497,0.7054172143066957,0.46721100288403306,2.6554475363998176,7,5,0.8687461169085285,0.02044762095754011,0.037127765827773114,1.2226647425079693,True,0.15190291034817496,0.01793401853539684,True,0.25,32.404958037659526,0.5649205035537636,0.25,0.04760428954259204,0.03535562031339659,0.8263408473708317,0.9029134478535604,0.9808516595384068,0.6281718378086011,0.7840767604392327,0.6281718378086011,5,True,True,True
636,20260711,fat_tree_k4,9,9.610272694363275,0.5033719088272005,1.6624910446507182,0.32905786765668,0.35577434963716686,1.2013873764903198,1.6328271573186424,0.39481941258478237,2.6328356624325693,24,10,0.8947213541985084,0.037425503282516245,0.04197434930986863,1.151628849091341,False,0.0,0.0,True,1.0,0.5797919584438205,0.0,0.0,0.037987073343937736,0.037987073343937736,0.9177567668803458,0.9177567668803458,0.5012591880853046,0.5012591880853046,0.5012591880853046,0.5012591880853046,1,True,True,True
637,20260711,nsfnet,11,12.929062194384905,0.6502407601681401,1.571279871712757,0.3634224850364289,0.5978680932638283,0.8781921405567321,0.8615690040502553,0.4607544813647655,2.7604631626468628,7,9,1.201579729467805,0.023635584373397578,0.04406360814468302,1.3549870411098546,True,0.08952923925568974,0.01669210207597955,True,0.14999999999999997,84.57458298653364,0.37136145842350277,0.15,0.058585215645434924,0.04717931219243539,0.8357875450008581,0.8969292114887396,0.6930261084259013,0.5819691325544305,0.6930261084259013,0.5819691325544305,6,True,True,True
638,20260711,geant,16,17.51340040801151,0.6336138399955129,1.613175781074073,0.22500262670178753,0.26757441195646414,0.8257713705347764,1.097486998800735,0.416749362700258,1.0035748384823993,5,20,0.771533065268232,0.02372242605253866,0.015545083185284799,0.7640839802441789,True,0.029351007482104785,0.014500574907415251,True,0.15,161.07845795340836,0.07949712862147353,0.03964891232273244,0.03822099124358528,0.03565358137643727,0.8954413801244916,0.851867449228927,0.5563332126534364,0.5220129750806056,0.5418583813013027,0.5220129750806056,6,True,True,True
639,20260711,edge_fog,22,23.655785643285515,0.46265514556722265,1.6668544128982021,0.2627817452249586,0.7200531385075134,1.7003614983116053,1.522761905910058,0.28483739412894815,1.848987085180221,18,24,1.1612215989943055,0.01864338433132102,0.04491464022663333,0.900124275127423,True,0.051292072928804715,0.0,True,0.0,375.26466592680663,0.13903827337440905,0.0,0.03317210600291992,0.03231622156598774,0.8602905850975886,0.8556487121861525,0.570720823064957,0.5013006123822519,0.570720823064957,0.5013006123822519,8,True,True,True
640,20260711,fat_tree_k4,18,22.654180243056302,0.547430942391091,1.7661269789103908,0.35048011437001325,0.21092391972264507,0.7792348504418013,1.4336708447949433,0.4891909232519258,1.8603705600341007,25,10,1.2792649883836131,0.029082624318048915,0.01459541586038382,1.1044727293496723,True,0.07793419331162704,0.0,True,0.0,59.33983298018575,0.22509719650932877,0.0,0.03482116396090011,0.029454834246078893,0.8850079378727668,0.917298510596835,0.6138505641179054,0.5022513745600338,0.6138505641179054,0.5022513745600338,8,True,True,True
641,20260711,nsfnet,9,10.19121452715255,0.49787362420616116,1.6176169251683823,0.15871767155008873,0.09267219269166727,1.3716311787797177,1.0100946861280982,0.4713574346776116,2.8652622537021086,6,13,0.8296996371280996,0.029410399774293484,0.011173747927991686,1.286521724684309,True,0.11433227358891869,0.0,True,0.0,165.35000002477318,0.32699036092770706,0.0,0.058154420472925024,0.04898176088830362,0.8834300933279514,0.8902870514155788,0.6661126636723705,0.5122771408541564,0.6661126636723705,0.5122771408541564,8,True,True,True
642,20260711,geant,14,14.343825850580194,0.49312505480996305,1.7158204437023992,0.4129700851529408,0.11808822238994104,0.7206221982339898,0.5467512942655053,0.2553060157662088,1.227066067202544,7,15,0.7645875679361305,0.022307675147552032,0.04258797128813106,1.449720256398499,True,0.04699184477152948,0.017414219987755244,True,0.09999999999999999,405.93829203862697,0.21019765220544284,0.08327485232006053,0.04361702494852207,0.036285292384860654,0.8233160270156736,0.883463473598559,0.6122682071110489,0.5489107962195937,0.6122682071110489,0.5489107962195937,7,True,True,True
643,20260711,edge_fog,19,23.709271431229453,0.5635700311040287,1.7562490584009365,0.28859467499209746,0.2339068593436889,0.7826122368183723,1.0494020959389583,0.15174857865874175,1.8697868059803264,4,11,0.8586410224694423,0.03800325433560169,0.02521781539223947,1.1382195293508652,True,0.039197243488354475,0.0,True,0.0,65.7104590209201,0.11291862566365031,0.0,0.035325345159486155,0.03478679498393572,0.8604227332403199,0.8549094566526327,0.5588359558566964,0.6253744036454202,0.5588359558566964,0.5011235764742147,8,True,True,True
644,20260711,fat_tree_k4,7,9.694222546460997,0.5620752432802704,1.7893662536013233,0.327778311868828,0.6044931829198728,0.6771648993350431,0.586189181880433,0.1414869671886596,2.8782540972478072,1,28,0.9948957984427542,0.03537931055731263,0.02883127961316973,0.9773982092817828,True,0.0701956727019844,0.008085050212434672,True,0.15,112.6909590093419,0.3457259889114524,0.15,0.04371702615350319,0.03993011578515153,0.8656195673108008,0.8900278521865455,0.6789119733884937,0.6340792367559474,0.6789119733884937,0.5756242669059394,6,True,True,True
645,20260711,nsfnet,9,9.722050647850088,0.5361175002194436,1.6615083813010456,0.12865111415650865,0.42225171485268387,1.7644625051661165,1.881501591475143,0.21237565731429314,2.331353387099819,6,2,0.8999816413553985,0.037007516463872694,0.02691008865817804,0.9234681778268405,False,-1.0226398488846868e-06,-1.0226398488846868e-06,True,1.0,188.80179210100323,0.0,0.0,0.0500016346316656,0.0500016346316656,0.8811544593321731,0.8811544593321731,0.5010648847877314,0.5010648847877314,0.5010648847877314,0.5010648847877314,1,True,True,True
646,20260711,geant,16,17.29589705803565,0.4997423009458286,1.7719067249021074,0.32735079959156893,0.048986518851943925,1.779286654672454,0.3226432504722767,0.3764929748174449,2.397596792447497,15,1,1.093132141450305,0.039878121671562315,0.014045151741607666,1.2919511043358387,False,-0.17337656348893407,-0.17337656348893407,True,1.0,0.5596249829977751,1.0,1.0,0.06440622917400682,0.06440622917400682,0.9062248638877275,0.9062248638877275,1.0,1.0,1.0,1.0,1,True,True,True
647,20260711,edge_fog,24,26.073801656281777,0.4933636510822738,1.7664636033395336,0.07635253152199997,0.13738639864414806,0.7460259518735665,0.7802962186599014,0.13491516886795987,2.628778029453938,21,12,1.2414490489739034,0.039394981044506186,0.011297547310571516,1.33252176873554,True,0.12898830737090694,-0.023483431664391496,True,0.5,7.428582990542054,1.0,0.5,0.0813666984057069,0.0480036662149585,0.8533162554318254,0.8186511917325197,1.912998190169702,1.0698278574423536,1.0,0.7549477415039981,3,True,True,True
648,20260711,fat_tree_k4,13,15.336124842038489,0.5323143360321047,1.7869453312139767,0.49607749826583447,0.0340649123936623,1.071950210399049,1.9927273495015552,0.33411771214240993,2.539584955314681,27,11,1.0197753518039394,0.037616463624491246,0.011646176898239175,1.3428891165282613,True,1.848517671392896e-08,1.848517671392896e-08,True,1.0,80.81695809960365,0.0,0.0,0.033746572033014066,0.033746572033014066,0.8656491575406564,0.8656491575406564,0.6467081616643211,0.6467081616643211,0.5039307682128836,0.5039307682128836,1,True,True,True
649,20260711,nsfnet,5,5.484329613307423,0.6015159247283671,1.6353581396545938,0.4334561412852768,0.4083207643137308,1.1563391268078473,1.4732849777258528,0.6056067067699424,1.6242688095495705,12,10,0.8918413938473095,0.028255523918572074,0.028509350223006054,1.3022646614362925,False,0.0,0.0,True,1.0,18.22937501128763,0.0,0.0,0.07353521383411876,0.07353521383411876,0.8693560755332161,0.8693560755332161,0.5619481925787142,0.5619481925787142,0.5619481925787142,0.5619481925787142,1,True,True,True
650,20260711,geant,20,24.809159072451678,0.5695795637483504,1.7653040528089803,0.17338273835924925,0.3032506866455241,1.122599684177224,1.959230059868547,0.33268810795515524,1.127786428732678,18,16,0.9261345393965984,0.02971536038904216,0.009569948958793349,0.7829058633507375,False,-6.268283958676336e-07,-6.268283958676336e-07,True,1.0,61.16333301179111,0.0,0.0,0.03683180632939204,0.03683180632939204,0.8418078519086436,0.8418078519086436,0.5262952145252806,0.5262952145252806,0.5022973323453033,0.5022973323453033,1,True,True,True
651,20260711,edge_fog,11,11.498724035618993,0.5123940215155561,1.5359542628094052,0.5000512316200268,0.02907578332740881,0.9300018946681976,0.63111964780148,0.6059013726095525,2.8850638638426656,7,4,0.7687215914991262,0.02165400454936687,0.028833161784836848,1.3350752813112607,False,0.0,0.0,True,1.0,43.24095800984651,0.0,0.0,0.040026148712174955,0.040026148712174955,0.8786844145075043,0.8786844145075043,0.8031301377709488,0.8031301377709488,0.5257911051556833,0.5257911051556833,1,True,True,True
652,20260711,fat_tree_k4,5,6.508902414830512,0.598546622881236,1.7073769094355253,0.2646750970430032,0.6740347140960669,0.8020638079048539,0.8433439030766159,0.24437614821369427,2.5077340408088067,1,10,0.8823870376451616,0.0385622638593385,0.029816869970905897,0.7382635011417933,True,0.05647693889793716,0.0,True,0.0,145.84966597612947,0.1831535460859259,0.0,0.04004690451695354,0.03933770815567568,0.9087009448346045,0.9236195413601762,0.593239497706742,0.5021052786756479,0.593239497706742,0.5021052786756479,8,True,True,True
653,20260711,nsfnet,7,9.669273142241803,0.8281589561840967,1.7839651779514294,0.05287426205013345,0.39147454163947554,1.11549249994569,0.7812707560945189,0.5439415111753768,1.5523688269090183,8,3,1.3187565387428049,0.025903319543434306,0.04944375227793863,1.2702940385587755,True,0.14427346889036102,-0.033624167514494666,True,0.5,2.732750028371811,1.0,0.5,0.09177692211522083,0.06143622567405298,0.9159022314503814,0.8713963690257944,1.0000000000000002,0.7506910238682905,1.0000000000000002,0.7506910238682905,3,True,True,True
654,20260711,geant,22,24.81619585622171,0.46605783643472387,1.7840427642600618,0.0281567469019159,0.021284900133964984,0.9908093858533769,0.8200774450161099,0.4262675106522086,1.8798669622763613,15,6,1.3292659911541704,0.024627298694643925,0.008600438102821089,0.7543010963823471,False,-0.010642897087605822,-0.010642897087605822,True,1.0,0.7595829665660858,1.0,1.0,0.06773579024165333,0.06773579024165333,0.8920264798143694,0.8920264798143694,1.0,1.0,1.0,1.0,1,True,True,True
655,20260711,edge_fog,4,4.651044671504479,0.7014823967127468,1.5063690855303635,0.30405058146490516,0.6217681041560534,1.3117587733525917,1.5875553118365844,0.6119626652829302,1.292139037079229,14,20,0.9693175833703919,0.032141769425896374,0.017551862649192097,0.9027755961651286,False,0.0,0.0,True,1.0,131.98058295529336,0.0,0.0,0.040558361175365876,0.040558361175365876,0.909840597746732,0.909840597746732,0.6457844383887231,0.6457844383887231,0.5002348973263095,0.5002348973263095,1,True,True,True
656,20260711,fat_tree_k4,18,20.26896308919381,0.5322509925013458,1.7317860207323192,0.07057821645868682,0.4960047129728186,0.9251107871917812,0.8023823642042833,0.5953129572292981,2.7710697358697205,24,5,0.9257055558213303,0.03105191638158059,0.022729585864662134,0.9162934733839099,True,0.13219264795340757,0.010754429546214122,True,0.15,29.492874979041517,0.47240072893549057,0.15,0.050624037776090744,0.03706707089928,0.8443791472782353,0.8686532336013773,0.8699720479170018,0.6526598911240836,0.7382164636001667,0.580533720545907,6,True,True,True
657,20260711,nsfnet,8,8.194273765332126,0.4826336591968168,1.6959508013203182,0.22180897342286188,0.32521893584194606,0.8843691768057136,1.1538709476790805,0.5987562040857152,2.7371651566880346,8,8,1.2593864863361484,0.031727832212949184,0.02270000467222864,1.2891763257261248,True,0.14411460670459628,0.011960890819939422,True,0.09999999999999999,145.9596250206232,0.4794894684022936,0.10000000000000002,0.07177955372059244,0.05354626696670297,0.8119594023420702,0.8920082997503254,0.7460823112434531,0.5564736304060189,0.7460823112434531,0.5564736304060189,7,True,True,True
658,20260711,geant,20,22.643515243518557,0.48322200044059344,1.7656398719263529,0.4368874041729441,0.5098549128333066,1.2106030172894378,0.8695226848943203,0.5296096020566005,1.0237544672412948,10,19,1.1302101740522392,0.019775554155262436,0.039649572398806406,1.0341672622835638,True,0.08048372563758259,0.01661225837375317,True,0.09999999999999999,163.975500036031,0.32268757170622575,0.1,0.04282964116099888,0.03664006531200623,0.833586916435481,0.8859400305304101,0.6644611034227434,0.5718388502129335,0.6644611034227434,0.551155543291988,7,True,True,True
659,20260711,edge_fog,6,6.671644099813152,0.7665455795133778,1.4000753290999066,0.060227447904924396,0.5470076892761178,0.6712891900904037,1.9529513913048662,0.1915503976978012,1.0448971713808253,19,6,1.2544591169821322,0.02382427063577786,0.016895614706844007,1.3978498236521282,True,0.0534193335674512,0.0,True,0.0,140.13462502043694,0.12444078202455901,0.0,0.04032100567732054,0.039835552884201694,0.9019742252945936,0.9270875299040191,0.6923916192543579,0.7159152651187062,0.56461679107374,0.5022537831205026,8,True,True,True
660,20260711,fat_tree_k4,25,28.546819733924686,0.46770480780991486,1.7977208237022881,0.03411999888901947,0.13287232203189275,0.7190674691027299,0.31513224248829896,0.20088780243442295,2.6526400370566767,19,34,0.9496528239009585,0.01754595253552997,0.03921829305922106,0.8087374010740394,False,-0.2364774010439959,-0.2364774010439959,True,1.0,0.8845420088618994,1.0,1.0,0.07305384893440357,0.07305384893440357,0.8219659368211854,0.8219659368211854,0.9999999999999996,0.9999999999999996,0.9999999999999996,0.9999999999999996,1,True,True,True
661,20260711,nsfnet,13,12.680212581688982,0.4758043449179656,1.7145176112811247,0.25353048065138295,0.1088680344321891,1.1777150033363504,1.5046169742239597,0.37846861123578257,1.1148816734074447,13,8,0.8603972506257338,0.015322932329882522,0.02311010764152805,1.318316085482553,True,5.059372981744869e-07,5.059372981744869e-07,True,1.0,18.531874986365438,0.0,0.0,0.051051938337711884,0.051051938337711884,0.8625414046100761,0.8625414046100761,0.5173520630106844,0.5173520630106844,0.5060976626463055,0.5060976626463055,1,True,True,True
662,20260711,geant,7,6.812251387730151,0.5025113310350697,1.5202328012438677,0.48790829854327994,0.36983898699155393,1.0613893820975144,0.27137670992419594,0.10067626674327887,2.216507945912287,0,18,0.8866913683033015,0.03199818415061649,0.010468859413538676,0.8196231840752444,True,0.050595454884898125,0.007857853231316375,True,0.35,10.845290962606668,0.5535409027400207,0.35,0.07034962064699989,0.05469064015030296,0.8444368879538443,0.9112149535313568,0.9414979467345999,0.8689554377606228,0.8123075966863319,0.6930127260699196,4,True,True,True
663,20260711,edge_fog,25,25.000301027839566,0.47050258385190613,1.7356422150642132,0.1744277315799301,0.27126832834105713,0.793380617669251,1.800251067513881,0.6322967401886619,1.0534671947390009,20,16,0.8062403350878596,0.03731865400819759,0.017058697309958126,0.8779160659837358,False,-1.4492871022204815e-06,-1.4492871022204815e-06,True,1.0,19.166667014360428,0.0,0.0,0.03239901999300916,0.03239901999300916,0.847771943482529,0.847771943482529,0.5001961768801128,0.5001961768801128,0.5001961768801128,0.5001961768801128,1,True,True,True
664,20260711,fat_tree_k4,24,23.009429959643718,0.45901876840144296,1.6157881879395586,0.03953198171838953,0.37777782896945666,1.1488539924513228,1.3728787537939449,0.49255188539413586,1.5323359949571072,9,26,1.196532850259493,0.024488833204798846,0.03926327657621715,1.482897492668832,True,0.16548123863978337,0.016250441560527077,True,0.1,258.3374170353636,0.470498263159126,0.1,0.04422077100062305,0.029084938503120893,0.77936232815714,0.8636601862390324,0.7365482167082137,0.5506520663874267,0.7365482167082137,0.5506520663874267,7,True,True,True
665,20260711,nsfnet,6,6.1734015610085615,0.5616097633614676,1.5601407044718734,0.42850787524576134,0.6121013368875945,1.5369860052317907,1.9414507013704885,0.6105350857292956,1.6474507700769285,1,1,1.3188404844497326,0.02219816950764989,0.032493990946857676,1.3300461890871411,True,5.0617676862805266e-05,5.0617676862805266e-05,True,1.0,20.531208952888846,0.00011843165072793278,0.00011843165072793278,0.05361204500411466,0.05361204500411466,0.8632086453222101,0.8632086453222101,0.5325056838352691,0.5325056838352691,0.503568477850284,0.503568477850284,1,True,True,True
666,20260711,geant,16,18.52431986160321,0.6161315207650968,1.705368231974077,0.5296727535350142,0.7015106919422953,0.7550892945823607,1.6490177558962402,0.3787658493742375,1.7791939898633602,14,3,1.284511471184362,0.019384984186555702,0.026116076366278808,1.383721209065447,True,2.0525380102333035e-16,2.0525380102333035e-16,True,1.0,20.283499965444207,0.0,0.0,0.04015185880059893,0.04015185880059893,0.8562007450136381,0.8562007450136381,0.5056057001367459,0.5056057001367459,0.5045616471666663,0.5045616471666663,1,True,True,True
667,20260711,edge_fog,8,8.055472766689146,0.5268340981164841,1.7937734326474077,0.15638206411505923,0.42696574982950186,0.733294060623594,0.9960134741247209,0.40158073852338205,2.811122818899177,10,3,0.8828126220754238,0.030783057201634653,0.046078129434761986,1.3881911526794144,True,0.07525509952216859,0.0,True,0.0,279.5740000437945,0.22086690520919833,0.0,0.03805724033740119,0.03600636922577787,0.8905393291904186,0.9004693051571288,0.6339031667942634,0.592639026539058,0.613405299242462,0.5019529125800892,8,True,True,True
668,20260711,fat_tree_k4,25,27.267236664147305,0.4748196806219815,1.7972141104147725,0.15867202763429536,0.5539673232501888,1.793499666358827,0.9879444309986676,0.47949852245192626,2.870144321288226,16,2,1.2770822809828648,0.02280642513276044,0.025559972309771542,1.4578979259569975,True,0.19929752662385342,0.007322404600906374,True,0.25,12.28666608221829,0.771761253583404,0.25,0.06205559179023843,0.03058711385383244,0.8230435264312971,0.8653675170981673,0.8958110152021524,0.6305271492080042,0.8865591120707856,0.6305271492080042,5,True,True,True
669,20260711,nsfnet,8,9.469600985540374,0.5756528308873281,1.6779501160369021,0.09978208434133279,0.3964013074270562,1.1350348238216703,1.3018920784740518,0.34162349816862225,2.6166911759765976,9,9,0.9963558917900965,0.024655126654660284,0.01691655982350358,1.3233309451519397,True,0.09638552464381922,0.0,True,0.0,308.27345803845674,0.2586602570761548,0.0,0.06181059363754231,0.049243210982116634,0.8564421494309784,0.885140882323073,0.6355706555625774,0.5060061110349212,0.6355706555625774,0.5060061110349212,8,True,True,True
670,20260711,geant,13,15.000131475867283,0.6712124281198295,1.7840501116045009,0.19006251916521935,0.4123735964936288,1.4870184983951846,1.9356328309200006,0.6187310579695824,1.6231114632159895,17,10,0.989026143068737,0.028080220035607895,0.04104987562137747,0.898108618814589,False,-2.0489566393096538e-06,-2.0489566393096538e-06,True,1.0,97.67487493809313,0.0,0.0,0.03635599197372301,0.03635599197372301,0.8821989772102452,0.8821989772102452,0.5024152376303865,0.5024152376303865,0.5024152376303865,0.5024152376303865,1,True,True,True
671,20260711,edge_fog,19,21.39448464415816,0.5218516244753809,1.7974823742848878,0.39391044305603545,0.5568636917407769,0.7914060053819179,0.9694221179142826,0.3160936438419647,1.5716054153888155,7,14,1.2505845609382322,0.023712058876563587,0.014924652688096174,0.8586929559321854,True,0.0866817905573887,0.012259253877405498,True,0.1,73.62862501759082,0.3282832522204033,0.1,0.041690149744471,0.03612260439428352,0.7989797377660985,0.8444207384989,0.6661787516484435,0.6164763368320536,0.6661787516484435,0.5512680141917219,7,True,True,True
672,20260711,fat_tree_k4,14,18.794186469678554,0.5109607163603817,1.7838711445690254,0.4559730404703809,0.21141260714683127,1.206879035501741,1.540751102139846,0.5388663951617862,2.6777780122647608,10,23,1.217991254408879,0.024713933547865403,0.01638527516989668,0.7317475163508997,True,0.015564072967352715,0.015564072967352715,True,1.0,81.51958300732076,0.041492213199422874,0.041492213199422874,0.0366263970102868,0.0366263970102868,0.8799449577560564,0.8799449577560564,0.7184882018687749,0.7184882018687749,0.5249611336015324,0.5249611336015324,1,True,True,True
673,20260711,nsfnet,10,9.886350031716436,0.46682529513699245,1.718655740691254,0.3433136375884161,0.02032640983884224,1.200420479852374,1.5706525212973732,0.6099086768206163,1.0857077718963464,10,10,0.7515620012703652,0.017499432249656558,0.015007353007682994,1.3947402076879447,False,0.0,0.0,True,1.0,41.46525007672608,0.0,0.0,0.05212351530809509,0.05212351530809509,0.8756555925225654,0.8756555925225654,0.5000787108437104,0.5000787108437104,0.5000787108437104,0.5000787108437104,1,True,True,True
674,20260711,geant,5,6.826736485173245,0.6244851271191356,1.6221637818268277,0.28750281950908235,0.2925978431339514,1.511440152389259,1.3103618815411464,0.5311594458157962,1.3591889654091989,21,6,1.34672004467103,0.02976750238723326,0.030181426943718597,0.7169176838137583,True,0.1481093628132879,0.01592854928884689,True,0.1,56.33674992714077,0.48324304559353337,0.10000000000000002,0.0602575218913985,0.0479623874844627,0.8653909170396538,0.9258917872708795,0.7512501687299568,0.6222326655574694,0.7512501687299568,0.5606145258661503,7,True,True,True
675,20260711,edge_fog,20,19.533449439480368,0.46378608664771515,1.6490011996438885,0.19884320613436213,0.7118063284363969,1.7416311455549232,0.7593874981207154,0.1939210136201096,1.776536400371869,8,17,1.1952232214745429,0.02159759366988035,0.016533240572587805,1.306001644058143,True,0.17056519381576687,0.00765449758998676,True,0.3499999999999999,19.625916029326618,0.7652557901976547,0.35,0.06268425675197355,0.039098510785814604,0.8505463148183886,0.8329691871051836,1.2827023236086863,0.7962041344259225,0.88581899685552,0.6825181869869955,4,True,True,True
676,20260711,fat_tree_k4,22,26.491926233376045,0.5373877680784773,1.7448407653002422,0.3103705292561274,0.6023438167489542,1.449696715122211,1.5265592148786034,0.30782147679468697,2.7921483012156303,18,28,1.028460481174262,0.021432960542717098,0.013719395796167773,1.1810827201592586,True,0.0012263267251391406,0.0012263267251391406,True,1.0,22.3250420531258,0.0029595078135065764,0.0029595078135065764,0.026199557570751413,0.026199557570751413,0.8824798102140973,0.8824798102140973,0.5212387479104251,0.5212387479104251,0.5024866828855927,0.5024866828855927,1,True,True,True
677,20260711,nsfnet,13,14.891130094435024,0.7226227469725233,1.577344479093836,0.4765959076317614,0.3022631338691186,1.3891825824961246,1.5973895715917417,0.3355328198386293,2.310497510393334,6,1,1.2243834033003356,0.021118708462924084,0.03873000859270853,1.3520337918341956,True,2.2173974774812657e-06,2.2173974774812657e-06,True,1.0,137.88504200056195,0.0,0.0,0.04718324277247549,0.04718324277247549,0.8652440558027406,0.8652440558027406,0.5064813725296657,0.5064813725296657,0.5064813725296657,0.5064813725296657,1,True,True,True
678,20260711,geant,11,11.800993552437658,0.45809235377019963,1.6518021360360036,0.06942711916451595,0.5700189110759997,1.0205839914186638,1.6407302500048335,0.38456601370335985,1.9342101724297376,3,21,1.236068575229544,0.028481195695657845,0.04456574985744118,1.1762557490377479,True,0.1004736019049092,0.0,True,0.0,239.252166938968,0.2696693134335682,0.0,0.04911557071277862,0.04179960372312114,0.8257793834692202,0.8756819140665502,0.6359538035891444,0.5185957885716053,0.6359538035891444,0.5185957885716053,8,True,True,True
679,20260711,edge_fog,4,4.195125999612585,0.6278122323153198,1.29635157033044,0.39508877727689273,0.6762673018568744,1.1836534316922476,1.8437508255020407,0.577949578157795,1.1934328421802078,11,3,0.8109019185405777,0.0328728317452592,0.032530057078498445,1.3214417470567725,False,0.0,0.0,True,1.0,58.06487496010959,0.0,0.0,0.048452538527601265,0.048452538527601265,0.9442597385151689,0.9442597385151689,0.5030834910716145,0.5030834910716145,0.5030834910716145,0.5030834910716145,1,True,True,True
680,20260711,fat_tree_k4,23,26.758332388002888,0.46780352114769286,1.7443511595816794,0.11843211974335215,0.41285655672276117,1.7332954082906218,1.6715094852996841,0.385752212995532,2.4934844598230024,2,5,1.3329253277537825,0.028118987218336527,0.02088365714599756,0.9687426863892061,True,0.13267810532352742,0.0,True,0.0,290.2944170637056,0.35957908217099666,0.0,0.0408533782338288,0.030611102073880864,0.7989934255031526,0.8757268146016337,0.683713254510299,0.5036222940750615,0.683713254510299,0.5036222940750615,8,True,True,True
681,20260711,nsfnet,4,4.99105800754667,0.8030336135969782,1.6059833660309288,0.19791774320435296,0.5819823528916626,1.1592437911530062,0.5472188885393123,0.3527699477259668,1.3511265907488652,5,11,1.1316917501911659,0.017326685989246797,0.03447540869660716,1.369390936837051,True,0.14720176365239848,0.00025525082657394183,True,0.5,43.55633305385709,0.829885896333557,0.5,0.09603021997284017,0.07850153315445756,0.7848562900358514,0.905541463721939,0.930717300168757,0.7677195282663092,0.930717300168757,0.7677195282663092,3,True,True,True
682,20260711,geant,8,7.950136200473382,0.5294077877476889,1.7378171069411907,0.37791583180523364,0.38815333092546395,0.7548375898125461,0.5395664482467049,0.5734868325396713,1.153334832486604,8,13,0.9547537891494093,0.024949440706653107,0.010590468030843228,0.9738277809534002,True,0.08578422256738258,0.008395511264602255,True,0.15,19.039916922338307,0.42896714726797325,0.15,0.051451884269378925,0.043152950716854474,0.8892997434222525,0.9068514615670731,0.7289333543645161,0.6059169462733431,0.7289333543645161,0.597804879170508,6,True,True,True
683,20260711,edge_fog,23,24.062333008253667,0.5160419013556858,1.7641030077171258,0.04300960749491389,0.6184147952260539,0.8876561568882795,2.217407033984453,0.3449466804452599,2.372515741292869,21,11,1.040742509798318,0.036920068787585525,0.04433544568951833,1.2147515585109394,True,2.270361132324204e-05,2.270361132324204e-05,True,1.0,75.5520419916138,0.0,0.0,0.032383015594312024,0.032383015594312024,0.8363344799553943,0.8363344799553943,0.505850582448465,0.505850582448465,0.5003943814975449,0.5003943814975449,1,True,True,True
684,20260711,fat_tree_k4,29,31.394261857234962,0.45216622147214297,1.7432829407770225,0.150637582516371,0.07278635394832672,1.5170116388337844,1.0422903580528322,0.5800079427632289,1.1983868792578032,35,32,1.333443780172943,0.01528292911310981,0.03970082413022734,0.887711214157536,True,0.24268460433265135,0.015824566895190437,True,0.3499999999999999,41.25683393795043,0.97144044157647,0.3499999999999999,0.07963019123355565,0.03811116116750167,0.7544179287549279,0.8236273659185745,1.8445070761655082,0.7475057769247511,0.9871732968177072,0.6767368543393821,4,True,True,True
685,20260711,nsfnet,4,3.896061409657646,0.5435230835517415,1.326376461588659,0.1770569535907555,0.5696541326325247,1.2504165646405832,2.065352632622572,0.2561132276910161,2.7357834190745463,11,5,0.8792629493604848,0.03182164757816129,0.04077136935336767,1.281359340704374,False,0.0,0.0,True,1.0,2.801625058054924,0.0,0.0,0.06580931229802335,0.06580931229802335,0.9088205661981873,0.9088205661981873,0.8192279578459022,0.8192279578459022,0.5091459551696936,0.5091459551696936,1,True,True,True
686,20260711,geant,11,11.215870837960868,0.48617137917435316,1.5376074999399525,0.43630466309338056,0.03860408131592977,1.6418358256786052,2.2497534234936194,0.13976276669605298,2.1692356247994518,10,20,0.8952260020869749,0.021967153972102534,0.021579672489718482,0.9658313530722097,True,7.92279601570148e-07,7.92279601570148e-07,True,1.0,185.50283391959965,0.0,0.0,0.04545956575456604,0.04545956575456604,0.8516539390865759,0.8516539390865759,0.8537339432320623,0.8537339432320623,0.6205837047967869,0.6205837047967869,1,True,True,True
687,20260711,edge_fog,10,12.359501978809476,0.5086821732542769,1.7287459353265564,0.05370304874547812,0.061754655835679254,1.328053504061082,0.8849658317221889,0.45588220900360876,1.9343596482231626,6,8,0.7690404294266173,0.03712362070097261,0.027379885506829335,0.9394359315783789,True,0.19631274106786184,0.013723872849478477,True,0.1,194.34183405246586,0.607082804475373,0.1,0.05164167963450315,0.03389805137540692,0.8144626091618605,0.8949526750830133,0.8088537846608709,0.5533635108155389,0.8088537846608709,0.5533635108155389,7,True,True,True
688,20260711,fat_tree_k4,30,37.16082913696305,0.5597800174152535,1.7760234383614586,0.15692876289144495,0.296759953203385,1.6546723458415014,1.6109571198273336,0.4756207274335036,2.849726597096346,8,2,0.9470030126378763,0.026834024263037354,0.01896705940079097,1.091831172705052,True,0.015898996871573003,0.015898996871573003,True,1.0,17.649458022788167,0.03647462882751151,0.03647462882751151,0.026866201812138977,0.026866201812138977,0.8784486702538128,0.8784486702538128,0.5215533805229917,0.5215533805229917,0.5215533805229917,0.5215533805229917,1,True,True,True
689,20260711,nsfnet,10,8.166710189664135,0.4954877880271841,1.544334819864997,0.03726720140595402,0.17048050042652674,1.2008177711265318,1.8012812769527609,0.5375313051056009,1.0569294352127387,7,7,0.972152519237369,0.031289129909058286,0.04142389430603597,1.054332033132844,True,0.029790537441645743,0.01879314321229507,True,0.1,289.9198749801144,0.06480528914863393,0.041787145536722574,0.04490166866140198,0.04501186276181685,0.8838491599134437,0.8771161610130611,0.5351769445761971,0.5237410262014794,0.5351769445761971,0.5237410262014794,7,True,True,True
690,20260711,geant,14,14.315328018092297,0.45202790026966394,1.6861545537036868,0.05694395581057766,0.5416679730709916,1.642461323133091,1.7780060349275955,0.5369807936085499,1.570581473132775,20,3,1.2915572648998537,0.02163771096874414,0.02015474684696649,1.0340627917992142,True,0.11467239212836454,0.0,True,0.0,325.11283294297755,0.29414901779873937,0.0,0.04672528142538901,0.043178076181740944,0.8068484016350607,0.8373538508359892,0.6521875359982563,0.5080690038151988,0.6521875359982563,0.5055045756840516,8,True,True,True
691,20260711,edge_fog,10,10.860527298015832,0.4685723803789288,1.7998398651269139,0.3655956891889597,0.324914342950886,0.9640674888973768,1.769212679921966,0.523588702327296,1.9268090329390994,13,14,1.3151262343808532,0.026020940855938732,0.029743520738317968,1.451697667213497,True,0.0309457479615788,0.019806833656090046,True,0.1,631.4856250537559,0.07920022052350009,0.05181966895355471,0.03561012308819984,0.03576757474873426,0.8874291679417219,0.8864181196782164,0.5399742579181526,0.5621600256532093,0.5399742579181526,0.5263387426173798,7,True,True,True
692,20260711,fat_tree_k4,10,11.983657368542604,0.49199614894569754,1.7990651421687665,0.43954099322214196,0.42452937620309905,0.7462244972985366,2.019865929651299,0.12734077215932157,1.4551453718621399,24,35,0.833687706080599,0.028813876700181696,0.036898927402830184,0.8941115632408673,False,0.0,0.0,True,1.0,5.845209001563489,0.0,0.0,0.039860788159425536,0.039860788159425536,0.8854423197570319,0.8854423197570319,0.592399908766652,0.592399908766652,0.5011815693720508,0.5011815693720508,1,True,True,True
693,20260711,nsfnet,4,3.8638281262346825,0.6030293142302262,1.628202786761932,0.0578023673572164,0.6570357075755934,0.8319277842215296,0.7067060460909877,0.3922888938137309,1.45115833558005,4,5,0.7870005955853128,0.02293734196618835,0.0425708047580776,1.2567592316693696,True,0.10061507785296894,0.015336455846189093,True,0.15,287.79562504496425,0.3506859816780071,0.15,0.06723447290279619,0.055643888781922314,0.8953862739555629,0.9461894804973444,0.6802423430156472,0.5864189265957833,0.6802423430156472,0.5825053773732858,6,True,True,True
694,20260711,geant,6,6.554150497110267,0.6684345491978814,1.3210588253180422,0.18900852277775604,0.22575162671009716,0.818739801770036,0.3469406546523994,0.11898176257705706,2.0563605688617255,6,16,1.3199335308575564,0.022280973268468108,0.01927548137620028,1.1569844241232732,False,-0.2137055166375246,-0.2137055166375246,True,1.0,0.18691702280193567,1.0,1.0,0.09486152816706712,0.09486152816706712,0.8832649228239442,0.8832649228239442,1.1949865002259212,1.1949865002259212,1.0000000000000002,1.0000000000000002,1,True,True,True
695,20260711,edge_fog,25,29.006820938165113,0.5217985783533008,1.724860001338459,0.0241567239769233,0.586164680341691,1.3673496376220373,0.8516834868405345,0.18427471650143468,1.1732867680499983,23,12,1.0895330570617336,0.02472190217751473,0.03557332138139535,1.3004498574546575,True,0.16093303096182682,0.006049402978135171,True,0.25,39.41608301829547,0.658289385272995,0.25,0.061643772496291174,0.036811261697920414,0.8120254459520106,0.8599699268837532,1.2435015767840496,0.6843900016178016,0.8331989033187497,0.6255029919783344,5,True,True,True
696,20260711,fat_tree_k4,16,20.34089860532889,0.6706833432328219,1.7874309061793638,0.4203154500818862,0.42836070490422795,1.6912146808400723,1.5711693747789173,0.26272377358436005,2.446887862138694,11,11,0.9702490159336531,0.035198044652712854,0.009575883415390896,1.330605181747013,False,0.0,0.0,True,1.0,6.005082977935672,0.0,0.0,0.03266164368255207,0.03266164368255207,0.882882341440935,0.882882341440935,0.6230994179885782,0.6230994179885782,0.5173712991359993,0.5173712991359993,1,True,True,True
697,20260711,nsfnet,10,10.489882519009727,0.5788669460397794,1.5866283032976418,0.2662183490002503,0.19832943083939109,0.7103226119984433,0.6723352389292352,0.11153245797949973,2.4587138984936248,7,10,1.0251046975923173,0.036417573972482145,0.01715796769789265,0.876795667047797,True,0.14368848413148047,0.012000105050559725,True,0.25,25.250582955777645,0.660032889564184,0.25,0.08633539468191267,0.05268086785789156,0.7554609399390653,0.9041860553619057,0.8317709393891104,0.6254522064927389,0.8317709393891104,0.6254522064927389,5,True,True,True
698,20260711,geant,5,6.785872674399816,1.0184232412229952,1.782720231859867,0.42230881005284343,0.27092797411681174,1.522201407135476,0.6117693564812614,0.18845791503449022,2.818473727487034,1,13,1.2920359574184765,0.020263991237324207,0.026138349425271757,1.383102551603502,True,0.11511122655365066,-0.015331653561662158,True,0.5,9.907959029078484,1.0,0.5,0.09787786956206113,0.0617543742765016,0.91352648071047,0.8439052717005455,1.0439379538391274,0.9728075006133506,0.9999999999999999,0.7572845778356398,3,True,True,True
699,20260711,edge_fog,20,23.921320789100893,0.4639128325866412,1.7936555803384433,0.4210271796523964,0.19653734419465535,1.484772114034584,0.5884473641984673,0.5855566921413975,2.8139930609552977,2,3,1.2585581362476592,0.02891325043945253,0.037220527597000785,0.8161921229361686,True,0.11066651062278872,-0.013780437115938527,True,0.5,4.123000078834593,1.0,0.5,0.0675277742503108,0.04273259936650289,0.8905360027878647,0.854347825572006,1.0000000000000002,0.7524387804763831,1.0000000000000002,0.7524387804763831,3,True,True,True
700,20260711,fat_tree_k4,9,10.58181070020178,0.7299604486681466,1.686688798175729,0.28220624509891307,0.2479996937746289,1.2063774925002022,0.7432228185696115,0.3466902676470014,2.342524979022449,30,19,1.3166660626536686,0.03473441890523524,0.0139219369835096,1.0310944857711113,True,0.16971897406757316,0.000944479728578547,True,0.5,2.430416992865503,1.0,0.5,0.09299193054961093,0.05283731818338444,0.830887913447824,0.8692594341547687,2.0,1.1158308874940452,0.9999999999999998,0.7515860156533788,3,True,True,True
701,20260711,nsfnet,7,7.500674307642889,0.6779627868780636,1.6968966318261118,0.4514562397959208,0.63910119575154,1.0619404024704155,0.7174045458720661,0.2710946056659167,2.4713392557660976,7,12,0.9587317489507701,0.036741133719312605,0.03954426866343144,1.135939322247823,True,0.03872483323333387,0.0,True,0.0,118.67370898835361,0.17601313827343226,0.0,0.06484580007452925,0.05600933207982175,0.834566132723416,0.9447870907097883,0.602408188108538,0.531560718707837,0.602408188108538,0.5163562615094268,8,True,True,True
702,20260711,geant,17,20.89148567823597,0.7929706576851108,1.7952083444082954,0.1427210432459856,0.2584015598802881,1.1949304732361177,1.847463983128314,0.446820227229656,1.0508983471387214,9,2,1.0492627725835137,0.01579179696411772,0.018525602861178235,1.234099953869125,True,0.0234600945512209,0.016581386061804627,True,0.5,198.24516598600894,0.05278651005991629,0.03808916114270196,0.03746729317732034,0.037080972392963464,0.865774575355562,0.8638236793530008,0.5431319913494758,0.5553844385973657,0.5431319913494758,0.5553844385973657,3,True,True,True
703,20260711,edge_fog,12,14.199030295013044,0.6428085307992121,1.676769228237211,0.46664596585498264,0.37037466164302113,1.686888902248823,0.8060790192784548,0.5872944065154262,1.031381369456473,20,17,0.7514199725640494,0.030436949583872087,0.029065443403457736,1.2165240827760093,False,0.0,0.0,True,1.0,164.2307499423623,0.0,0.0,0.034638900949328345,0.034638900949328345,0.887955746963428,0.887955746963428,0.6085674968580507,0.6085674968580507,0.5034289954519213,0.5034289954519213,1,True,True,True
704,20260711,fat_tree_k4,12,13.736106609793755,0.5539346045701458,1.6623387801274387,0.4150138052200499,0.2544810782093964,1.169800519095374,1.791640689408827,0.5106676549599742,1.4970866015422681,13,22,0.921479258929322,0.03751043985247547,0.03903078638097823,1.0804458803949584,False,0.0,0.0,True,1.0,32.88908291142434,0.0,0.0,0.03549059036185323,0.03549059036185323,0.8690750004227955,0.8690750004227955,0.5633309225944205,0.5633309225944205,0.5010584736434197,0.5010584736434197,1,True,True,True
705,20260711,nsfnet,5,5.455543823291889,0.5589883134010747,1.5836404417619308,0.23440324329443354,0.6551089745994488,1.2723461161574634,0.5661522033035571,0.15202057057422622,2.3311644067491377,7,1,1.1729467562076776,0.02791318299396839,0.02528381880492183,0.9807919092364372,True,0.13515476952481792,0.009860751025315799,True,0.5,37.6000840915367,0.7917157713017071,0.5,0.07981175253439007,0.06394604754555816,0.8445234864923985,0.8528843999380825,0.9107689641942146,0.7673057533243017,0.9107689641942146,0.7673057533243017,3,True,True,True
706,20260711,geant,20,21.197490199740745,0.46009767752539604,1.6451994096865967,0.19303993631094865,0.14084659718870457,1.1853639042727755,1.8769029221744227,0.31851565524046244,2.99261608797614,3,13,0.8868409836728621,0.018725823681794446,0.008532131743308998,1.407543694712557,False,0.0,0.0,True,1.0,25.050750002264977,0.0,0.0,0.03486406455859877,0.03486406455859877,0.8668023005757375,0.8668023005757375,0.502466350030253,0.502466350030253,0.502466350030253,0.502466350030253,1,True,True,True
707,20260711,edge_fog,18,21.364067133428854,0.5497341826081252,1.7963840727223754,0.5483249966605328,0.7367886904216522,1.474449069784005,1.2431529461281106,0.4932171084917045,2.748215212591804,11,16,1.262714915317281,0.02283287807738266,0.009745737436307042,1.246407235703272,True,0.034402435495465074,0.0,True,0.0,54.516458068974316,0.10688477606523918,0.0,0.03876733171100914,0.03709521286865969,0.8793485449722044,0.8761748994013576,0.6056017249975989,0.6056453539107124,0.5580732517923418,0.5044300746560514,8,True,True,True
708,20260711,fat_tree_k4,12,11.419263293199377,0.4522300424659047,1.7566588557329956,0.23944866168768467,0.21099854750114064,0.7519381039691481,0.38453840140287676,0.24660303024348118,1.2954569207179394,18,24,1.169127014085022,0.02867211529790374,0.009366029000145068,1.4692574465916273,False,-0.06870774341668216,-0.06870774341668216,True,1.0,0.40304206777364016,1.0,1.0,0.08025850706729115,0.08025850706729115,0.8414850204524936,0.8414850204524936,1.0,1.0,1.0,1.0,1,True,True,True
709,20260711,nsfnet,6,6.891841119599246,0.5406736382140573,1.4136264426623293,0.1684063134929083,0.1139625628552768,1.5116659471932858,0.41242045035405916,0.20723218080725148,1.759112041475938,2,10,1.2832665136765966,0.020777491236881596,0.014509821306162938,1.1382073131008748,False,-0.2739969082098997,-0.2739969082098997,True,1.0,0.16758404672145844,1.0,1.0,0.09829236911394489,0.09829236911394489,0.9016862152311652,0.9016862152311652,1.0000000000000002,1.0000000000000002,1.0000000000000002,1.0000000000000002,1,True,True,True
710,20260711,geant,10,9.948757704318762,0.5390068697706228,1.7734054589278994,0.3176262914950313,0.5986060624089264,0.9080874612379153,0.403557100846079,0.4488376569594765,1.5220071827301633,21,11,0.7797164036693159,0.027814409797866757,0.04478279205750034,1.0210223170692978,True,0.050210927770846306,0.015016259838204019,True,0.15,57.480250019580126,0.29111410259815834,0.15,0.0425720643858327,0.036439774510306715,0.8741783283932291,0.9237661571464196,0.6736124591676743,0.5800868342651828,0.6736124591676743,0.5800868342651828,6,True,True,True
711,20260711,edge_fog,12,14.81886571201119,0.492864648353455,1.7137732927974467,0.36184311108715833,0.2426902662937409,1.2561664750922668,0.7077603094554268,0.5680346663412081,2.8829123340026728,19,10,0.952673459501419,0.025607576486827183,0.03213828129189428,1.3451487430172986,True,0.09887728857595884,0.012780676971516396,True,0.1,42.068874929100275,0.412419372889426,0.1,0.043628128903281216,0.03601385768311826,0.8394708443902081,0.9229318525897514,0.731194258619272,0.6237982352322204,0.7215394489974785,0.5608690883075134,7,True,True,True
712,20260711,fat_tree_k4,5,6.365384087231554,0.7335381846699462,1.7736097209023935,0.09044749269097856,0.04823206294838883,0.6759961619268468,1.2233611185347104,0.3989826917191769,1.3580757135844783,3,14,1.3100248784046489,0.01580212459503421,0.04562902778989282,1.190361852331146,True,0.2723875081268775,0.007651439252833428,True,0.15,113.80900000222027,0.8809090072503306,0.15,0.09767471678011036,0.041277041754659044,0.7414984636547717,0.9129123882749545,1.6261506577819564,0.5752357223259634,0.9455974088785092,0.5752357223259634,6,True,True,True
713,20260711,nsfnet,4,4.1026075721253825,0.6423238528359945,1.4863578477336439,0.4486932951290493,0.692061271381062,1.7475125908338827,1.9911544861006056,0.19480794574784754,2.2796964411865877,5,12,0.8965424025863469,0.039299441664584586,0.04869956046212254,0.7625256223064549,False,0.0,0.0,True,1.0,184.62579208426178,0.0,0.0,0.06941459587938495,0.06941459587938495,0.8658269438066086,0.8658269438066086,0.6047115837906656,0.6047115837906656,0.5060485095966677,0.5060485095966677,1,True,True,True
714,20260711,geant,13,15.956549835003377,0.7031701176273748,1.7472396978949487,0.05257015580754604,0.6970508015096724,0.8722100641771025,1.7213250235387834,0.6144531233984983,1.541613529867011,20,15,0.7603200681976539,0.035225640428610774,0.023934309033083044,1.4982509914133901,False,0.0,0.0,True,1.0,57.17120901681483,0.0,0.0,0.034744775471092455,0.034744775471092455,0.8768848702404565,0.8768848702404565,0.5041828020427409,0.5041828020427409,0.5041828020427409,0.5041828020427409,1,True,True,True
715,20260711,edge_fog,7,8.922663564255362,0.46626968195251267,1.7995946248473162,0.04772534561881221,0.07822107530830377,1.3048515295584728,1.9659372034078761,0.25882941132046977,1.0144299062188382,8,19,1.2778853158469563,0.018313910763358213,0.0416148964138366,0.8348804511986283,True,0.10509264993230794,0.0,True,0.0,128.1063340138644,0.24788719259887773,0.0,0.040895935147854064,0.03404283400472574,0.9064764639480056,0.94201653490452,0.6255732828414899,0.5151226055370282,0.6255732828414899,0.5015257031320042,8,True,True,True
716,20260711,fat_tree_k4,25,30.771568209138664,0.4716161398234645,1.706883172583525,0.08589029668551118,0.6884168267304389,1.2243170552833313,0.6059355540016409,0.6225819828784852,2.3394405019538533,2,15,1.2387200963930298,0.015198596727851277,0.021763721837638708,0.8348535874850175,True,0.16742232046619038,-0.03804138809966205,True,0.5,27.548708021640778,0.955761365669033,0.5,0.06893708040508148,0.04080224026843127,0.7327084747040011,0.8286681390244237,1.2514391232840414,0.8193611594156055,0.9828953848421891,0.7591340123425301,3,True,True,True
717,20260711,nsfnet,12,12.152489782899861,0.6023215779275982,1.6494793871887363,0.3174223998250996,0.4631430867003402,0.7288239864572327,0.47320806883720046,0.42952170960439784,1.9910488914733255,13,2,1.186252402708528,0.028767381298849454,0.018366767071186004,0.9479432267136558,True,0.09285201318142594,0.011963755800712777,True,0.5,32.52791694831103,0.6993918293929112,0.5,0.07826243393705529,0.05906723320275813,0.7568352665506605,0.8104136098646423,0.8558721239750312,0.7546894932711411,0.8558721239750312,0.7546894932711411,3,True,True,True
718,20260711,geant,17,17.95625950453986,0.6019019068005047,1.694742389240437,0.20776182900455245,0.3520841444064692,1.1446960013681473,1.6556447530082867,0.6130473456836876,1.391381767951494,3,3,1.2680951889541197,0.021266243296576687,0.03456633420120005,0.8410126107213418,True,0.08380070296684056,0.0,True,0.0,452.2313749184832,0.22553637912226748,0.0,0.040401101082120326,0.03344552571376022,0.8601687883432183,0.868657868407106,0.6155505305526635,0.5023558449926178,0.6155505305526635,0.5023558449926178,8,True,True,True
719,20260711,edge_fog,15,18.581437756498598,0.5617199515074244,1.7882947452222253,0.11762407068008353,0.3871045188144082,1.6665516274719625,1.005704601320255,0.5408944721497294,1.255134268204087,10,24,0.8465729151061816,0.03841403019547994,0.029746240604793896,1.0171476713912253,True,0.09866992625418108,0.0,True,0.0,69.00733301881701,0.30949215462202273,0.0,0.04305361115801598,0.0364217078195623,0.8943429330647941,0.8679351887829188,0.6557878816468689,0.5366172622410234,0.6557878816468689,0.5019957422900728,8,True,True,True
720,20260711,fat_tree_k4,8,10.027651408900669,0.9111290901921847,1.6416719542825349,0.33557625449786704,0.5427077309450353,1.2949374757276702,0.408865778144446,0.3162099293656322,1.1334360943457027,24,1,1.1224749868713828,0.036658807031973106,0.04934000672505323,1.1361146038647618,True,0.1055325891089941,-0.020402750916066508,True,0.5,43.31000009551644,0.8598826752585683,0.5,0.08749367635850122,0.05602341384383866,0.7508184576254733,0.8735799126067125,1.6067121158494257,1.0000000000000004,0.9342707493194388,0.7584701107595464,3,True,True,True
721,20260711,nsfnet,7,8.671993401600204,0.8816641475110369,1.7350100702839213,0.21882124673591735,0.727613497004271,1.3715490195961455,1.173805836344199,0.22053761277085632,1.5789146191712808,11,11,1.3252416764123574,0.019127874501467645,0.02305539255002715,1.470116732658156,True,0.13565556456026187,0.018817047867772965,True,0.15,81.28745900467038,0.4579418649974715,0.15,0.07154945269328239,0.054283299084906034,0.8051318423122639,0.8900433715900321,0.7292183674305633,0.5822155557636529,0.7292183674305633,0.5822155557636529,6,True,True,True
722,20260711,geant,15,16.356714051890847,0.5124627771563947,1.7632592175975546,0.4710312375471631,0.45524441655463865,1.2709364975028554,2.146334564718494,0.41850032258149694,2.0892049837937647,16,7,1.2088067130518099,0.020765943411489622,0.03837985653659758,0.8698435969120881,False,0.0,0.0,True,1.0,11.672916007228196,0.0,0.0,0.03884105154643149,0.03884105154643149,0.897097773496952,0.897097773496952,0.5221698325887648,0.5221698325887648,0.5140392666225329,0.5140392666225329,1,True,True,True
723,20260711,edge_fog,18,23.040577685280184,0.6263979403924359,1.7946740094957152,0.41902934055793634,0.21311790478309273,1.2752607370071376,1.7823103158803648,0.1753575348867103,2.5028002307129125,5,9,1.2093949145877991,0.03601600435043785,0.03821890695749164,1.4208442388937237,False,-2.937537992959226e-06,-2.937537992959226e-06,True,1.0,33.619040972553194,0.0,0.0,0.03223093683705654,0.03223093683705654,0.8733868186051944,0.8733868186051944,0.5000000845170077,0.5000000845170077,0.5000000845170077,0.5000000845170077,1,True,True,True
724,20260711,fat_tree_k4,29,30.202481355218136,0.48276373851868826,1.7935546655808654,0.3793335268633707,0.090174392388045,0.839971956488937,1.9563836886878798,0.5905042402247538,1.4240792108767089,35,24,0.9954813547761439,0.026728551733195927,0.023405045981832344,1.4088813804532083,False,0.0,0.0,True,1.0,72.81225000042468,0.0,0.0,0.027960063364842375,0.027960063364842375,0.8653064078961421,0.8653064078961421,0.5001532551962729,0.5001532551962729,0.5001532551962729,0.5001532551962729,1,True,True,True
725,20260711,nsfnet,10,13.241604995040284,0.6203766925544008,1.6902215903564408,0.39310169654762855,0.5109055408654576,1.0978086176256519,1.6563831340284811,0.4744569990717925,2.853079202421858,5,13,0.9910259517862698,0.022012210026068315,0.013874590522425402,1.2804955979338994,False,-8.428570864548963e-07,-8.428570864548963e-07,True,1.0,20.68425004836172,0.0,0.0,0.048111033586520385,0.048111033586520385,0.8714253171036561,0.8714253171036561,0.5434368495382902,0.5434368495382902,0.5001050790017317,0.5001050790017317,1,True,True,True
726,20260711,geant,19,19.480551272171777,0.4713711572985466,1.7123460506457537,0.31806939294116326,0.6799706683298367,1.2030273908743057,0.25696733016244355,0.13283534006241132,2.2380321475351606,7,11,0.8424600562504494,0.03415668686669776,0.01123373564364441,1.0983120016332286,True,0.05872180814110053,-0.00606770935319955,True,0.3499999999999999,12.360165943391621,0.5772408903736278,0.3499999999999999,0.05602993881846154,0.04110159213297549,0.8297102392851677,0.8650912613517099,0.8070351520391507,0.6814032254954687,0.8070351520391507,0.6814032254954687,4,True,True,True
727,20260711,edge_fog,6,5.877992114182337,0.5589295335035769,1.778066249531348,0.016040362554555966,0.14173372965840786,0.812935715411426,1.5983924906946934,0.49406550153788664,2.720133065512119,13,13,0.7592229914051701,0.03895436389192916,0.022462861968145034,1.4444822371671973,True,6.592047145089572e-05,6.592047145089572e-05,True,1.0,326.72920799814165,0.00013459711556914746,0.00013459711556914746,0.03767402087411773,0.03767402087411773,0.9154620770805735,0.9154620770805735,0.7076562799572524,0.7076562799572524,0.5050758972902816,0.5050758972902816,1,True,True,True
728,20260711,fat_tree_k4,14,15.198617058287866,0.5014022205898276,1.6173820252707747,0.1283174667076132,0.34371417765381185,1.5942296772470241,0.9715178145226329,0.11871727013995383,1.781157959334315,33,29,0.9270205539402905,0.03460421180388888,0.03095756377549897,1.0489027922639236,True,0.13636339573695308,0.017448882117513557,True,0.1,156.492666923441,0.4284510149834493,0.09998284878019126,0.0517417179229452,0.037960506726178796,0.8150025091451987,0.8390364349349915,0.7979274920894676,0.6133084074773782,0.7143907243271451,0.551747593408424,7,True,True,True
729,20260711,nsfnet,12,13.568964879051881,0.6984613059139374,1.5161294884500047,0.4485443535678756,0.3588129374913781,1.0260687773555295,1.7607922783062782,0.6313420974061096,2.6043375393276036,9,1,1.136123584742601,0.02175981297786594,0.04524863268214467,1.1869062487635709,True,3.6978210107717684e-07,3.6978210107717684e-07,True,1.0,100.36329191643745,0.0,0.0,0.04753127371920603,0.04753127371920603,0.8683006094407968,0.8683006094407968,0.5046451241144805,0.5046451241144805,0.5046451241144805,0.5046451241144805,1,True,True,True
730,20260711,geant,15,19.211696397541502,0.6792991396684782,1.7895157318812625,0.15547219820809705,0.08279004359082122,0.6625634697532582,0.40982280158035955,0.29395846143475746,1.759635326771505,12,12,1.037387561537443,0.03895944353594754,0.02813196624269947,1.3390058499266304,False,-0.09565035390992324,-0.09565035390992324,True,1.0,0.4984999541193247,1.0,1.0,0.0741002696643403,0.0741002696643403,0.8816300915414292,0.8816300915414292,0.9999999999999998,0.9999999999999998,0.9999999999999998,0.9999999999999998,1,True,True,True
731,20260711,edge_fog,11,13.21023923851405,0.5087032736567348,1.7763137685504566,0.46444911028664854,0.41280658072257836,1.7670553648094791,0.9675054328847223,0.4033209485694035,1.2780550573383804,0,24,1.1977564524868447,0.025152598755187057,0.012331803625272607,1.0759267554921346,True,0.10421359859707485,0.017002290518337973,True,0.1,178.50683303549886,0.37362396696157407,0.09999121564413027,0.04006514663441921,0.03618916779719914,0.8661354469285514,0.8828500151180833,0.6920335370902758,0.5722643213670928,0.6920335370902758,0.554578317186957,7,True,True,True
732,20260711,fat_tree_k4,8,10.263594503659274,0.7016045991647073,1.7674753480418137,0.35443456888185554,0.06369941234899024,1.304713279863831,0.5076500382548552,0.3068711666154633,2.4745090115743773,0,3,0.8543660054621659,0.017549665448122535,0.008744854096117848,1.022795493807613,True,0.17327000370740395,0.01671367745921416,True,0.25,38.32987498026341,0.8079934362964704,0.25,0.07935674212535043,0.042918054561500156,0.7818183286393515,0.8712389730398584,0.9074247899414647,0.6309309037563847,0.9074247899414647,0.6309309037563847,5,True,True,True
733,20260711,nsfnet,5,5.257534591089782,0.5485888618784964,1.4947345920368451,0.22576069822031816,0.6506694801849565,1.31765077340102,1.4174342788947167,0.18294874394233965,1.6453352484272319,7,3,1.3406858559046775,0.028074024299429443,0.04860892276533719,1.0149403126919725,True,0.11535679287314764,0.019681642303090392,True,0.1,536.3463329849765,0.3492766405916603,0.10000000000000002,0.05476513193321552,0.05238158105498827,0.8839164245703836,0.895419339021457,0.6752284720750485,0.5857604397402818,0.6752284720750485,0.5857604397402818,7,True,True,True
734,20260711,geant,10,11.480570455334243,0.6114642590811032,1.682463050288182,0.14707421980267418,0.22457044084906674,1.7795696824515157,1.1830359905424224,0.28505313856668724,2.040889859429326,6,19,0.7994447703527087,0.029662700922796645,0.047040215158852774,0.9306251619203739,True,0.05511460514751106,0.0,True,0.0,110.78062490560114,0.14023767529137324,0.0,0.04444559640432542,0.03919167580170589,0.8882768485132048,0.8999255495091091,0.5713728222111385,0.5025157882038646,0.5713728222111385,0.5025157882038646,8,True,True,True
735,20260711,edge_fog,18,20.088035459846385,0.4529716625211545,1.7950845137419005,0.2052200350947421,0.6928900180503456,1.0267185729946577,2.103188129623841,0.5902808455764879,2.955969299112464,11,0,1.180560259689705,0.02143506565465892,0.03052428612480504,1.0870457892971597,True,7.594600837120981e-07,7.594600837120981e-07,True,1.0,40.87129107210785,0.0,0.0,0.03336527577339661,0.03336527577339661,0.8767011964058206,0.8767011964058206,0.5088869656694287,0.5088869656694287,0.5023908117333584,0.5023908117333584,1,True,True,True
736,20260711,fat_tree_k4,27,33.199753037114895,0.4738327451669927,1.7530709569161802,0.08604644202333012,0.5649998318891274,0.738455949002915,0.5514217228451914,0.26638841990246376,1.0322109727753734,26,8,0.8312154144836859,0.02820140065916977,0.02050437932542732,1.0527136698496171,True,0.1024849586265855,0.017160018716895282,True,0.25,38.752458058297634,0.44341223443724004,0.25,0.0419039975845468,0.03273476035966929,0.8488652099132796,0.8723208092428821,0.8514074682469139,0.6275784466045168,0.7232258200265137,0.6275784466045168,5,True,True,True
737,20260711,nsfnet,5,5.750876940623551,0.5452621413151382,1.6375253027797,0.3433181808176159,0.35936341017321854,1.6900672908623124,1.0015615792624342,0.25589710768812457,2.114808551058837,10,13,0.8634073562433614,0.031938237700437175,0.013878688026434908,1.4208686679950155,True,0.016667350341106894,0.016667350341106894,True,1.0,34.49166705831885,0.0473381234927916,0.0473381234927916,0.05759326587633871,0.05759326587633871,0.8778046233194455,0.8778046233194455,0.5292903239652915,0.5292903239652915,0.5292903239652915,0.5292903239652915,1,True,True,True
738,20260711,geant,13,14.43185657264161,0.6193039895448302,1.7239188029052552,0.1945776144884607,0.08654534450111363,0.9121845535599162,0.2798234804286617,0.10525803706163583,1.2239736679153426,15,21,1.0930687843903053,0.029981884371661775,0.011200160504125686,0.7873244255535272,False,-0.25836119583539946,-0.25836119583539946,True,1.0,0.48204197082668543,1.0,1.0,0.06652856115811112,0.06652856115811112,0.9031595003508947,0.9031595003508947,1.069851881730302,1.069851881730302,1.0000000000000002,1.0000000000000002,1,True,True,True
739,20260711,edge_fog,16,21.426578208601047,0.8363319208767745,1.7635616648662624,0.39480968998186206,0.524628250820724,1.1770644415827043,0.4118465694746385,0.2652128684429309,1.4316119110425243,3,14,0.8515076627902556,0.03944880773196198,0.04602963304940993,1.4725137327325841,True,0.05891251956268203,0.017543707780920213,True,0.25,36.28158301580697,0.42110369581199375,0.25,0.04094493552025463,0.035651658877985076,0.8546105386353842,0.8936155992671313,0.7252860851783566,0.6298341783844624,0.7252860851783566,0.6298341783844624,5,True,True,True
740,20260711,fat_tree_k4,28,33.89476661061638,0.46898501560096545,1.7943953837020183,0.23664623376564664,0.6571178037139169,0.9083045138504175,1.214444748599786,0.2196287767835854,2.3366708418190445,30,24,0.9163471745049097,0.01769146928389627,0.043218254702666895,0.7786337829543711,True,0.02701350139836268,0.0,True,0.0,293.9956249902025,0.07283205957068661,0.0,0.026604521734688816,0.027058018987812953,0.8632203782167145,0.8432392225200585,0.5371662681556475,0.5007480092412908,0.5371662681556475,0.5007480092412908,8,True,True,True
741,20260711,nsfnet,11,13.562192274862863,0.5674856875250625,1.7895282647988058,0.14009306572861416,0.2147451690446865,1.3237540871396918,0.32293013190132225,0.41886148048112515,1.182782873519774,5,8,0.9280456509035787,0.03410846644384392,0.026358336115673436,1.3271450971929224,False,-0.11689053336583313,-0.11689053336583313,True,1.0,0.3231670707464218,1.0,1.0,0.09514133419849528,0.09514133419849528,0.9104586739379285,0.9104586739379285,1.0,1.0,1.0,1.0,1,True,True,True
742,20260711,geant,17,18.55948782946113,0.5007892700726831,1.788313691394711,0.5438339725461018,0.12287470399728974,1.6258291000266425,0.47266065043481875,0.14861315419984886,1.906311543326458,7,13,1.0618074184852806,0.035698268630659155,0.026359723046628526,1.471253222585852,True,0.08448925101705251,0.019805609449202434,True,0.35,5.080166971310973,0.7071390993213786,0.35,0.06202533725615693,0.0430814470116985,0.8700055064554589,0.8663653623349037,0.8656367999263314,0.6930611188805891,0.8656367999263314,0.6930611188805891,4,True,True,True
743,20260711,edge_fog,25,26.920514417572953,0.47268988349704205,1.6482201609078244,0.2704753514937594,0.7418569991525396,1.1863927484782804,2.227504905574306,0.4148621957630402,2.4076855247833073,5,2,0.9945660161735566,0.016283954807131885,0.04580573148850581,1.139263110188351,True,2.006403823921931e-05,2.006403823921931e-05,True,1.0,60.41150004602969,0.0,0.0,0.031229946698252076,0.031229946698252076,0.8422984040318398,0.8422984040318398,0.605903895272663,0.605903895272663,0.5008739440922041,0.5008739440922041,1,True,True,True
744,20260711,fat_tree_k4,30,28.62064651157219,0.4526606326911579,1.778297872917868,0.5470100957141254,0.34465839337625115,1.0043301644230374,0.39507073782746716,0.1497836990673369,2.972232577685359,6,8,0.8435422075708905,0.03918872455490891,0.01374299110854136,1.3180586851991745,True,0.03548677919174636,0.01294734467858438,True,0.09999999999999999,53.70895902160555,0.21320098552113734,0.09697923289071095,0.0314207929106256,0.028273989353650556,0.8835781653459204,0.8620760036262396,0.6094970383668777,0.5508053390140624,0.6094970383668777,0.5508053390140624,7,True,True,True
745,20260711,nsfnet,6,5.846519959494014,0.6067759317131893,1.5232621103395911,0.3781901372258485,0.5863414090312412,1.4489191855709125,2.000046151094417,0.5755500180885073,1.5888757099251005,11,7,1.2323106067862954,0.019310966321168316,0.02236027600737897,0.940613078803841,True,6.488526718861409e-05,6.488526718861409e-05,True,1.0,194.54958406277,0.00014608277641067633,0.00014608277641067633,0.05098941983174449,0.05098941983174449,0.8929320763383274,0.8929320763383274,0.5734367501765433,0.5734367501765433,0.5734367501765433,0.5734367501765433,1,True,True,True
746,20260711,geant,21,24.492192945583632,0.4567207250279366,1.7433495080568515,0.5109124217613707,0.18082466164578173,0.8365150672460151,2.1196832212346166,0.18187199020464268,2.0809345788325855,6,12,0.8098340795784935,0.01785750877160919,0.041293625100403054,0.9766566985083649,False,-3.898775506814458e-06,-3.898775506814458e-06,True,1.0,106.33350000716746,0.0,0.0,0.03561795991584294,0.03561795991584294,0.8507151262606439,0.8507151262606439,0.5753589108460894,0.5753589108460894,0.5311785929356324,0.5311785929356324,1,True,True,True
747,20260711,edge_fog,12,12.891293064422932,0.587123233032589,1.6885261751285165,0.5009990186689042,0.6652293368697383,0.976706489077733,2.2072119642066332,0.13461867491080304,2.45345060245576,19,21,1.1150339283326183,0.017538270936890487,0.018262674962124394,0.9302400317919379,False,-5.088962434231193e-07,-5.088962434231193e-07,True,1.0,27.457875083200634,0.0,0.0,0.03715485571805255,0.03715485571805255,0.8752959836034453,0.8752959836034453,0.6141345329202831,0.6141345329202831,0.5010360861127134,0.5010360861127134,1,True,True,True
748,20260711,fat_tree_k4,6,6.223528319089748,0.6433644858883532,1.3179512248699856,0.4317770501022011,0.5374956420844279,1.1380286338921533,0.30620733342577977,0.2786397680109317,2.0616616502142326,10,35,1.0148755671918863,0.03061626971065827,0.015465775762156617,1.493955805267396,True,0.07402313040020304,0.01142299968787254,True,0.5,10.061040986329317,0.6812927902638385,0.5,0.07507262238488105,0.06781089742225131,0.8665508850472552,0.8492376541203938,0.8408384230266173,0.90176608877274,0.8408384230266173,0.7877365669333943,3,True,True,True
749,20260711,nsfnet,6,7.6388026948510435,1.0069756985868075,1.5619713103738497,0.056964591054123596,0.18441739053517692,1.3521078619538647,0.7408298760630998,0.39653006892618337,2.769359426617225,0,0,1.2285304434890438,0.022890163776374574,0.04654179736072726,1.2143791384588045,True,0.03988557020379395,-0.028160084212398247,True,0.75,0.3546250518411398,1.0,0.7500000000000001,0.10266630338849574,0.08422469703340185,0.9051718190281209,0.8278949503868059,1.0000000000000002,0.8751751719460497,1.0000000000000002,0.8751751719460497,2,True,True,True
750,20260711,geant,22,24.054558407621418,0.5022642059028867,1.7845267175469588,0.45817343213798084,0.7022999703636905,0.8299451965495513,1.66845964028718,0.49959038682638013,1.9066133497926132,21,6,1.00366705712168,0.030452387855009144,0.037416768391394475,1.0433703955494322,True,7.502630206558262e-06,7.502630206558262e-06,True,1.0,22.33029098715633,0.0,0.0,0.037566842318162326,0.037566842318162326,0.8545562869151087,0.8545562869151087,0.5028231047808441,0.5028231047808441,0.5028231047808441,0.5028231047808441,1,True,True,True
751,20260711,edge_fog,20,25.040520063497056,0.5962546130699563,1.775212094716654,0.48802058046682883,0.5540427846841715,0.7692648912774427,1.8119069575331002,0.2880218211623087,2.3871367146440248,13,7,0.8600319091489349,0.02916972432795848,0.010606335262555753,1.3358807524842762,False,0.0,0.0,True,1.0,15.098000061698258,0.0,0.0,0.03245866045408098,0.03245866045408098,0.8909951776714403,0.8909951776714403,0.5045941420750619,0.5045941420750619,0.5045941420750619,0.5045941420750619,1,True,True,True
752,20260711,fat_tree_k4,19,20.706206310869476,0.4756755102065253,1.6411005961645568,0.04748207775987,0.03815113568368161,0.9909743964352253,0.7980039970368531,0.5714430397765817,1.1595381651060368,32,35,0.7905007757490785,0.01754230975496375,0.01275600631849393,1.324585776731385,True,0.2388700999072372,0.014062214805918662,True,0.15,165.16016598325223,0.7649756078566378,0.15,0.06499180038565906,0.030599654229789133,0.7186634166586571,0.8492625636706013,1.4554620561044935,0.6205893990171789,0.8841503019164382,0.5766093428063632,6,True,True,True
753,20260711,nsfnet,12,14.405159692776158,0.5749504129216076,1.675266014783199,0.08073533203587904,0.390881128866011,1.6463090766925936,0.43867512478241366,0.3767798982394047,1.3346665951784908,5,9,1.2244084871461056,0.033655966939539234,0.04865433902295471,0.7171752475267829,False,-0.1519850661385853,-0.1519850661385853,True,1.0,0.3446249756962061,1.0,1.0,0.10230860406397077,0.10230860406397077,0.8872605532712378,0.8872605532712378,0.9999999999999999,0.9999999999999999,0.9999999999999999,0.9999999999999999,1,True,True,True
754,20260711,geant,5,5.552573883747401,0.6438966239140452,1.7843023999760441,0.4216010847150193,0.14024707483628565,1.4163794848511302,0.8341145006876558,0.5345289361567521,2.4551563249590314,9,7,0.975835278735369,0.016265481091356334,0.024265079450421938,1.172060365689988,True,0.08355276457588205,0.0,True,0.0,97.5973749300465,0.3080557437202058,0.0,0.04795391633732393,0.04549988677410999,0.902793357086865,0.9284975949608653,0.6723225401724784,0.7639762515652617,0.6723225401724784,0.5919181303366682,8,True,True,True
755,20260711,edge_fog,12,15.405090896560468,0.48118533812868236,1.755556463686253,0.27948174900262474,0.6125263113611239,1.2504449839001004,1.3495438179267312,0.586277378378,1.4285096585196113,0,19,1.2663837122485273,0.01772838963291919,0.022142908010633323,1.1305622401217077,True,0.09673292906025065,0.0,True,0.0,114.47024997323751,0.288224627966779,0.0,0.03723567618901234,0.03314974667518677,0.8622638469564802,0.9116350948045483,0.6448063099480623,0.502200951960507,0.6448063099480623,0.5000263076541417,8,True,True,True
756,20260711,fat_tree_k4,10,8.703704766371908,0.5796565551393059,1.3680243581941327,0.08968814517130777,0.6003142993879262,1.2839460981458402,0.6525276252432017,0.4895963367135545,1.711637135506908,2,29,0.9556994969364405,0.038871609174377125,0.047442868821349016,0.7728450026792042,True,0.15499679218728454,0.0122280707456198,True,0.3499999999999999,15.095875016413629,0.6867073998055703,0.35,0.06885300639077716,0.048594673743175804,0.825256876767121,0.8669375072603743,0.9518463281758105,0.8603468420050197,0.8519201671930465,0.6788908181929189,4,True,True,True
757,20260711,nsfnet,12,13.186442642582048,0.49610654816067146,1.7538490025364204,0.37162885369803933,0.17231005790677623,1.504824373337019,0.45011394619602707,0.4544260776492244,1.2591824846468709,7,6,0.7815539444720385,0.02458556824607723,0.038268392166761575,1.4937541206226754,True,0.11024171713287856,0.010635182690897084,True,0.15,41.98824998456985,0.5547198764185002,0.15,0.07271667149813492,0.05209282618746875,0.7526111149246371,0.8419764435303168,0.7850822349050209,0.5869179212328879,0.7850822349050209,0.5869179212328879,6,True,True,True
758,20260711,geant,14,15.066346731881238,0.5216352624100773,1.6322053889061605,0.036846324549111964,0.4699895665441088,0.8637578241302769,2.0902142280856397,0.2501775156509028,2.2252191690344585,21,14,0.9609767765110119,0.027001191269842018,0.020205133457556448,0.9007741828133206,False,0.0,0.0,True,1.0,22.341208066791296,0.0,0.0,0.03865540601715593,0.03865540601715593,0.847418812683552,0.847418812683552,0.563599684588996,0.563599684588996,0.5018115154706135,0.5018115154706135,1,True,True,True
759,20260711,edge_fog,14,14.913166400935143,0.4535258067987032,1.738920414886149,0.24974582152478583,0.7246520678035128,0.9574083661034023,1.9143981399281298,0.49506781690152746,2.0196993577883644,7,8,1.2353161053049626,0.0326127217064265,0.03712668475404739,1.0658597961437208,True,0.023290110865925376,0.01648187768110688,True,0.5,83.11391703318805,0.056251311316136136,0.04079245413950385,0.03624066430273115,0.035838406245012694,0.8761963355393487,0.8774356227164933,0.6022400372044543,0.6068585033522209,0.528640578465667,0.5210681173370959,3,True,True,True
760,20260711,fat_tree_k4,22,23.469563434474978,0.48274686114529286,1.7696201358446004,0.07070549998911702,0.5732445803176085,0.7652758649352714,0.5521717372596653,0.4053312884939222,2.7798659758149165,2,34,1.0284724000768901,0.028920899576460442,0.012581088860168928,1.0360496766228746,True,0.12312390194350054,-0.014031303088690916,True,0.35,29.54008395317942,0.6613176907130656,0.35,0.053937349214491635,0.03651203372255908,0.8275318416482939,0.8210825895324471,0.838005156728144,0.711708975657608,0.838005156728144,0.6848109110189701,4,True,True,True
761,20260711,nsfnet,10,10.881039664904662,0.5456089767054848,1.7178744162496975,0.21463702519396582,0.4279935354094502,1.1544175548627615,1.5545269347583228,0.25673204236981007,2.900930323564166,7,5,1.3056419229638307,0.033144386199804185,0.049429205678935995,0.7728176151490642,True,0.10039618443655567,0.0,True,0.0,215.8156669465825,0.2871587463425738,0.0,0.05852619549278453,0.048961011477831606,0.8175354732177174,0.8685706390136527,0.6469071663545726,0.5032316575569965,0.6469071663545726,0.5032316575569965,8,True,True,True
762,20260711,geant,5,7.301007301335205,1.0795109114758648,1.7931246036203043,0.4108197913930191,0.6902378121785772,1.7810266888555621,1.655449569571897,0.48975352803533345,1.344217687990846,14,18,1.0742483868210602,0.02241934847290234,0.022915137406132033,0.8441873975595025,False,0.0,0.0,True,1.0,135.54145803209394,0.0,0.0,0.04944320292472696,0.04944320292472696,0.9039570979124014,0.9039570979124014,0.64987748059069,0.64987748059069,0.5039286247159878,0.5039286247159878,1,True,True,True
763,20260711,edge_fog,10,11.350297801330257,0.5223679732314298,1.6655623603852483,0.05208736360030519,0.14828137456285942,1.634247167370737,0.48722977615087215,0.6316256353385431,2.198877741197208,22,9,1.2911903711795465,0.029605811429887663,0.03897855505316235,0.9048979087693515,False,-0.23464614938856967,-0.23464614938856967,True,1.0,0.39841700345277786,1.0,1.0,0.08361146757711384,0.08361146757711384,0.849403701018677,0.849403701018677,1.853258267797163,1.853258267797163,1.0,1.0,1,True,True,True
764,20260711,fat_tree_k4,23,23.918877225768767,0.4662968977966703,1.74443610575836,0.0971882735156755,0.47818276238287716,1.0176977605679363,2.1983678586209345,0.5224185157751337,1.220943530832285,1,12,1.0252281799147869,0.02352909713901244,0.04243634366448771,1.0723112168963576,True,1.8170010352943202e-06,1.8170010352943202e-06,True,1.0,148.85129197500646,0.0,0.0,0.025693402413486804,0.025693402413486804,0.8739729887390307,0.8739729887390307,0.5001959844828895,0.5001959844828895,0.5001959844828895,0.5001959844828895,1,True,True,True
765,20260711,nsfnet,11,10.49612249285436,0.4597758130453482,1.4543111230723555,0.09693043231116474,0.4898887787872649,1.6763789335915056,1.0542511826513097,0.19105010351909313,1.5808579730016152,8,1,0.8320334827733461,0.037828845829779426,0.03939168592369484,1.1812085069577127,True,0.09636486528195233,0.0,True,0.0,214.67808389570564,0.269269854631712,0.0,0.060324072849761726,0.05339997827597641,0.8264594865951108,0.8841369964342695,0.646606104994985,0.5317933709994441,0.646606104994985,0.5317933709994441,8,True,True,True
766,20260711,geant,10,7.714892213587529,0.5159052071270275,1.1548782122309789,0.4022463636533424,0.7135662371516194,1.4704445369109231,1.2184915947168413,0.240251708123602,1.749029551168426,3,1,1.0817054489379347,0.039565047608783446,0.0452196050913826,1.2820555462493135,True,0.04373560521667525,0.018715330893637916,True,0.15,164.32891599833965,0.1338021547134768,0.06259190374131886,0.046533145687152846,0.04084867497229231,0.839298244799012,0.870334498415578,0.654049576929359,0.570404041615735,0.5712383068997803,0.5426413172959342,6,True,True,True
767,20260711,edge_fog,9,10.22393319979865,0.4632322996807154,1.789886482835961,0.09502702668602601,0.7406316199574989,1.1619557241585583,0.6698396689162114,0.28520291988594304,1.7351584743124597,16,13,0.8865883087927362,0.01673709814115245,0.03420497085705461,1.3213724958309496,True,0.1157925395368391,0.0030174288867445523,True,0.15,139.46754194330424,0.45557166141669175,0.15,0.04631506940401453,0.03589561403425068,0.8690514748381484,0.9027878140050397,0.8661001150630763,0.596323798278372,0.7339345853774435,0.5753624912007815,6,True,True,True
768,20260711,fat_tree_k4,6,7.152052488052835,0.5688181135744604,1.6995972933345307,0.33890320235085075,0.11163012303807789,1.6851891458650017,1.816432052424199,0.36609537992204466,2.372624051941348,25,28,0.9690323862344954,0.017349514239147712,0.0102125235973541,1.2845881961641716,False,0.0,0.0,True,1.0,16.561000025831163,0.0,0.0,0.04892397024936688,0.04892397024936688,0.8848778715032816,0.8848778715032816,1.0149734383113713,1.0149734383113713,0.6833807419327061,0.6833807419327061,1,True,True,True
769,20260711,nsfnet,11,13.870198080275213,0.4761964779818474,1.7904147662916872,0.10079969136652513,0.4209874532615798,1.5510226589766405,1.062633447962469,0.5308915070562934,1.7846344033783619,12,8,0.831627463040066,0.019775237416768322,0.0499807302835559,1.1407454383921853,True,0.08728254438005009,0.0,True,0.0,115.35420804284513,0.2422361782315774,0.0,0.056538258655945216,0.04864298780118765,0.8637586385839672,0.8542237610904112,0.6216637330671008,0.5029983353391257,0.6216637330671008,0.5029983353391257,8,True,True,True
770,20260711,geant,18,18.58000691885927,0.5562779352367477,1.6681951679584428,0.34372064973908795,0.25002768946529863,0.9265669776194844,0.30783056491240934,0.17841877767965808,2.32798784188502,17,3,1.2189033662313649,0.03021447477986134,0.013203178557629366,1.26708787747241,False,-0.08798024675748552,-0.08798024675748552,True,1.0,0.6631250726059079,1.0,1.0,0.07125175489943159,0.07125175489943159,0.8865446886680624,0.8865446886680624,1.0446619308065663,1.0446619308065663,1.0000000000000002,1.0000000000000002,1,True,True,True
771,20260711,edge_fog,13,15.169377120309388,0.5217982902722531,1.7749524104485253,0.09613745609328742,0.04099655932180438,0.8717279430468747,1.0185834375272553,0.5800180445243007,1.330705981180949,23,24,1.3444634381871199,0.03866162031814381,0.045653164857293774,0.7478616112573548,True,0.2309953440495496,0.004348161192265408,True,0.35,4.326749942265451,1.0,0.35,0.0809044916315434,0.0402524677334731,0.8558311333100559,0.8902544508328026,1.9268624491519513,0.8789330017567667,1.0000000000000002,0.6799349958640767,4,True,True,True
772,20260711,fat_tree_k4,8,9.350861133343713,0.6503029813105354,1.5644124561823904,0.18904071915417103,0.49632879713364875,1.7404096949784944,0.9760212264774719,0.38032033625660444,2.3643642586394726,26,27,1.0840337661716308,0.020677454275987054,0.03628461008151579,1.1270640271830468,True,0.15494301883825565,0.017046029754829512,True,0.15,80.69599990267307,0.5309799353468541,0.15,0.05390098845928733,0.04523839378391417,0.7850408982469104,0.8526081355140942,0.9373322807795668,1.0433320503779033,0.771182474762472,0.823538586716871,6,True,True,True
773,20260711,nsfnet,9,10.403003612463255,0.4553017920420862,1.7923338398905053,0.4808433484994934,0.18915003319969345,0.8291193404413559,0.3181324155046308,0.15259575820065355,2.9260418317225563,4,13,1.1766207889276787,0.03255499139216194,0.0374023756436754,1.1968315238583345,True,0.0066268093297605505,0.0066268093297605505,True,1.0,0.26229198556393385,1.0,1.0,0.09424955436632054,0.09424955436632054,0.9045270635209229,0.9045270635209229,1.0,1.0,1.0,1.0,1,True,True,True
774,20260711,geant,19,21.399620530643812,0.5420875527548558,1.797978090798543,0.0553085758916032,0.2998629698466245,1.404165619881802,1.7670595238587798,0.5506555881360174,1.2213175927561408,2,14,1.120254389201615,0.026942738369954818,0.024862294976489785,0.748836171589561,True,0.07801747559310603,0.0,True,0.0,333.47324992064387,0.1923946473372671,0.0,0.0379716331283572,0.03512550826469282,0.8378486751939473,0.8702154623487451,0.5966927587272899,0.5004846106871813,0.5966927587272899,0.5004846106871813,8,True,True,True
775,20260711,edge_fog,15,14.936075410570869,0.4505443140708359,1.6730094514059481,0.16193582641719587,0.7411141203881325,1.654148071548486,0.9872680094678723,0.516153061814514,2.086177260375127,12,20,1.3099761162585843,0.030170703168244568,0.010893770801206293,1.4919118179103779,True,0.17767540534786147,0.008307163204975852,True,0.25,34.90358300041407,0.6967607168310709,0.25,0.05717012033609911,0.03718834856954308,0.7726718114725811,0.8795243037917202,1.0617262270192485,0.7331297739314265,0.8484293785326997,0.6254180587890207,5,True,True,True
776,20260711,fat_tree_k4,13,16.37113422710083,0.4703617241939854,1.7832002686618895,0.17567737935251465,0.7077181806086389,1.4681210580642237,0.3031574770578196,0.5021598580645152,1.2118452129622803,29,4,0.9800332183755303,0.019856696695569283,0.01442607837919432,0.9288871681906564,True,0.10098472718071452,-0.013698788207607955,True,0.7499999999999999,5.040209041908383,0.9730024505279992,0.75,0.08869753541690455,0.06928068501834408,0.7476076283002417,0.7783533427364787,1.8783972039863461,1.4661961514651745,0.9953733612511635,0.8755644858770637,2,True,True,True
777,20260711,nsfnet,10,11.034294491350504,0.7514915864361673,1.744288156144827,0.13902991104934095,0.4985132869580051,1.7247002734993901,1.3858294634513202,0.38887667036869444,1.532971934344484,6,9,0.8091491815791441,0.029371583081599824,0.010232568500352623,0.9392502801393396,True,0.008754063929563426,0.008754063929563426,True,1.0,42.79083397705108,0.019671917771633296,0.019671917771633296,0.04683932908986895,0.04683932908986895,0.8808357484928064,0.8808357484928064,0.5141521426332047,0.5141521426332047,0.5141521426332047,0.5141521426332047,1,True,True,True
778,20260711,geant,20,22.490248546529486,0.5023220425630244,1.796062887989012,0.008479523810190416,0.7321502826835072,1.5471601108511834,0.2653419824312697,0.35145931914616546,2.6561135279235906,16,2,1.1924043959162316,0.020961742356065724,0.02526800098776056,1.340450728605778,False,-0.19870295352205963,-0.19870295352205963,True,1.0,0.8027090225368738,1.0,1.0,0.0649715140076913,0.0649715140076913,0.8954006347573236,0.8954006347573236,1.32659943230441,1.32659943230441,0.9999999999999997,0.9999999999999997,1,True,True,True
779,20260711,edge_fog,8,8.42142297828727,0.5047334876121753,1.7526624365880608,0.4791594065992796,0.6187760538940358,1.4952297796090064,0.6749055912253163,0.6423621236542363,1.658139625640268,13,23,1.0761245122539664,0.01568984095710182,0.029568618004053204,0.9625838462607872,True,0.07997279198540862,0.019480418339715342,True,0.15,46.01233301218599,0.3583832553313802,0.15,0.04750025928053151,0.043134982854352126,0.850551581742766,0.8969523501852998,0.7001294427383286,0.7652708281068489,0.6821956437032062,0.5812382144524114,6,True,True,True
780,20260711,fat_tree_k4,13,14.916599789955786,0.45197843694904805,1.7657032806592927,0.00785806396016573,0.543366171041696,1.3644760244216327,1.2932898637067582,0.619199578369141,1.3099616959692681,24,32,0.8295137557630334,0.03616826166924281,0.04739014713037099,1.32755670080407,True,0.07471918970290131,0.0,True,0.0,88.75554194673896,0.18016331098296187,0.0,0.03548189671249017,0.03371399353296074,0.9216004737628954,0.9039302267458288,0.5930568923565241,0.5594687718439951,0.5930568923565241,0.5037683762974252,8,True,True,True
781,20260711,nsfnet,8,10.706559736506527,0.7198929009466009,1.7611709991364055,0.35300298047548545,0.28250896190293245,1.6993368285731139,0.456885590503749,0.5021094854345639,2.5167218668510998,0,11,0.8461801250676366,0.037683497248268236,0.04241904412055285,1.0622105800031134,True,0.10578635919976108,0.012800470222730162,True,0.25,40.05729197524488,0.6176752700252844,0.25,0.0830241280687283,0.05289714235590007,0.8209119678800666,0.8814058237055981,0.8129950443084915,0.6441379981912184,0.8129950443084915,0.6441379981912184,5,True,True,True
782,20260711,geant,17,20.71976452239051,0.6175165824491355,1.6566240551936589,0.5415376363082229,0.604901438542126,1.5224172098817323,0.7263058180242485,0.438829819271929,2.783464382686129,7,19,0.9124517173175106,0.03492242570659826,0.03525983765880274,0.7131421754436676,True,0.02086027114781036,0.015788813964929323,True,0.5,70.8552080905065,0.09608195666238446,0.0739840731047843,0.039043192699286855,0.037741023509701856,0.8558707761451965,0.8677574083609154,0.5491531430302599,0.5517635370374673,0.5491531430302599,0.5374507248963388,3,True,True,True
783,20260711,edge_fog,20,22.63127424262173,0.4513917818157823,1.6779859009949316,0.3267839527403354,0.2644120956791086,0.9352755703548495,1.7238820323445394,0.41380978672984736,2.9176482381160036,18,1,1.0813390318549465,0.027994673887048863,0.030891456822061465,0.9705461484926687,False,0.0,0.0,True,1.0,3.7649170262739062,0.0,0.0,0.03245086805467271,0.03245086805467271,0.90130905920532,0.90130905920532,0.511945906954634,0.511945906954634,0.501747849681314,0.501747849681314,1,True,True,True
784,20260711,fat_tree_k4,29,37.21264725026363,0.5245221953814571,1.7883662441879327,0.08429655119006801,0.32099666588772896,1.233377462518825,0.6860655762038941,0.6153827996224276,1.3354349866079434,5,30,1.134466461877962,0.029256828696832674,0.01763133829054655,1.0184478094749645,True,0.14736154315704356,-0.026690890106068104,True,0.5,11.77908293902874,1.0,0.5,0.0702145938279251,0.036019222301110924,0.8327368550817768,0.8519887854058016,1.0000000000000002,0.751387376331989,1.0000000000000002,0.751387376331989,3,True,True,True
785,20260711,nsfnet,12,15.011850782177916,0.5878136378481005,1.7945154598072959,0.41004808805003873,0.702371978773479,1.7652838625889946,1.0303235594750828,0.17751252070907197,2.927297037773883,9,12,1.3204673462000853,0.023377822841826462,0.03694053908676363,0.9581430375314968,True,0.10968424434382024,0.0184717558051163,True,0.15,53.871416952461004,0.4387923911451084,0.15,0.0615633211878967,0.05021667401888231,0.8015299695543316,0.8624116946965974,0.7263515755914908,0.5837479851829269,0.7263515755914908,0.5837479851829269,6,True,True,True
786,20260711,geant,12,10.35981824999275,0.45046409558998113,1.7771635441949571,0.10648643204954515,0.04079895811089385,0.7643637258696774,1.78934905396618,0.11799972250427443,2.3424921939130847,15,9,1.1471861739047629,0.01990594359201741,0.044477337342237966,1.3275958074368108,True,0.0803685180726413,0.0,True,0.0,72.50791706610471,0.1931657646756568,0.0,0.04173214014586501,0.040281018463904514,0.8497025519677289,0.86316051923213,0.599192936605745,0.6537825216308547,0.599192936605745,0.5005914194989372,8,True,True,True
787,20260711,edge_fog,9,10.157895319429786,0.5432770402891478,1.736289228145295,0.46364791311244985,0.14609972796344875,0.9563557711007677,1.1040659531420747,0.31326406056426603,1.6342822750957517,16,9,0.9000888032740793,0.027261084886121133,0.045852540445281864,0.8455225576102321,True,2.9637139082142474e-06,2.9637139082142474e-06,True,1.0,116.90954107325524,0.0,0.0,0.03257056777730061,0.03257056777730061,0.9100429814111122,0.9100429814111122,0.602377316732309,0.602377316732309,0.5014707066642894,0.5014707066642894,1,True,True,True
788,20260711,fat_tree_k4,10,11.623128181954629,0.6859969323250734,1.5246222269951313,0.4469885865933562,0.6498016688188728,1.400142796984869,1.3502937738303293,0.3147579277383822,1.7583144070926668,1,8,0.983593523728621,0.020456345840690164,0.04192193417634409,1.2627400263354975,False,-3.845748395664958e-06,-3.845748395664958e-06,True,1.0,42.1767090447247,0.0,0.0,0.037716179643417135,0.037716179643417135,0.8841471997618401,0.8841471997618401,0.7173690239225526,0.7173690239225526,0.5168134205045356,0.5168134205045356,1,True,True,True
789,20260711,nsfnet,12,14.347003859514999,0.5509847216189443,1.7787226487801646,0.2982965718333072,0.4237703458517686,0.9016858672572404,1.1286576544189675,0.5766751692216053,2.7785555560549438,10,4,1.349526461030004,0.03986310092667647,0.012757298465987277,1.4650452109417784,True,0.12230372647052734,0.01745975437453287,True,0.15,56.678124936297536,0.4610629579926534,0.15,0.06798541215764571,0.04994209504037763,0.8885041561157746,0.8711720365891067,0.7500908561229724,0.5882274638314958,0.7500908561229724,0.5882274638314958,6,True,True,True
790,20260711,geant,18,21.11728889605452,0.5215629415628759,1.6966627642543952,0.2580876849466754,0.052804365226960776,0.9705285415173,0.3599144409775821,0.2869174240240236,1.48374157034033,9,17,0.8967911474769328,0.015363685684694036,0.033086408416093824,0.7571045973736887,False,-0.009239938717953686,-0.009239938717953686,True,1.0,0.6203749217092991,1.0,1.0,0.07001851668599336,0.07001851668599336,0.894598201674495,0.894598201674495,1.0,1.0,1.0,1.0,1,True,True,True
791,20260711,edge_fog,18,18.514829690691478,0.49628943758062694,1.6568269825908257,0.04925952569088042,0.2377719334380728,1.6978682660290256,0.3361193465164909,0.4824317411628505,2.9366076291687095,12,18,0.8069391490929726,0.026052236737600057,0.046267680548318,1.0247545183545743,False,-0.08770388276738643,-0.08770388276738643,True,1.0,0.6314580095931888,1.0,1.0,0.07741127964976316,0.07741127964976316,0.8681747823480394,0.8681747823480394,1.6643304191440336,1.6643304191440336,0.9999999999999998,0.9999999999999998,1,True,True,True
792,20260711,fat_tree_k4,13,18.805237700845932,0.5201932580042715,1.7833259366424319,0.35405847705125554,0.32190664360856325,0.6833673554976369,1.8863657407404304,0.46197402379691954,1.2879738923454798,28,23,0.82309271814208,0.02485711796857464,0.04954602930361723,1.3552249446410678,False,0.0,0.0,True,1.0,20.42583399452269,0.0,0.0,0.03993673238832491,0.03993673238832491,0.8780016591753247,0.8780016591753247,0.8271706832435469,0.8271706832435469,0.5771977121095447,0.5771977121095447,1,True,True,True
793,20260711,nsfnet,10,10.710612821158332,0.5173392765601394,1.5816080339769796,0.2046667754937601,0.16960347974353177,1.2193371066187773,1.9452852141644998,0.562396665463625,1.4094271241101186,1,9,1.1856973475346453,0.02356982053311116,0.03866196725867726,1.1730482635691089,True,0.0247252469637687,0.019403305787855436,True,0.5,208.72683299239725,0.056408582524253376,0.04488371320922191,0.04698018168808447,0.046278526626785214,0.885880198326154,0.8778776338754958,0.5312511654156675,0.525488373121044,0.5312511654156675,0.525488373121044,3,True,True,True
794,20260711,geant,20,22.08820152806483,0.490878527626777,1.7103793167003134,0.01620222685022072,0.6663581673610699,0.9107323275417791,1.4085497746221478,0.5298861051600017,2.2229261449114217,6,13,1.0177874043748036,0.03815684196523879,0.0179512917819891,1.1376230690390319,True,0.08057073647932178,0.0,True,0.0,119.8244160041213,0.22262088177261,0.0,0.04305405753330291,0.03440765352494212,0.891759804249499,0.8995658133625347,0.6126671126700111,0.502762400627975,0.6126671126700111,0.502762400627975,8,True,True,True
795,20260711,edge_fog,8,6.352152060235251,0.5144440204020976,1.632226981178886,0.12687383354740883,0.36560820402574823,0.8712916930659967,0.997678324355266,0.4770252252968188,1.2014009487065869,11,15,0.789199314343991,0.02589996889083667,0.033864105152609666,1.237968666920148,True,0.0706462712626739,0.0,True,0.0,161.4459160482511,0.188282128855036,0.0,0.036452542013318996,0.03395310084148259,0.9088300181764118,0.9340075519324311,0.6293154107291246,0.5007609300527278,0.5974455717829018,0.5007609300527278,8,True,True,True
796,20260711,fat_tree_k4,13,12.208018085464985,0.5107025664358964,1.715195955718921,0.20450559142335487,0.6474514390501922,0.9559059475710374,1.0842429216215235,0.2944323809687497,1.4483727263330246,19,12,1.2295723537579284,0.01964591121966728,0.023410476455376972,1.1742088809936446,True,0.11939711170392714,0.019145287832631176,True,0.15,225.00829200726002,0.40472906753551563,0.15,0.03738855542283567,0.028760118232673895,0.8416605883972003,0.8947125556083408,0.7042898760419898,0.5762885151969738,0.7042898760419898,0.5762885151969738,6,True,True,True
797,20260711,nsfnet,7,7.286268706912072,0.5999252614591785,1.3818781142569347,0.45790532886498286,0.025274679715032233,1.005802449424361,0.7403302222874384,0.16355000632450206,2.6761976328547696,4,4,1.2312075492542565,0.02820568775661128,0.01745684316549214,0.958737724726342,True,0.19385964713421358,0.01780368129908307,True,0.35,13.102083001285791,0.9712360234341383,0.35,0.0994440349530597,0.05538064700055704,0.8668434296079569,0.8859629018529023,1.0000000000000002,0.6800692566452476,1.0000000000000002,0.6800692566452476,4,True,True,True
798,20260711,geant,9,11.547121587708954,0.46186080277336267,1.7777423883163204,0.11610110117642378,0.18867653257213204,0.652996336673268,2.2016208652032008,0.4281831613951099,2.056027120787058,10,3,1.2070692284880815,0.023595531457958535,0.02658730431973827,0.8054879809653164,True,0.010463826370851196,0.010463826370851196,True,1.0,154.33962491806597,0.022736427035081858,0.022736427035081858,0.0408656090108865,0.0408656090108865,0.8642666253031367,0.8642666253031367,0.5166095713822987,0.5166095713822987,0.5166095713822987,0.5166095713822987,1,True,True,True
799,20260711,edge_fog,15,16.66316522977353,0.4668230301714555,1.796566133568013,0.4388075222590762,0.12692409538444815,1.2180945420919729,1.465511330057116,0.466445501196451,2.8236626339567206,14,2,1.2327886297894444,0.02526544787128549,0.03228051229085782,1.3088792069813626,True,0.03268441804100764,0.01977811311204279,True,0.09999999999999999,623.3550000470132,0.09060434048860237,0.05619534500692159,0.03518670565625754,0.03445088427758916,0.8607584630194559,0.8680008271778965,0.6642098966241676,0.6686111207114925,0.5453934451622122,0.528225206472959,7,True,True,True
800,20260711,fat_tree_k4,28,27.967561268928275,0.46157574944152857,1.7140428354325477,0.4270113643984858,0.735861253486751,1.4500868797819053,0.7828132851713057,0.15141509979030343,1.0194743330048288,2,3,1.2036761091879296,0.02471311612284459,0.02264872832228347,0.8776900873601802,True,0.10072656994662248,0.01192324475786624,True,0.14999999999999997,61.28120806533843,0.44017309791468423,0.15,0.040312306476542624,0.028785782195285995,0.8319840850918946,0.8854832343316911,0.7221700833909634,0.5774379160125661,0.7221700833909634,0.5774379160125661,6,True,True,True
801,20260711,nsfnet,12,14.697958399037057,0.47833423642424205,1.763598534646737,0.10365753260438935,0.5893150647109208,0.8117922256747387,1.8582433244918728,0.20292165467178197,1.9667407746890353,8,13,1.2944485713415292,0.03177392530993137,0.02271651486601959,1.332740427389816,True,0.06984017410567465,0.0,True,0.0,338.4550829650834,0.17688702492411684,0.0,0.051527249360146125,0.04552675676743229,0.8470930606010953,0.8637826440842941,0.5884471742050814,0.5001319829356673,0.5884471742050814,0.5001319829356673,8,True,True,True
802,20260711,geant,15,14.119134623188469,0.4977337362175634,1.787460920404954,0.21698017030315755,0.6296562116423463,1.4484063460526535,1.3831678100643525,0.32006326955394604,1.7637814624658459,11,10,0.8669551247283824,0.02011686005200764,0.025571645072785483,1.2473936871428026,True,0.014971950312415275,0.014971950312415275,True,1.0,136.3978749141097,0.03580961387692022,0.03580961387692022,0.034426863984426695,0.034426863984426695,0.8801166715808912,0.8801166715808912,0.5201507698229497,0.5201507698229497,0.5201507698229497,0.5201507698229497,1,True,True,True
803,20260711,edge_fog,11,13.19008118841855,0.5714912407954316,1.6382174198109871,0.2510883232316626,0.1318023644240701,1.226321123456493,1.286346294434331,0.21672701910416603,2.97048609851828,8,1,1.0499460245171583,0.028189109520365685,0.049810233786722134,1.1493128085522335,True,0.0791815836715445,0.0,True,0.0,204.19670804403722,0.22502279660369237,0.0,0.03732945701973267,0.03322098967665973,0.8795754125198085,0.8970262067911506,0.7274781939864656,0.617076344214857,0.6134839476242822,0.5008895706594813,8,True,True,True
804,20260711,fat_tree_k4,21,25.159713412830282,0.6184659917230381,1.777746602782712,0.22626733174421557,0.2662744749729426,0.6932486857994774,2.0806553491361806,0.2787862911188607,2.269510600266094,25,5,1.280939134207618,0.026855566677344404,0.031485546327035235,1.202865602283503,True,0.021790745088628733,0.01344941525494621,True,0.5,84.7002089722082,0.05021605911226773,0.03183659465714409,0.02989185766200404,0.030023672866523087,0.8514432143403512,0.8696784850281822,0.5280468101092489,0.5189878012616185,0.5280468101092489,0.5189878012616185,3,True,True,True
805,20260711,nsfnet,7,7.375469381823442,0.6625209098982375,1.3045074341546263,0.3823481932021703,0.4336207713909775,0.9451046316459529,1.4085260468259193,0.5601329060976674,1.628753137222424,10,8,0.829061608257224,0.03173848316286566,0.014254858486404141,0.919112074999551,False,0.0,0.0,True,1.0,18.98862503003329,0.0,0.0,0.055956447421222716,0.055956447421222716,0.8993045866182866,0.8993045866182866,0.5046155037260907,0.5046155037260907,0.5046155037260907,0.5046155037260907,1,True,True,True
806,20260711,geant,15,17.016086881465807,0.6058563433816684,1.721650367940489,0.4071408171403421,0.05784189288623175,1.4420077720442106,0.9424130721422519,0.4969325980927153,1.341526351279894,17,9,1.317184048498416,0.018174335798342944,0.02495026092693764,1.3404579308721334,True,0.18688245570379583,0.008565420648431854,True,0.15,10.742499958723783,0.794176979454246,0.15,0.06602800061772969,0.0382388970559501,0.787553442691387,0.9002801430375595,0.8998953733909316,0.676090003781474,0.8998953733909316,0.5750902239308213,6,True,True,True
807,20260711,edge_fog,24,27.034774629342227,0.47066519396332246,1.7803318959034102,0.2456816805600064,0.28198079705316564,1.7519768886698142,1.565541280474212,0.3711937112996584,2.8574481003440524,9,7,1.0912044622183221,0.028986182187990893,0.017224433922624377,1.3190464723622395,True,0.03804945658879216,0.0,True,0.0,372.4741250043735,0.09535428422557841,0.0,0.03418404421052867,0.032468937567100835,0.8322954846981337,0.8474445605755048,0.5513237856900497,0.5043603550875909,0.5513237856900497,0.5043603550875909,8,True,True,True
808,20260711,fat_tree_k4,12,14.476065034607938,0.6235351647305117,1.7022710444534082,0.1786500709598223,0.223867344123196,1.0169713706883525,2.1068436368674,0.3828097187304512,2.295629474186556,11,17,1.0902185070560952,0.038016634106499816,0.02910879877813676,0.8491787514949503,False,0.0,0.0,True,1.0,2.6099999668076634,0.0,0.0,0.03819140018701934,0.03819140018701934,0.8801482422528848,0.8801482422528848,0.7485435703682151,0.7485435703682151,0.5481458519238579,0.5481458519238579,1,True,True,True
809,20260711,nsfnet,10,10.208454839836183,0.50625916790706,1.59166753389918,0.4157190723497691,0.5290690744653506,1.3893006201719,0.346788593899622,0.43203004202750495,2.4061658274497177,7,0,1.174337166541803,0.03892572427669544,0.030938397968659714,0.8830815665955769,True,0.07655059047753619,-0.004299313050695255,True,0.7499999999999999,0.811584061011672,0.9665209482980294,0.7499999999999999,0.10304252077380983,0.08054241481711293,0.8295140283534086,0.8166679945821601,0.990697993687268,0.8866714256549307,0.990697993687268,0.8866714256549307,2,True,True,True
810,20260711,geant,21,23.182788730807392,0.5013857745796684,1.7231391091389798,0.402636007513365,0.7067346063598469,0.9561887911417049,1.8670280931169831,0.22071290338753297,1.1720628496477121,17,16,1.0806761646570515,0.03605303475595334,0.00820558600958304,1.1075120533129683,False,0.0,0.0,True,1.0,2.8831660747528076,0.0,0.0,0.038779669808191,0.038779669808191,0.8715124562958613,0.8715124562958613,0.5947976785916095,0.5947976785916095,0.5039413623943526,0.5039413623943526,1,True,True,True
811,20260711,edge_fog,22,26.144070813516496,0.5167249010926727,1.759312177573989,0.27018702598100547,0.12012553346311682,0.8925275197998264,1.207440631692204,0.23717783682852744,1.0175982227654115,5,18,0.795949686628894,0.03572220454176832,0.025889884314798085,0.813777301706527,True,0.00035900741690866335,0.00035900741690866335,True,1.0,55.21945795044303,0.0009247015119284029,0.0009247015119284029,0.03395799012248326,0.03395799012248326,0.8374279724610442,0.8374279724610442,0.5007127120304556,0.5007127120304556,0.5006325487572858,0.5006325487572858,1,True,True,True
812,20260711,fat_tree_k4,17,19.868380565714205,0.5242093846319205,1.759379278778636,0.4157792911645349,0.037985461989737165,0.7190629070635179,1.7078468765702604,0.6467453482979078,2.8689160509529787,14,7,0.7717747650971775,0.024533890262020824,0.017664841259308752,1.3252982037029726,False,0.0,0.0,True,1.0,30.24670807644725,0.0,0.0,0.033215644076068945,0.033215644076068945,0.8639399747221084,0.8639399747221084,0.5978499161517071,0.5978499161517071,0.5014439349690236,0.5014439349690236,1,True,True,True
813,20260711,nsfnet,13,15.36548924163692,0.5116808160269964,1.7822481181714764,0.5153800179830101,0.18002128729446754,1.5773635760760794,1.5752779558647048,0.45715946803322005,1.4682118372248025,5,3,1.0276126208782876,0.03039515694943007,0.04492521693830347,1.4928514943028515,False,0.0,0.0,True,1.0,12.980208033695817,0.0,0.0,0.047853935267882564,0.047853935267882564,0.8733316752365798,0.8733316752365798,0.5024456522870018,0.5024456522870018,0.5024456522870018,0.5024456522870018,1,True,True,True
814,20260711,geant,14,16.959505823700454,0.6401573708720427,1.668956182233075,0.47943305292192234,0.6106326335047869,1.7776055557287838,0.9193235242429623,0.6142941748396479,2.3864777802525934,6,20,1.108971440511615,0.016276769010697377,0.04788791093302692,1.0581030393399464,True,0.06606569275024644,0.0,True,0.0,97.32479194644839,0.2592007102729922,0.0,0.04072962699416147,0.03624090353811053,0.84435741290502,0.8958585350972517,0.6384363313603358,0.5750790546196327,0.6384363313603358,0.5013881796968143,8,True,True,True
815,20260711,edge_fog,20,24.080375019590637,0.4519908252876254,1.7287470235782532,0.3254376258207849,0.40959349818722457,1.021188190288059,1.1817982955792565,0.2690426226085082,2.883461013968137,13,1,1.1504399523532225,0.025352893136621008,0.04383181956418802,1.496672848427353,True,0.07622624980872457,0.0,True,0.0,111.44937493372709,0.23880935852033672,0.0,0.03699317577327423,0.0316999039459605,0.8276025229166114,0.8864368224245478,0.6205459781096645,0.5020232219448926,0.6205459781096645,0.5020232219448926,8,True,True,True
816,20260711,fat_tree_k4,30,34.6411299466458,0.4501339152139564,1.7570316408650826,0.4026779128055963,0.6021773067735998,0.8778943021340807,1.0365896021514986,0.5104664631404336,1.586314023913934,13,11,0.944895154452375,0.018076316086131104,0.03704875872936031,1.106573203135647,True,0.017152851153897745,0.017152851153897745,True,1.0,50.96449994016439,0.05100329867608283,0.05100329867608283,0.028779325994247894,0.028779325994247894,0.8293936841299173,0.8293936841299173,0.5925560052563986,0.5925560052563986,0.5298511499271101,0.5298511499271101,1,True,True,True
817,20260711,nsfnet,11,13.319230612988484,0.5199873638364888,1.635281286713878,0.042499300084780096,0.2807564412498252,1.5498830383943858,0.8425782903470753,0.5610964321251714,2.2746250972627142,0,9,1.1060732443372192,0.026599988132523053,0.011590672113538565,1.1138190250430229,True,0.24403676542326327,-0.002234143839544597,True,0.3499999999999999,31.54200001154095,1.0,0.35,0.10244663144499594,0.057527895089421334,0.886163723231614,0.8419558661434362,1.0705834647796828,0.6835408870433792,1.0,0.6835408870433792,4,True,True,True
818,20260711,geant,13,13.272877113391417,0.5625463399086456,1.7352294652620617,0.5251051172359488,0.18063180353132935,1.3017535761482564,0.8212497206647791,0.6058621760016848,2.293597526633045,17,2,0.8602416964522948,0.015320490596945176,0.018917658297618312,1.4453213498015287,False,0.0,0.0,True,1.0,14.997915946878493,0.0,0.0,0.039116247464525924,0.039116247464525924,0.8771574732685083,0.8771574732685083,0.577230627310138,0.577230627310138,0.5771498774752071,0.5771498774752071,1,True,True,True
819,20260711,edge_fog,14,16.515605464963485,0.45191334036344855,1.6602195425542958,0.5026129115834244,0.1743269800133045,1.206246867992702,0.597640386458856,0.12033007860888398,2.807693641308655,17,2,0.7708047858480752,0.03300349305447771,0.040674070655472155,1.432342247876214,True,0.0034434869901024128,0.0034434869901024128,True,1.0,58.866041945293546,0.013504399285691323,0.013504399285691323,0.03456000593379409,0.03456000593379409,0.8789249487151217,0.8789249487151217,0.6593779143883299,0.6593779143883299,0.5069584951852182,0.5069584951852182,1,True,True,True
820,20260711,fat_tree_k4,12,13.55641121712197,0.6079473633661401,1.6236240114554776,0.25975606816554636,0.7041365254473189,0.7321406013540136,1.2471395583217029,0.4674556183772627,1.249017618324579,3,6,1.0471656964277323,0.025863553840725376,0.040722463393589765,0.9736674312901985,True,0.04554092331926208,0.0,True,0.0,564.7117920452729,0.1285207044040328,0.0,0.03603760175900162,0.03609027901803746,0.8647510445770785,0.8653667731041809,0.5658487709470994,0.6350731361031652,0.5658487709470994,0.5011518279230704,8,True,True,True
821,20260711,nsfnet,13,13.63566519194895,0.5147411412878684,1.631952128097599,0.3340701715474743,0.33580596725663525,1.6188325755568065,1.2983262347887288,0.473982990045527,1.727280655783748,9,8,1.0892205920576865,0.019778690184922596,0.008983138784809875,0.7143985051176078,True,0.0505425933979608,0.0,True,0.0,62.89595796260983,0.14061162458829574,0.0,0.05289736602469482,0.049691631907339356,0.8915873588397993,0.8686987605050561,0.5739777641165875,0.5050928955041712,0.5739777641165875,0.5050928955041712,8,True,True,True
822,20260711,geant,14,15.32024837798035,0.45471261602277563,1.6296617883596078,0.3539220652651998,0.058298224225096895,1.5266591670438485,1.7391604981502748,0.5344820188650092,2.8589579532607687,3,11,1.1059476358504272,0.029708577456615343,0.02934400632919303,1.3639900857535097,False,-3.4200954026184344e-08,-3.4200954026184344e-08,True,1.0,64.6009580232203,0.0,0.0,0.03658317022982917,0.03658317022982917,0.8761997883954409,0.8761997883954409,0.51233430275638,0.51233430275638,0.51233430275638,0.51233430275638,1,True,True,True
823,20260711,edge_fog,18,18.877559186395267,0.5301940353047468,1.74796573198245,0.07193542633224205,0.5101892825192007,1.3259792828845152,1.423358647272104,0.37569755405681615,2.1398318944625005,7,11,1.101847679053527,0.035492602597636494,0.02163626007341058,1.3974266929079462,True,0.10974007347905686,0.0,True,0.0,98.75887492671609,0.29661736294912777,0.0,0.04219199916199342,0.03337015256598098,0.8794721888011114,0.881897558731971,0.727912239165356,0.5024022497430171,0.6503437460675708,0.5024022497430171,8,True,True,True
824,20260711,fat_tree_k4,4,4.474688549190681,0.9258708554874144,1.4266780118065905,0.3604662269209343,0.3956626896678095,0.73706341531746,1.4537674547336723,0.2950393854300537,1.9589209092344992,12,23,0.9030513520758945,0.027258691124832927,0.023787305742408997,1.0479860899473095,True,3.0011094745225403e-05,3.0011094745225403e-05,True,1.0,31.518458970822394,6.93193340423149e-05,6.93193340423149e-05,0.057487400818789655,0.057487400818789655,0.8742357567179332,0.8742357567179332,1.3188329190116768,1.3188329190116768,1.0,1.0,1,True,True,True
825,20260711,nsfnet,8,10.261818710942254,0.6767805000096289,1.6859007072704582,0.32692806567494354,0.5739296109692807,0.6915688961084265,2.019377397797648,0.5731603294086823,2.6297503008710406,11,1,0.7504864077119071,0.03161088321759019,0.02885367356529613,0.8326822909505301,False,-1.6388244100702033e-06,-1.6388244100702033e-06,True,1.0,5.847249994985759,0.0,0.0,0.05027098695723002,0.05027098695723002,0.8854926486190545,0.8854926486190545,0.5043695761885559,0.5043695761885559,0.5043695761885559,0.5043695761885559,1,True,True,True
826,20260711,geant,22,28.475169273909827,0.47908460246143736,1.779431163109649,0.37381930556914306,0.111045103389932,1.3419025350641827,1.5464442439294386,0.2856674503167663,2.1480682950205194,14,9,1.2406515604170543,0.025402354090538946,0.020968872177048528,0.9919109782229416,True,0.053597193076917744,0.019987662443215506,True,0.09999999999999999,126.26729207113385,0.15260508025958444,0.05988344015527037,0.03611651961214263,0.03317994577017067,0.824364211140375,0.862751889841779,0.5816030932008197,0.5355091108007021,0.5816030932008197,0.5355091108007021,7,True,True,True
827,20260711,edge_fog,13,15.48901891330077,0.5321523424348521,1.7638577875808856,0.45135683792875225,0.43752858045594933,1.1566243703290628,2.0515396448741643,0.5298809795362264,2.9236809474385557,17,7,0.9845991858425724,0.036463615031331546,0.009723572576543726,0.9087504759591123,True,6.969710364254778e-07,6.969710364254778e-07,True,1.0,86.74745901953429,0.0,0.0,0.03714976397790649,0.03714976397790649,0.8785342984944237,0.8785342984944237,0.6043498576265405,0.6043498576265405,0.5039020399535448,0.5039020399535448,1,True,True,True
828,20260711,fat_tree_k4,6,7.067271461079007,0.8182345205956507,1.6094073625857,0.09177586776522623,0.5917730729234523,0.7593932586212505,2.019428217130459,0.5850607237667161,2.757735709368216,27,31,1.1955432962840182,0.017024668737231095,0.049186174273985646,0.9080200203262567,True,0.026674051467697076,0.0,True,0.0,486.0937499906868,0.059463887127467384,0.0,0.04491844467586775,0.04665677815310871,0.895702077851395,0.9060953273699799,0.8726923365850595,0.8726923365850591,0.6564951698047966,0.6564951698047966,8,True,True,True
829,20260711,nsfnet,9,11.115009114153626,0.6768657625117032,1.7921616045926119,0.5338507229599628,0.20378229829647518,1.4804686748900666,1.780623387312828,0.16624900968645417,2.1918928690164403,10,8,0.8622627141882137,0.01595818929285197,0.020328273766932636,1.005560898744349,False,0.0,0.0,True,1.0,94.5257080020383,0.0,0.0,0.051071715095016,0.051071715095016,0.8899128282404831,0.8899128282404831,0.5041729552760279,0.5041729552760279,0.5041729552760279,0.5041729552760279,1,True,True,True
830,20260711,geant,17,18.104058243949467,0.5083375056354573,1.7077277441295458,0.2986538676310452,0.1894405699507352,1.6103702242967368,1.1113332924866024,0.5658504267460455,2.6747143572458576,20,9,1.3013495328496607,0.02360062829372893,0.021037137885006885,1.3569272005730255,True,0.1730504109680831,0.01582134324240281,True,0.15,118.05495899170637,0.6478181768688901,0.15,0.05875254814973425,0.03564762142912589,0.7642217060190261,0.8591023725036433,0.8261666413474021,0.5804747826021285,0.8261666413474021,0.5757532527472188,6,True,True,True
831,20260711,edge_fog,4,4.165323139020829,0.5100622300886958,1.3235158133266736,0.23410766419181517,0.6324791723089116,0.7537192234760854,1.3857326966123404,0.14760958154945847,1.694210096333752,11,11,1.1617585540456128,0.02895881495531451,0.017032188037660136,1.241359874446164,True,0.061608629035766194,0.0,True,0.0,263.5189580032602,0.16920108747609677,0.0,0.04219565052252867,0.03923351859655512,0.8977618164220916,0.9206709498874085,0.6520127347320844,0.5500458294853654,0.5887829836945734,0.5017193204336738,8,True,True,True
832,20260711,fat_tree_k4,18,21.664488208343833,0.6440319373762072,1.7886258785556624,0.12258624327887066,0.09089591837295279,0.8859026205984329,1.3570858166872528,0.19712008618128338,1.8653399201749947,15,2,1.2263240825062074,0.018204576957082615,0.01737174547794396,1.2786945472029974,True,0.18976322872615495,0.016295736597332324,True,0.09999999999999999,102.78483293950558,0.5551205396995947,0.1,0.04557138846616196,0.031465219161396364,0.8017121877763497,0.8550369858498268,0.8029555786724434,0.5797472690263111,0.7778421261288038,0.5512403873073461,7,True,True,True
833,20260711,nsfnet,10,10.79101198814775,0.4753058014040677,1.741852355467726,0.4323299467567113,0.6040179336867989,1.3444533190100456,1.7549148244121224,0.36762120269563636,1.1246725220773928,0,8,1.2665833686279866,0.031128924185007123,0.02257684834798991,0.8822155529233014,True,6.741664574841481e-06,6.741664574841481e-06,True,1.0,7.203083019703627,2.4696084519430502e-05,2.4696084519430502e-05,0.04963885662565152,0.04963885662565152,0.8474089414812628,0.8474089414812628,0.5024336129157712,0.5024336129157712,0.5024336129157712,0.5024336129157712,1,True,True,True
834,20260711,geant,6,8.427961949187681,1.034416182325083,1.7954526209295805,0.03700882965965807,0.5482057430123658,1.7501331461958012,1.172366644433094,0.286660160421087,1.554703114937252,4,1,0.999493147601764,0.0373021448634129,0.047922071777655006,1.245782704470019,True,0.14056222974050472,0.01938443354383753,True,0.1,53.3124579815194,0.4090326371611834,0.1,0.056938530839842634,0.05190483935692605,0.9315331135220585,0.8809744537637311,0.7217981330400868,0.5551255200980941,0.7217981330400868,0.5551255200980941,7,True,True,True
835,20260711,edge_fog,5,5.517766366993886,0.725216067082193,1.7261140186284143,0.3111625995648501,0.04687847098119707,1.209026758595876,1.3486003922790748,0.21549884294968058,1.346763506746853,11,4,1.1470863167441956,0.0203429989508953,0.021336945131098687,0.7595920448059964,True,0.08781504652833012,0.0,True,0.0,240.97133392933756,0.24495588904548424,0.0,0.04976971771961875,0.04523908256486447,0.8779510514411316,0.9227717131019807,0.8143598922564687,0.7467558370055325,0.6242050781435511,0.5033340998082041,8,True,True,True
836,20260711,fat_tree_k4,28,35.98007852389956,0.5559622885455804,1.7689735991330537,0.02643693033943765,0.11696266460291922,1.1021853290787034,1.7435767430484235,0.4091873483777443,1.4998327515340355,30,10,0.934206804559479,0.028601940488355036,0.047718391684226695,1.3042479767307862,True,0.036316735536737206,0.017606985955686855,True,0.14999999999999997,304.05879206955433,0.08067362643831624,0.03949793913435364,0.02625567924345127,0.02555255520793052,0.8842143997830663,0.8765072343895763,0.5460224017979468,0.5254055361186782,0.5460224017979468,0.5254055361186782,6,True,True,True
837,20260711,nsfnet,6,6.589641227769483,0.7980861608721788,1.4933681388438511,0.21517935049779519,0.5842177292913515,0.8690839900146634,1.440826107693479,0.5554255959469593,1.9758952940056294,3,3,1.2090488225724372,0.03996912900752438,0.01605506295197777,1.2113050536912922,True,0.08307227603744818,0.0,True,0.0,353.61274995375425,0.2332916207695161,0.0,0.05590306323954327,0.052877520366647196,0.866627669502511,0.8884491289110263,0.6167912277292077,0.5073220403199243,0.6167912277292077,0.5001967598241964,8,True,True,True
838,20260711,geant,20,21.40959180450543,0.5202501326339426,1.7105887524403935,0.34950807325555266,0.6675445717292711,0.7635966736908376,2.027370022043376,0.3751588815678183,1.976867523144138,19,6,1.3176313662485326,0.01602165794742503,0.049712326829166646,1.2309466257697448,True,0.0012514086784476488,0.0012514086784476488,True,1.0,50.924999988637865,0.0029474449688454206,0.0029474449688454206,0.03963534380898653,0.03963534380898653,0.8362708697905374,0.8362708697905374,0.5298640251706549,0.5298640251706549,0.520580386079525,0.520580386079525,1,True,True,True
839,20260711,edge_fog,9,9.096128259385186,0.6472602286871268,1.5470286506014268,0.21896173765001606,0.31366231727491295,1.3156463066603425,1.5225291795195268,0.5090529544843093,2.074864698343996,11,12,1.1265988609620166,0.03300149274958125,0.014068628316155986,1.0224459116960896,True,0.061675837522433385,0.0,True,0.0,115.9867919050157,0.1612164658867835,0.0,0.03773399801670942,0.03483385814110386,0.9149661596757017,0.9237590520893155,0.5890050601512494,0.5082949955480977,0.5890050601512494,0.5082949955480977,8,True,True,True
840,20260711,fat_tree_k4,21,23.797552273734993,0.46440515972239654,1.79574816367443,0.3379998661549916,0.23232639056297685,1.3486477610812657,1.8574004639488815,0.6134428250310133,1.0021147119173852,15,32,1.3051064478836445,0.023546984249967085,0.0140925053677297,1.2496964713219123,True,0.026238845698599193,0.01908686522437066,True,0.15,170.28429196216166,0.06459503349363206,0.047297935345267966,0.0293839260750433,0.028440116513185287,0.8886013337140177,0.8518010843719392,0.5355180728397406,0.5248656515827704,0.5355180728397406,0.5248656515827704,6,True,True,True
841,20260711,nsfnet,10,11.95319267027753,0.5215578631515149,1.6801115694613569,0.042827043771491824,0.10897789001264854,0.9951195435383557,1.4843039227201615,0.18753477518895478,1.0086173288282103,10,13,0.940742730199877,0.036290286757235474,0.041544358577784414,1.2290263395410106,True,0.08467874287507407,0.0,True,0.0,230.15879199374467,0.20262434865938786,0.0,0.051842309756777234,0.048437666560823225,0.8574995959025707,0.8796925724613925,0.6033314099923117,0.5008890278080156,0.6033314099923117,0.5008890278080156,8,True,True,True
842,20260711,geant,19,22.49444049127685,0.6495033554628717,1.751564802030148,0.3117599215866666,0.6013598479079832,1.6613514860587424,0.9392100767047038,0.5638767924735496,1.431461986642627,6,16,0.7898004914576131,0.03635036309306555,0.04259280100102651,0.8062157201065151,True,0.030870388321336283,0.01811458713395526,True,0.5,273.80329102743417,0.1064922649287395,0.06671953737602808,0.03565773075980004,0.03436234529390108,0.8852517863394768,0.8755108023783605,0.5617884465963328,0.5423953319147793,0.5617884465963328,0.5423953319147793,3,True,True,True
843,20260711,edge_fog,20,20.814697881171767,0.45417636897239844,1.7926797043963405,0.30103169501669,0.4691882651417785,0.6893293179386468,1.3304757147589554,0.5433828656006063,1.8074263083589253,6,9,1.19089346738541,0.015211925189272191,0.040422479401353746,1.4580320548650634,True,0.06542864514593122,0.0,True,0.0,251.26845808699727,0.19130826692906214,0.0,0.03368531506245103,0.031848840742445525,0.863215172868958,0.8835008405975626,0.5973759286243565,0.5023725913547799,0.5973759286243565,0.5023725913547799,8,True,True,True
844,20260711,fat_tree_k4,27,30.334729978084468,0.48578782816046906,1.7552030509537095,0.23722131445432904,0.39249389346007035,1.07661675323926,2.119692499412176,0.5689784160343446,1.0343238875513596,35,26,1.2242047236825735,0.0327926714625589,0.010137581584944284,1.3073663336332195,True,9.698345117588378e-06,9.698345117588378e-06,True,1.0,65.64012495800853,0.0,0.0,0.027846741988799047,0.027846741988799047,0.8694774202748768,0.8694774202748768,0.5004378666005069,0.5004378666005069,0.5004378666005069,0.5004378666005069,1,True,True,True
845,20260711,nsfnet,12,14.219447234631144,0.496061932783649,1.754356433991382,0.09798862815399487,0.32634817587251136,0.6783144367963775,0.9552520029906557,0.5002273586131943,1.6605977558832086,4,2,1.2862121935469726,0.03272255645370631,0.04375187265704922,1.0662662210755673,True,0.1672255667498119,0.019186174602740448,True,0.35,35.53508303593844,0.7124641850236517,0.35,0.08287282457518079,0.05185031772978451,0.7903555620906062,0.8880305715960864,0.8597262687039309,0.6786490603965023,0.8597262687039309,0.6786490603965023,4,True,True,True
846,20260711,geant,10,10.892115695394642,0.4799869671153643,1.6889293863409154,0.5123296644315563,0.7195215060216301,1.4786269111667216,0.29600049118097926,0.3881785924296717,1.8376188166197114,10,13,0.8664109871907322,0.03171419530513812,0.028755318157651085,0.7581807821697061,True,0.030965910048356457,0.018295106874436577,True,0.25,8.555958047509193,0.3345138011082539,0.23289108580183673,0.04663992079292911,0.03968098147968181,0.9260477852192518,0.920754980599939,0.6890042315835144,0.673469448942174,0.6890042315835144,0.673469448942174,5,True,True,True
847,20260711,edge_fog,22,27.862522008970522,0.468431987136172,1.7413345159155211,0.19030927206923123,0.27940801125553993,1.0539708170962427,1.9442994344210722,0.25418725944775006,2.884453307523775,11,23,1.0808679121612375,0.029172882677037604,0.0389347114161956,1.3571373860496445,False,0.0,0.0,True,1.0,83.71045801322907,0.0,0.0,0.033735385611397925,0.033735385611397925,0.8682338357434966,0.8682338357434966,0.5094964748668112,0.5094964748668112,0.5020341045582721,0.5020341045582721,1,True,True,True
848,20260711,fat_tree_k4,11,13.147620567768534,0.55841854380206,1.791821026879699,0.3356992835652182,0.11513815904506633,1.760112548233134,0.625337836662178,0.4121189356663002,2.789990670799393,29,26,1.323767359454353,0.0344135915552244,0.035515098445040715,1.1704691363323736,True,0.02539213626782739,-0.025168314916294586,True,0.75,1.3743750751018524,1.0,0.75,0.09213601567426974,0.07282526860522892,0.8134718169355759,0.7818130412273757,1.934261455442425,1.4671307277212122,1.0000000000000002,0.8767583631391539,2,True,True,True
849,20260711,nsfnet,6,5.554210512474322,0.521368330222416,1.4733383981763741,0.42805705865536486,0.7412913614952128,0.9886925106297351,1.9717689021009095,0.37989356674862007,2.354212557177144,4,6,1.3119406768649489,0.02543957336365333,0.04922400805060668,0.7935732790010842,False,-4.0860854691833024e-06,-4.0860854691833024e-06,True,1.0,103.19845797494054,0.0,0.0,0.05041565128753088,0.05041565128753088,0.9166883458101037,0.9166883458101037,0.5600708723412822,0.5600708723412822,0.5023315518660287,0.5023315518660287,1,True,True,True
850,20260711,geant,21,23.52593522370459,0.46208135369641506,1.778145195279382,0.2568608446392061,0.6177723498661929,0.9220407351978768,0.9855293182653524,0.6373080723465306,1.7741722399935071,8,5,0.9486148685217445,0.017624660820082034,0.01980609968142251,1.2820510686322861,True,0.06495815364614665,0.0,True,0.0,88.41637498699129,0.20613523143579038,0.0,0.0422937616325045,0.03502463638640405,0.8211751249877777,0.8826441796818693,0.6035317748580659,0.5026790522735334,0.6035317748580659,0.5026790522735334,8,True,True,True
851,20260711,edge_fog,13,13.889870021596977,0.5791647652655699,1.6164273435546035,0.54192198664065,0.11025924552799078,1.2077761182013407,0.257973556009814,0.4261356297661476,2.287146888282055,4,0,0.816494181049045,0.025146513964170232,0.020090155743324255,1.4210088692690797,True,0.07851718423647096,0.015809076266663273,True,0.3499999999999999,9.797082981094718,0.6920941131467747,0.35,0.05639073404946451,0.03552528167145958,0.8817885488332704,0.9100830891972034,0.8562924245448397,0.6854394626800928,0.8562924245448397,0.6854394626800928,4,True,True,True
852,20260711,fat_tree_k4,22,24.323253270113963,0.5128266075097315,1.77271697023708,0.3232080425476725,0.04073559664919549,1.6971515121720224,1.6720044484110081,0.36064507313411187,1.9664781059257415,7,16,1.1767318146847807,0.024130997506750466,0.029314357455810364,1.3541302118130127,True,0.025931381517761466,0.01937846095750072,True,0.35,69.61825001053512,0.06525174973043302,0.049019172773234976,0.03032315806763882,0.030222947649995356,0.8691908394514104,0.8671105938153563,0.534896765490462,0.5269733857085449,0.534896765490462,0.5269733857085449,4,True,True,True
853,20260711,nsfnet,14,15.18220928365472,0.49013621889635284,1.6248348056990345,0.06155592799646812,0.5800955137350395,1.790892002820554,0.33825909099282003,0.2786370257610999,1.9720390746977783,7,1,0.8012175650508284,0.015777937550705452,0.012069818378893173,1.106589878794026,True,0.09078628894544866,-0.02510815290518144,True,0.7499999999999999,1.0852080304175615,1.0,0.75,0.09345216138986637,0.07503092849299309,0.9094333562436615,0.793305878665277,1.0,0.8914092635114164,1.0,0.8914092635114164,2,True,True,True
854,20260711,geant,9,10.934604563054904,0.4751562693474268,1.782896594999842,0.06619210643602612,0.08056978598645029,1.4216148283906158,2.2082778608827827,0.31259898356617977,2.4788206764765333,3,14,1.2929138491785233,0.036569824201708574,0.024624374396492312,1.125706002360409,True,0.07052870774701157,0.0,True,0.0,48.97266696207225,0.16141276652770398,0.0,0.04115297314974133,0.04186385912862477,0.872959534316735,0.8897201933897331,0.5810821835732581,0.6724992873246538,0.5810821835732581,0.5210006079019234,8,True,True,True
855,20260711,edge_fog,8,9.012662616122006,0.49376865636970285,1.6356610265941065,0.2069748405979844,0.7401740189226287,0.7256499323843847,0.4104573909532341,0.6119508795535831,1.025857039492066,18,4,1.1814306262291154,0.017490417987416858,0.04309020756761569,1.4652639171199593,True,0.08004261974170128,0.01530668953664363,True,0.5,36.56054206658155,0.6233650667839412,0.5,0.058529482212254916,0.046833552070791484,0.8424932351188943,0.8764569422007835,1.0698718861777143,1.0000000000000002,0.8189295285428273,0.752375782145034,3,True,True,True
856,20260711,fat_tree_k4,4,3.938992045514449,0.461920630553451,1.5225028454887406,0.37952603389557416,0.03840300371204791,1.31515173203857,1.3648090985922587,0.44449600660729593,2.7248870183166964,3,28,1.0833684008155822,0.021575617739067673,0.0335144492939591,1.2493550317204773,True,0.029136389397865215,0.0,True,0.0,1314.0422499272972,0.07763911532568743,0.0,0.05789011626624622,0.05711500955078452,0.887470512593783,0.8950396499681397,1.3236895466758118,1.2990484838027658,0.9999999999999996,0.9999999999999996,8,True,False,True
857,20260711,nsfnet,4,3.2377855116777514,0.5655803004642694,0.9972777852293502,0.009074705314569859,0.6522624697771704,1.1426434314713565,0.8920698089832597,0.2678804781774273,1.1223600437143977,8,9,1.0522893639402384,0.03708883499031386,0.04800616579381347,0.7745044432192502,True,0.13091963843565152,0.0025474767680502487,True,0.15,12.902082991786301,0.5253069837500068,0.15,0.07791980089567394,0.06344626400269003,0.9428853933626787,0.9136753655480848,0.7836570729272164,0.5772419770065748,0.7836570729272164,0.5772419770065748,6,True,True,True
858,20260711,geant,19,24.721620641338436,0.517348961283586,1.7963956749638632,0.5118398349484852,0.6197571422291763,1.4221717053834526,1.1696520251164446,0.3193074870728261,1.2042148022284667,5,4,1.2401749940962552,0.03011263872847652,0.04433272952456336,1.1751117050229076,True,0.048064917738073455,0.0,True,0.0,150.02416702918708,0.17349982943142161,0.0,0.04206763627171454,0.038145480795068056,0.813814632098934,0.8490696710409872,0.5925146690978228,0.5021752234950989,0.5925146690978228,0.5021752234950989,8,True,True,True
859,20260711,edge_fog,18,24.16448995071553,0.7160298143425485,1.7718676435314902,0.08675125850675725,0.7397679101950417,0.8045309898171266,0.7268024738207666,0.5480715858407638,1.2418910642043457,6,5,1.330094180532135,0.019468069220925407,0.022876795414753747,1.1472866588590973,True,0.13741132084353647,-0.01910795545908608,True,0.3499999999999999,27.38166693598032,0.6946305319721592,0.35,0.05010059193027941,0.03644397814207329,0.7862492535407883,0.894576692620877,0.8473557897300799,0.6751197211870139,0.8473557897300799,0.6751197211870139,4,True,True,True
860,20260711,fat_tree_k4,21,21.35542654121586,0.5177696978779676,1.792271611732197,0.46685360380522034,0.3010922998056286,1.7082753734055829,2.010320013213163,0.21990501808507656,2.9650845671880672,1,29,1.1192234670951904,0.01500257988560363,0.015463399173458368,1.1821196416260968,False,-2.0616391119178197e-08,-2.0616391119178197e-08,True,1.0,98.0128749506548,0.0,0.0,0.026070877139783868,0.026070877139783868,0.8708339792993055,0.8708339792993055,0.500914118493552,0.500914118493552,0.500914118493552,0.500914118493552,1,True,True,True
861,20260711,nsfnet,9,10.647548556066658,0.6395599168109474,1.7443102038464748,0.17843851531033328,0.5569970577937735,0.656231690943973,1.4640268903616251,0.4352495069999427,1.7500347498351683,12,4,1.172065043959182,0.024298034328082578,0.03173555068035409,1.3865796365490617,True,0.06169205296264829,0.0,True,0.0,274.50341591611505,0.17542620823979246,0.0,0.052833496890735285,0.04897638919877683,0.8692059503526323,0.8677888086991141,0.5900646651307794,0.5170931866924349,0.5900646651307794,0.5022537808556211,8,True,True,True
862,20260711,geant,11,12.413953255260507,0.6799567828236652,1.692172746519008,0.2073065892844769,0.4345118482590358,0.7957745115344428,1.5416795545374855,0.18388076507403917,1.9106666753453514,8,17,0.8042100356640677,0.03911532203135835,0.04008540728654373,1.0277978187342334,True,4.600297809222488e-06,4.600297809222488e-06,True,1.0,64.96724998578429,7.866596896395907e-06,7.866596896395907e-06,0.03899670576832207,0.03899670576832207,0.8547289958397544,0.8547289958397544,0.5183635581074137,0.5183635581074137,0.5183635581074137,0.5183635581074137,1,True,True,True
863,20260711,edge_fog,19,24.93396451224803,0.6544477129743755,1.794850532483295,0.08446606507306796,0.5102993232771348,0.7001991495720717,0.9006360354131877,0.17238354220955898,2.3944249402104254,0,3,1.0000799618954779,0.03613592907212135,0.022474346465030506,1.2624564771058924,True,0.11716147170232803,0.015025604060337865,True,0.15,54.118750034831464,0.4106065553946167,0.15,0.04528893901283557,0.034952976322900266,0.836128565265329,0.854440184393124,0.7054560820140533,0.5803709007209579,0.7054560820140533,0.5803709007209579,6,True,True,True
864,20260711,fat_tree_k4,26,28.526577034985014,0.5762444173804375,1.6428875243117287,0.03044428847622677,0.4153270057704251,0.8086846778783501,1.9179248632146797,0.38119636376935173,1.3363664019678703,14,32,0.8920435073954944,0.03719421170283736,0.02036149974556995,1.1554596517135611,False,-7.42349349612689e-07,-7.42349349612689e-07,True,1.0,49.97720895335078,0.0,0.0,0.027716415096507952,0.027716415096507952,0.8654385774605703,0.8654385774605703,0.5012541914998621,0.5012541914998621,0.5012541914998621,0.5012541914998621,1,True,True,True
865,20260711,nsfnet,14,15.804512824941826,0.61589309474489,1.4771041345495584,0.43124883396729,0.6941182008814187,1.2703378345976877,0.42250929734753484,0.35467646095284044,1.6013580594032595,7,10,0.8023735529122925,0.02689714572191202,0.010273531931571819,1.4757158360175102,True,0.04024286760320053,0.01944514852355797,True,0.15,44.35754206497222,0.22746599612734653,0.13948312666098153,0.054692079686959834,0.05100905993754872,0.8433579944372025,0.9044561374973369,0.6180411198762641,0.5842702764982709,0.6180411198762641,0.5842702764982709,6,True,True,True
866,20260711,geant,18,21.98665324033714,0.5067162076485802,1.7323022479906076,0.2558525302054605,0.1479685873263254,1.064895949670859,1.9241238177463265,0.45091543135557866,2.8984827252730465,13,11,1.2216394392176884,0.02788620076276585,0.023975910162248357,0.8543135341458981,True,0.019108890943087146,0.019108890943087146,True,1.0,28.136459062807262,0.04558788672717509,0.04558788672717509,0.03478293182921962,0.03478293182921962,0.8534935771680909,0.8534935771680909,0.5236726097617727,0.5236726097617727,0.5236726097617727,0.5236726097617727,1,True,True,True
867,20260711,edge_fog,15,17.36829213692544,0.476511655489004,1.7566049051479626,0.4409731237283707,0.5755530133507516,1.1358743963952818,0.3145053070011452,0.42597835007106766,1.834434597631123,7,16,1.3199524862563203,0.026553392665700004,0.01074961221850698,0.7462097677482222,True,0.0685794716542292,-0.03126667755511697,True,0.7499999999999999,1.1544580338522792,0.998381153891697,0.75,0.07935192168474364,0.060807711050885976,0.8524358882795273,0.8051975365407387,1.8059367309759655,1.4045872115962856,1.0,0.8764307308447001,2,True,True,True
868,20260711,fat_tree_k4,30,33.207285604376814,0.537511765154268,1.688463197862202,0.46595784351043845,0.2204487719141261,1.134071591918175,0.8859506832534767,0.2928586964309702,1.257061557979206,11,27,1.3484569503528223,0.026719062081057662,0.03947797129326692,1.0383687406798487,True,0.1512898552781382,0.007757883073514296,True,0.15,97.68254205118865,0.6670417324870311,0.15000000000000002,0.053839661399600704,0.030389600861535963,0.7217985537755902,0.836869677811213,0.8677683497011068,0.5782405765253149,0.8407405610172591,0.5782405765253149,6,True,True,True
869,20260711,nsfnet,6,6.43907916562785,0.677985826099679,1.7790561255698738,0.41784696486165207,0.02365044522704981,1.6394586207686572,1.4514223080035384,0.3094756831411445,2.37673979948361,13,2,0.8828281660331678,0.039709331978598036,0.04421059670809836,0.7829308869474881,False,0.0,0.0,True,1.0,22.63512508943677,0.0,0.0,0.0527441356622041,0.0527441356622041,0.8986924138013251,0.8986924138013251,0.5855194301786341,0.5855194301786341,0.501337408906288,0.501337408906288,1,True,True,True
870,20260711,geant,7,7.667802362804105,0.48871521873450163,1.7957827394109878,0.4975237046196955,0.709906677527953,1.5975274908698864,1.2027567292805317,0.6076395268430889,1.3472400890659464,15,5,0.8029453340803152,0.018624401757325586,0.048426353005081926,1.2142101342125744,False,-2.2782549750415712e-05,-2.2782549750415712e-05,True,1.0,27.784541016444564,0.0,0.0,0.05073927927550908,0.05073927927550908,0.8646179619033586,0.8646179619033586,0.5163648255311861,0.5163648255311861,0.5013354172898753,0.5013354172898753,1,True,True,True
871,20260711,edge_fog,22,26.81151794964265,0.5436642189894655,1.7098761179825885,0.07449812923914154,0.6306698283625175,1.4965806383747955,1.783839775331717,0.6101643503805138,1.8357904905578186,7,11,1.1774086199433604,0.031092060719053197,0.022207096183479366,1.1678169815784385,True,0.07059223562641094,0.0,True,0.0,48.847290920093656,0.1758311127754641,0.0,0.037285300943486185,0.0353314381486138,0.8935697108925602,0.8768260494439496,0.5904203975989929,0.636590452989207,0.5904203975989929,0.5008127246448119,8,True,True,True
872,20260711,fat_tree_k4,21,22.270856290918196,0.4572165376861183,1.7171224671387335,0.5460557830394089,0.5614740000122541,1.505740498517774,2.0091420719033395,0.4466865796259467,1.8058491605796225,11,17,1.077148266188842,0.02329576502136775,0.01234586816973342,0.9065688499229554,False,-8.986639880765049e-07,-8.986639880765049e-07,True,1.0,29.09849991556257,0.0,0.0,0.03606234329445653,0.03606234329445653,0.8427792502367397,0.8427792502367397,0.738590421478013,0.738590421478013,0.5541433065703241,0.5541433065703241,1,True,True,True
873,20260711,nsfnet,12,12.347060379696416,0.5043570665548333,1.7627330826452898,0.4160083915046683,0.20886053223268417,1.0167053583993177,0.4893061827158274,0.10142605861298505,2.6001510396484204,6,8,0.8411672111784184,0.01909845387815478,0.02020843627040613,1.3677988127856697,True,0.08679557551558816,0.01661553068429307,True,0.15,133.7239589774981,0.41992679262432453,0.14999500592503798,0.06150411478353521,0.04876572904930043,0.8685087918384176,0.8738211305638972,0.7209841538815571,0.5916135268817113,0.7209841538815571,0.5916135268817113,6,True,True,True
874,20260711,geant,18,18.70327165411839,0.5107909518277405,1.751463038787031,0.007339469749339789,0.1541505113429446,1.4898030797528885,2.087438947488107,0.13338109703859996,1.8526116964450956,12,4,1.184549947553953,0.01841666960385635,0.009702232667062579,1.121749342444934,True,0.0612617883058617,0.0,True,0.0,106.99895804282278,0.138088761325976,0.0,0.040712459871607695,0.039154117506677175,0.861764633026543,0.8596792521572745,0.56980847990705,0.500607363920053,0.56980847990705,0.500607363920053,8,True,True,True
875,20260711,edge_fog,5,7.239782055763186,1.2464018281151485,1.7323401995586765,0.5135241869460088,0.11327391483014465,0.887074492783475,1.424481173825873,0.3909465459735194,1.0815134453884292,9,15,1.219369538368727,0.023848935075657114,0.023548539090020644,1.2343462357364383,True,0.007603167204724457,0.007603167204724457,True,1.0,95.17333295661956,0.0209505816588483,0.0209505816588483,0.03614019021777893,0.03614019021777893,0.9172420304289003,0.9172420304289003,0.5157875981710162,0.5157875981710162,0.5157875981710162,0.5157875981710162,1,True,True,True
876,20260711,fat_tree_k4,5,5.473504970924511,0.49405866486569616,1.6122372352689447,0.5205449932320668,0.12364705483392133,1.0926549137383534,0.6248305380885615,0.1264240750708708,2.811703627648253,17,34,1.0976261807394165,0.037849164472468194,0.0303548435468039,0.8091535221419353,True,0.12033588316319958,0.012863031947241532,True,0.15,31.597541994415224,0.5825692850337421,0.15,0.05993377270232761,0.045699195547870414,0.8645711886966305,0.9248222995379701,0.8207623277614366,0.6118329400682839,0.8207623277614366,0.6038867519313027,6,True,True,True
877,20260711,nsfnet,4,5.439823891034994,0.7399590038791082,1.578357489835608,0.36108463852462047,0.41246636167184064,1.4742096386698214,1.8672750620351515,0.427241185469308,2.404612789822567,4,13,0.812425327440035,0.018514604547020273,0.011877248804844512,1.0691678481405695,False,0.0,0.0,True,1.0,62.50120897311717,0.0,0.0,0.060022251454331474,0.060022251454331474,0.9122249204251419,0.9122249204251419,0.5738250832834174,0.5738250832834174,0.5738250832834174,0.5738250832834174,1,True,True,True
878,20260711,geant,11,12.977930836222136,0.6126376134117256,1.6921629145152637,0.43465695634521007,0.5726737473300869,1.0889490767074657,0.45240518748832836,0.37143888050894713,1.8878182621578008,5,21,0.9142136790162172,0.03864732382252456,0.04398148619086545,1.1683040818811157,True,0.05774401249462376,0.01200017899359268,True,0.15,63.89849993865937,0.35890861719546613,0.15,0.05142043531939084,0.042592924668042376,0.9026428031976207,0.8897557339730062,0.6871551441459135,0.578230761855546,0.6871551441459135,0.578230761855546,6,True,True,True
879,20260711,edge_fog,21,22.80753790043103,0.46743674909522087,1.7704017927417868,0.4070925230006784,0.1701565153011613,0.9384211503348154,1.2910352707567776,0.2531786044371996,2.521652248508955,18,17,1.0057357960250437,0.027850639857215614,0.022327208160140548,0.9451096603583258,True,0.0035798235138518883,0.0035798235138518883,True,1.0,71.86445803381503,0.009700802415139329,0.009700802415139329,0.032434527854180696,0.032434527854180696,0.8683448129053098,0.8683448129053098,0.5069632746219174,0.5069632746219174,0.5069632746219174,0.5069632746219174,1,True,True,True
880,20260711,fat_tree_k4,13,12.356197028194957,0.476031963211647,1.7988844171018166,0.2010890859126844,0.05747692062531615,1.5750267081174738,1.0089035421224553,0.17081531812535689,1.8602283870754237,33,19,0.8195908762435787,0.018527756473042747,0.048905228962624996,1.302759725881461,True,0.08134693121231147,0.0,True,0.0,234.1807910706848,0.22222900727891678,0.0,0.04196683917900196,0.03983616041690139,0.8487630721017662,0.8611698089224864,0.9068331035627076,0.7838267359168384,0.6254374353499611,0.5644546540419271,8,True,True,True
881,20260711,nsfnet,14,16.728065279465543,0.5310911519339754,1.7729339588883686,0.3529434311991523,0.6750496600163985,0.9830303080757933,1.75274503682477,0.39492955636896243,1.11249119036013,9,10,1.2949194027357538,0.018628818873391927,0.035365803381968756,0.7274489266604316,True,0.026091612512746408,0.018386001547179984,True,0.15,457.2334580589086,0.06782006189667568,0.048525226765267375,0.05062562041878199,0.05015152767141703,0.8512775360100174,0.8425892986737687,0.5341705665459026,0.5243921367144256,0.5341705665459026,0.5243921367144256,6,True,True,True
882,20260711,geant,12,12.796456754842886,0.5021459296769937,1.682863217450777,0.507445171133969,0.31638914078825087,1.1471671342075238,0.5138217950257562,0.48483516129243565,1.4369072029056869,7,0,1.0330411398557942,0.036965276765050833,0.033241234657258645,0.7299029356917082,True,0.08617216163410675,0.019612075352161553,True,0.25,55.77583296690136,0.5100090644937789,0.23919328739043427,0.055885502041878234,0.039528104796316334,0.8452444285988048,0.8901538777439864,0.7614031113492283,0.648179069953158,0.7614031113492283,0.648179069953158,5,True,True,True
883,20260711,edge_fog,11,11.916986402077239,0.537691253570759,1.5952998612117892,0.004694434277107207,0.5936638357898546,1.4952752258506088,1.1487954292456959,0.587994604308304,1.9002474737729387,23,19,0.9967277029707629,0.020825528679725223,0.021931644028648757,1.2485586860838735,True,0.15183614122447672,0.016089522059828196,True,0.09999999999999999,177.54983296617866,0.42975513014452527,0.10000000000000002,0.04442176374191993,0.033426817497219215,0.8370104421539261,0.9061772329183077,0.9071119763876047,0.6176570239592332,0.7180731366728127,0.5525313800839565,7,True,True,True
884,20260711,fat_tree_k4,16,18.445787688964906,0.5785272456905951,1.7521754496779038,0.32976511637958483,0.4654038738091314,1.3267924174137455,1.2868290161558331,0.17373752748822716,1.4311071014155992,26,28,0.9917912103514637,0.026800088331727454,0.022985930876868933,1.0165889712405956,True,0.020828770358321348,0.01427506379420258,True,0.5,109.33887492865324,0.054804198165000324,0.03859846040832906,0.030036712267520683,0.030227591047994523,0.8837899111365161,0.9110727838525645,0.5361510113185959,0.5543847910116281,0.5284789177667886,0.52048883244965,3,True,True,True
885,20260711,nsfnet,11,11.44669078623225,0.5027513049878378,1.7473156340158074,0.3344657496430713,0.08374424312717474,1.04924723747932,1.960119161839544,0.40221951378664167,2.595317608924681,10,7,0.8045663507354717,0.01991016641044025,0.026669760702294425,1.0840439786199707,False,-1.2189936613153881e-06,-1.2189936613153881e-06,True,1.0,17.03629200346768,0.0,0.0,0.04400419606843932,0.04400419606843932,0.9049711661418887,0.9049711661418887,0.5024544901546207,0.5024544901546207,0.5024544901546207,0.5024544901546207,1,True,True,True
886,20260711,geant,10,14.035105635677994,0.8722320989404057,1.7678723331870383,0.2713922003575098,0.6658356173506019,1.0423687295344715,1.5833710755733994,0.36490759960926533,1.7968225865215104,6,9,0.8684458069970721,0.035700681431321483,0.040319954005377565,0.9110611592595268,False,0.0,0.0,True,1.0,102.63762506656349,0.0,0.0,0.03602663786900618,0.03602663786900618,0.9028108775464856,0.9028108775464856,0.5423874791073885,0.5423874791073885,0.5039565386397256,0.5039565386397256,1,True,True,True
887,20260711,edge_fog,25,29.83719298959995,0.48074896507542386,1.739920735493182,0.10021704840920843,0.05346390262055292,1.2779891556003424,1.5152120235753694,0.24198830462579363,2.3536806947968993,14,9,0.7800469579233917,0.028648500014111053,0.04308291006694278,0.8755456722435847,True,1.0338258085956086e-06,1.0338258085956086e-06,True,1.0,102.38629207015038,0.0,0.0,0.03165185197635484,0.03165185197635484,0.8480197437738226,0.8480197437738226,0.5009485546710944,0.5009485546710944,0.5009485546710944,0.5009485546710944,1,True,True,True
888,20260711,fat_tree_k4,10,12.667895294364985,0.4960711514866805,1.7874790827794895,0.373711434165505,0.40853159569332054,1.270788834019239,1.980439235431338,0.1820785900772036,1.2909407801447148,24,30,0.7939072951620024,0.022076749593624403,0.038322207301662393,1.3600875383793167,False,0.0,0.0,True,1.0,10.056667029857635,0.0,0.0,0.04086883856779398,0.04086883856779398,0.910128529474508,0.910128529474508,0.6478913047582151,0.6478913047582151,0.5067882216300645,0.5067882216300645,1,True,True,True
889,20260711,nsfnet,4,4.942401662658803,0.9825890494169762,1.4625369640436567,0.22315509883459972,0.10506570193172761,1.0105331857554565,0.5901574935763947,0.5087145025833083,2.939530338001604,2,12,0.9946147712557484,0.02677588153092597,0.03746538872004506,0.7883537253372455,True,0.16347600150622182,0.004006783310403685,True,0.5,2.419667085632682,1.0,0.5,0.10716128018389233,0.06967890843204308,0.9415733245396579,0.8901442548133346,1.0,0.7744715731998546,1.0,0.7744715731998546,3,True,True,True
890,20260711,geant,11,11.25733882445238,0.46958000060641686,1.521933506082745,0.48598240878063426,0.7373034817727566,1.1163301228497444,1.5599883900935474,0.32172035765616036,2.608279517547513,15,1,0.8872684300450752,0.015735576891327912,0.03503020561466314,1.252227688311353,False,0.0,0.0,True,1.0,214.85954197123647,0.0,0.0,0.03848106748133588,0.03848106748133588,0.8655387238423028,0.8655387238423028,0.5768199401060201,0.5768199401060201,0.5048723108242829,0.5048723108242829,1,True,True,True
891,20260711,edge_fog,17,19.8011826030946,0.5372645101300026,1.7823034640442743,0.5095087344968431,0.02006094982129001,1.5278541147841507,0.7688940063033296,0.2689502589891344,2.536127833897475,18,15,0.9428051316661441,0.02989451535356509,0.021931994522413623,0.8395267985123298,True,0.04806820628754631,0.020000967492752045,True,0.09999999999999999,170.99666700232774,0.1824438428463094,0.07765405813307551,0.035118087924128516,0.03329350127473056,0.8969701551762512,0.8768995270753418,0.5930066920535464,0.5407401673612396,0.5930066920535464,0.5407401673612396,7,True,True,True
892,20260711,fat_tree_k4,9,11.518744862795845,0.9505239981947109,1.6078758889925455,0.46583595378899845,0.6901390438166299,0.988790830005543,0.5500681022241878,0.45135007783534853,2.5875042730902065,17,30,1.090379241351396,0.018546214678048276,0.023062606447182957,0.8068893575344966,True,0.06989763249451501,0.006829404320435508,True,0.15,49.23466709442437,0.36776329268138797,0.15,0.040983208929070265,0.03812376675842048,0.8622806402439338,0.907360283768419,0.6852725035786705,0.6641671417958489,0.6852725035786705,0.5789248569530419,6,True,True,True
893,20260711,nsfnet,10,10.462192150228612,0.48747711722236314,1.7302131104050607,0.0965290197392872,0.5634628399232067,0.6681093330605711,1.3932886394563218,0.5315978788261617,2.4541549287172852,2,11,1.3352918105893985,0.03736030898331915,0.04480286845109383,1.2011341446329675,True,0.1097321975350244,0.014371360964745547,True,0.1,47.43283300194889,0.3556856448737005,0.10000000000000002,0.06997180939836223,0.05264618136444261,0.7734074572178348,0.874995695111336,0.6819577255657904,0.5523291518531808,0.6819577255657904,0.5523291518531808,7,True,True,True
894,20260711,geant,12,13.15892278087476,0.5770201647397202,1.690379282267841,0.5220750026405773,0.6602132796557673,1.1197014299352892,0.47773801268938865,0.3095516086317469,1.3272569253452702,9,6,1.1593442021439655,0.02703398154059205,0.045627730108949965,1.1308620008228416,True,0.07085269434369251,0.008438830890019811,True,0.25,83.84833298623562,0.48948571232200927,0.25,0.04707549635410732,0.04202981582236179,0.849100656917659,0.8711807397935412,0.7573049558263155,0.6371009087008703,0.7573049558263155,0.6371009087008703,5,True,True,True
895,20260711,edge_fog,18,20.6329098641804,0.5985580317614585,1.7002479462453561,0.11414573558564811,0.3285798743993862,1.66048622702654,0.5326434740703481,0.23692374445125342,1.0674891397433146,2,15,1.1298227989529235,0.018433241800791804,0.027741626917543977,1.061245734136992,False,-0.018452186100831224,-0.018452186100831224,True,1.0,0.659791985526681,1.0,1.0,0.0675044324214743,0.0675044324214743,0.8913030689625272,0.8913030689625272,1.0000000000000002,1.0000000000000002,1.0000000000000002,1.0000000000000002,1,True,True,True
896,20260711,fat_tree_k4,9,10.679395178889383,0.4764819168081276,1.7834754737817669,0.5175541758232044,0.3791714216298156,1.0089090831804397,1.1842474986020881,0.5724425340796787,2.5822522387832736,25,18,0.753517827192046,0.017201169274932895,0.03873823522104042,0.8812089076910121,False,0.0,0.0,True,1.0,3.2639160053804517,0.0,0.0,0.043513332057983786,0.043513332057983786,0.8889661896296854,0.8889661896296854,0.9277962153254412,0.9277962153254412,0.7155260679552066,0.7155260679552066,1,True,True,True
897,20260711,nsfnet,6,7.353237686487077,0.979316521773486,1.7819284031865958,0.2348383228090057,0.46589075913549816,1.6518568476883355,1.4062791202835758,0.31129444113470867,1.3452961405601485,12,12,1.2702314962154526,0.03865563393716939,0.03171503663608646,1.3026289084347913,True,0.10588682573340744,0.0,True,0.0,46.7877920018509,0.32249541415957894,0.0,0.06993298823250088,0.06503366692106093,0.826118090234579,0.8661728858797475,0.6714174110531227,0.5449204625823095,0.6714174110531227,0.5361222754336347,8,True,True,True
898,20260711,geant,13,13.045205427501902,0.45643515744126817,1.6928859654377988,0.09016493464018462,0.3191206559928649,0.9329117191338008,0.3592359490752213,0.3393834668925488,2.9536847497085414,8,1,1.2078856276117114,0.03334819299833604,0.043669707241248176,0.9572597319066085,False,-0.160706412961164,-0.160706412961164,True,1.0,0.4443749785423279,1.0,1.0,0.07562565798685496,0.07562565798685496,0.8785541737591702,0.8785541737591702,1.0,1.0,1.0,1.0,1,True,True,True
899,20260711,edge_fog,23,29.95569365076439,0.6779886931085423,1.7938897715767617,0.522981767222751,0.375983791110392,1.01078815661252,0.4046140252540489,0.380894736894949,2.9082279566821216,13,24,1.183564582208164,0.019047686538575838,0.016662155637598708,1.023119849629958,True,0.0881479911572639,0.016075192874714216,True,0.5,68.79024999216199,0.727167089505448,0.5,0.06096893107996179,0.046251016781689934,0.752402406997461,0.827036908818049,1.3333774453574778,1.046765769526066,0.8694348002671547,0.7544172694271665,3,True,True,True
900,20260711,fat_tree_k4,11,13.250065680556062,0.5527831472303664,1.5414975871659975,0.13711019185244885,0.2311508982879254,0.9523378372763203,0.7674443619294415,0.3258287071126606,1.226987312302886,34,13,0.9069219184093238,0.028990134462833817,0.02888453234071631,1.1285078350866538,True,0.15593565455193767,0.011859167604969788,True,0.14999999999999997,64.60587494075298,0.5714261914845399,0.15,0.05831873930216154,0.03365365655336862,0.8145123875601922,0.884927967986957,1.1428523829690798,0.5828146955793937,0.7868943961202751,0.5828146955793937,6,True,True,True
901,20260711,nsfnet,13,18.12969509846545,0.5533833088407967,1.7693205421940237,0.17277155729117322,0.7110728728735348,0.8989041988409319,0.5534927169595514,0.4624241150222189,1.0917824680700066,8,6,1.0448054504969264,0.03732969407468276,0.041194920012995365,1.4569110728285715,True,0.0951874857871267,0.012003791828128541,True,0.35,50.61000003479421,0.5509552533620538,0.35,0.07444278581533391,0.05293762251204881,0.8363320168704513,0.8390915762800327,0.7947818638941586,0.6922937114993809,0.7947818638941586,0.6922937114993809,4,True,True,True
902,20260711,geant,9,10.695768887816827,0.584379997813127,1.6383601927716573,0.39178468651814674,0.5104384561904011,0.9294395636696826,0.27314004346312015,0.1919457752356039,2.5964013644858728,3,18,1.0563980089993887,0.021806373300884824,0.049348040629619526,0.9618404149284228,True,0.06382102904694058,-0.01424783135294545,True,0.5,39.74179201759398,0.729626218934698,0.5,0.05619639663044321,0.04839459082192319,0.8311200079848655,0.8618219328061245,0.8996766059473933,0.7701720044609555,0.8996766059473933,0.7701720044609555,3,True,True,True
903,20260711,edge_fog,19,22.250817655242894,0.5818440723910734,1.6963185319245988,0.402905254678735,0.15987338178602087,1.7243435120488728,1.0290957970254353,0.3062924331203085,2.906816274387251,13,12,1.1004056989566426,0.03842473329262162,0.045619601266272694,1.3136679242284188,True,0.09238066175934913,0.0,True,0.0,64.5283330231905,0.3090935692395513,0.0,0.0386780052081602,0.03220757393709747,0.8487603195752028,0.8938458606518874,0.6594661082375978,0.5742369321611788,0.6594661082375978,0.5049752564031456,8,True,True,True
904,20260711,fat_tree_k4,26,30.78469364640144,0.4505124073494239,1.788000118909574,0.29754999462334053,0.4809599392825834,1.4916618560958954,1.866933497380098,0.3601525705311549,1.2237606352465304,16,16,0.9018077923287787,0.029071498644969405,0.04497044738005967,0.9579582732437282,False,0.0,0.0,True,1.0,33.235833048820496,0.0,0.0,0.03002247931794887,0.03002247931794887,0.8637633289438981,0.8637633289438981,0.5776849353442478,0.5776849353442478,0.5221207410151841,0.5221207410151841,1,True,True,True
905,20260711,nsfnet,11,11.353923119225078,0.5061796049535563,1.6899653622002146,0.5059738541547676,0.549225142349008,1.7134342572646304,2.1634406749455746,0.1744660474085276,1.1828738346130405,8,8,1.1722399868162785,0.032991795282245634,0.015187420579881337,1.3795096136811984,False,0.0,0.0,True,1.0,26.933583081699908,0.0,0.0,0.04949978133817595,0.04949978133817595,0.8897642533454184,0.8897642533454184,0.50289399008736,0.50289399008736,0.50289399008736,0.50289399008736,1,True,True,True
906,20260711,geant,7,6.293164446819936,0.5878092383743287,1.0124716598442725,0.18058412467707619,0.34097625432476547,1.4661842462666435,0.4533898109119463,0.5172094244615069,2.6586848406547734,13,0,1.1197451022864446,0.028113059095098238,0.04481791926432628,1.1234801784987578,False,-0.001933196381686692,-0.001933196381686692,True,1.0,0.2348329871892929,1.0,1.0,0.06810054803093737,0.06810054803093737,0.920098867233171,0.920098867233171,1.0,1.0,1.0,1.0,1,True,True,True
907,20260711,edge_fog,23,27.716990232385953,0.4769789750903541,1.7913148598143087,0.37759037736047624,0.3095194836035407,1.2176686995472257,0.39233398605489733,0.31660244762026457,1.2786202521571635,7,22,1.295118828831467,0.028947870536036084,0.03742163217682233,0.9684334942940414,False,-0.012047733857342287,-0.012047733857342287,True,1.0,0.8193750400096178,1.0,1.0,0.07808230819598617,0.07808230819598617,0.8681305074732011,0.8681305074732011,1.8382265351889777,1.8382265351889777,1.0000000000000002,1.0000000000000002,1,True,True,True
908,20260711,fat_tree_k4,23,25.321427756834847,0.48056841955876783,1.7613539217996186,0.5053673015418174,0.3614146197389134,1.1971601830877223,1.2777373304942488,0.2599746131716063,1.499457924211123,35,16,1.0907481402517292,0.031043537492555496,0.014043192131396189,1.4413807820775655,True,1.037770058420325e-06,1.037770058420325e-06,True,1.0,41.398749919608235,0.0,0.0,0.03254731609785445,0.03254731609785445,0.8496065744257457,0.8496065744257457,0.5577969073155826,0.5577969073155826,0.505146816477116,0.505146816477116,1,True,True,True
909,20260711,nsfnet,13,13.92651406570256,0.5970710071119976,1.6233372563659372,0.2652207026287845,0.40199916008627895,0.7956894517130672,1.683088338657097,0.535995997081306,2.9208148301680934,11,13,1.3358564748115123,0.02857890503090893,0.04999560244321963,1.4839850768990073,True,0.06283786526736493,0.0,True,0.0,106.48366692475975,0.17227062071217922,0.0,0.049200946559992235,0.049584951277332104,0.8399104147661934,0.8774937684685091,0.5875826655814899,0.5108997903536853,0.5875826655814899,0.5035715333711779,8,True,True,True
910,20260711,geant,9,11.737999956770135,0.851956619835533,1.6698261385356208,0.3742489917473401,0.2526339421113928,0.8071180017693307,1.5206940973507128,0.37342630357786744,1.8858113281839286,18,19,1.2446622794494797,0.0218012828335618,0.01670656891246432,0.8813010682845336,True,0.044727987503004406,0.0,True,0.0,64.64825000148267,0.12852576059484414,0.0,0.044049175923764984,0.04056080014669748,0.911297777384617,0.8826773546913671,0.5689092791456297,0.5001644059378554,0.5689092791456297,0.5001644059378554,8,True,True,True
911,20260711,edge_fog,24,26.888857922707434,0.4805679467581455,1.7873529317401848,0.5291929553075755,0.42114448417221306,1.1169511963921548,0.8368832584198875,0.6186893461240294,2.2496214785491633,15,15,1.0384952723249485,0.03673909011632073,0.01140971355880037,1.1708137914590266,True,0.03877956846436616,0.0,True,0.0,80.29249997343868,0.14444486178795674,0.0,0.03436919604342021,0.032584854083391145,0.8920392467608595,0.8704924516890731,0.573251934044859,0.5051809551639647,0.573251934044859,0.5015196202131815,8,True,True,True
912,20260711,fat_tree_k4,5,6.130050577156552,0.8261409753012743,1.6532009485480614,0.09268943932009165,0.7060291817127277,1.0965524868477934,1.9930193348359209,0.3184413548159052,2.4040780638909593,31,6,1.1902719765354146,0.027712904018089266,0.03176032021770898,0.9396699367604298,True,0.029485640405515164,0.0,True,0.0,793.2522089686245,0.06624729257506219,0.0,0.04891373307155704,0.05050867115705024,0.8815453117890715,0.879319570059448,0.7331317953439953,0.7332355201993901,0.607548389559249,0.60742946664412,8,True,True,True
913,20260711,nsfnet,10,11.71595153728615,0.5057168617399466,1.7640582371341178,0.44893701025306587,0.1692307316765979,1.7780553215662613,0.9781526929788538,0.586795063374701,2.4310624703599837,13,9,1.3126031745864581,0.02459704519262222,0.011675951166803127,1.149898491684789,True,0.16065097828387467,0.01715464032986771,True,0.15,38.29858300741762,0.624968809498698,0.15000000000000002,0.07871576577119174,0.04943419976528118,0.759342845441392,0.907362072668784,0.8186188045823399,0.5813452571571718,0.8186188045823399,0.5813452571571718,6,True,True,True
914,20260711,geant,8,9.13196425889082,0.5378038940461789,1.7237862422345844,0.42776402885677,0.13415819987211713,1.7512879597374411,1.8657572118981756,0.16268832474543832,1.1333409167402455,4,8,1.2184663875214636,0.03240628432222949,0.026188444112801093,1.06486938574906,True,1.5439057443464454e-05,1.5439057443464454e-05,True,1.0,45.06791697349399,3.87894162627779e-05,3.87894162627779e-05,0.04985909372342485,0.04985909372342485,0.8281439271994523,0.8281439271994523,0.796857428063,0.796857428063,0.5868758016137225,0.5868758016137225,1,True,True,True
915,20260711,edge_fog,5,6.291755002897354,0.46117606893839236,1.6143411061739517,0.39165820643720134,0.09486797492527628,0.7742557758321545,0.25363756818740923,0.5985782704839965,2.2442049742232975,24,13,0.8505954412031143,0.03734225135563195,0.036148563339940556,1.468709892441104,True,0.061368328953633776,-0.003432668595120374,True,0.75,0.33125001937150955,1.0,0.75,0.07844601337156527,0.058795872982969434,0.8668619064783194,0.875117073069066,1.9999999999999998,1.5366492392604312,1.0,0.8792057175699313,2,True,True,True
916,20260711,fat_tree_k4,7,7.90606043106934,0.5495685938374161,1.6615264901357614,0.21174441130909247,0.03601832278123414,1.254360290920705,2.0086077511350915,0.3272030831199334,2.6238233326262748,9,15,1.0431012451228117,0.01584953406694491,0.009032765033560805,1.1977998676030637,False,0.0,0.0,True,1.0,91.23008302412927,0.0,0.0,0.0392259744699288,0.0392259744699288,0.8925312118127005,0.8925312118127005,0.6478565497459375,0.6478565497459375,0.5009204580011964,0.5009204580011964,1,True,True,True
917,20260711,nsfnet,9,10.860020475278564,0.6513911731987646,1.756411467379749,0.1543765130483631,0.5891035669940861,1.6434658846389025,1.7177876150969649,0.2694484069137563,2.9142154832355778,5,9,0.8895179664912102,0.03504178480855974,0.010667301266415005,0.8949734464128398,True,1.2199687830424378e-05,1.2199687830424378e-05,True,1.0,78.4417079994455,2.567081047167402e-05,2.567081047167402e-05,0.048073955891316966,0.048073955891316966,0.8668511519675497,0.8668511519675497,0.5036795904204673,0.5036795904204673,0.5036795904204673,0.5036795904204673,1,True,True,True
918,20260711,geant,19,21.929756214938106,0.4537116012832361,1.7650720346589635,0.4120541171842913,0.08746927592215602,1.7626395873377607,0.7721159008316532,0.5236225266574036,1.4506891286955932,14,7,1.1173914891518455,0.01598022518181937,0.026065497885779148,0.8797621939345754,True,0.137812448609819,0.013626648045656692,True,0.15,186.09616695903242,0.6500907832851761,0.15,0.061329828448698415,0.03678646041130079,0.8525746270883642,0.8550131122283852,0.8328165896336021,0.5856823651793833,0.8328165896336021,0.5856823651793833,6,True,True,True
919,20260711,edge_fog,21,24.327694130692677,0.5037052495908816,1.7394510960244383,0.07575924363074577,0.10506280513159157,1.45664791669077,0.5884269266226028,0.3765901206183233,1.4236355161550747,21,17,0.8272244796377113,0.03907950166742359,0.029247460628201244,1.321318919715329,True,0.18045641716239663,0.0008583155278869183,True,0.3499999999999999,26.031082961708307,0.9164782300161827,0.35000000000000003,0.0765199398995983,0.04240871766115263,0.7811472100575129,0.8447302284222996,1.8083654274340568,0.8819708351084076,0.9658564179491281,0.6801220654901245,4,True,True,True
920,20260711,fat_tree_k4,13,16.90970171120035,0.4723948047868555,1.7878314800885355,0.27472735748552235,0.7481860890824004,1.342150348604049,1.5091656028223452,0.6196376775601289,1.8091365986579526,20,25,0.8410915191689693,0.024320103771862653,0.0186952471229766,1.3107759425762056,False,-2.4105319221736506e-07,-2.4105319221736506e-07,True,1.0,42.050540912896395,0.0,0.0,0.040382108392480597,0.040382108392480597,0.8413878967113456,0.8413878967113456,0.7507298928058544,0.7507298928058544,0.5353575831122409,0.5353575831122409,1,True,True,True
921,20260711,nsfnet,6,6.9165656674454885,0.5491731359975427,1.78188353799801,0.0074906767657181355,0.4278978196864987,1.6621629848921926,1.39839014948192,0.32607838273470235,1.8577142283022192,9,0,0.8017314108664766,0.020666310945936593,0.040391718546030984,1.0470675021509221,True,0.07352610000105386,0.0,True,0.0,214.8768330225721,0.17021275982475936,0.0,0.06525422138758731,0.06360867719481614,0.8276965522366561,0.8553998656315026,0.5854436598090597,0.7439648809526009,0.5854436598090597,0.5558882822091511,8,True,True,True
922,20260711,geant,6,7.253923334011036,0.7352685387313072,1.7061689811977867,0.15255723785684414,0.7184248744384069,1.3561817904139741,1.364679189739477,0.36954189999274933,2.3293645942772176,3,10,0.7739607897234635,0.03868740261044154,0.02296865038543034,0.7918532890214708,True,0.0008285641794930983,0.0008285641794930983,True,1.0,69.06095799058676,0.0019138727080123313,0.0019138727080123313,0.04658880841017383,0.04658880841017383,0.8515991336764661,0.8515991336764661,0.731322520021725,0.731322520021725,0.5389532262269673,0.5389532262269673,1,True,True,True
923,20260711,edge_fog,16,17.45839773972138,0.46924364626816034,1.645435701256951,0.3902712174579933,0.03458022949782858,1.5812340909847833,1.7879022916462088,0.14988393529921504,1.6522596935068645,8,5,1.1517905772709534,0.01699110193527953,0.011803990199932581,1.140034179170156,False,0.0,0.0,True,1.0,4.198874928988516,0.0,0.0,0.03655856867880292,0.03655856867880292,0.8810617427357033,0.8810617427357033,0.5988723750505465,0.5988723750505465,0.5020348617985442,0.5020348617985442,1,True,True,True
924,20260711,fat_tree_k4,26,31.259172920107606,0.5260253968462356,1.772619805124197,0.18003576135974741,0.6099870964400483,1.4511206627211344,1.040696164739348,0.429031184867276,1.8749026128445212,16,0,1.1738102622043254,0.027698004675110084,0.041739820468309444,0.8051929448111895,True,0.14373202000952265,0.01387495028564989,True,0.15,255.2124169887975,0.5146607984093365,0.15,0.043321233148022185,0.02746120954636196,0.8299276016364113,0.8580051969506814,0.7617667125981644,0.5816772294415522,0.7617667125981644,0.5816772294415522,6,True,True,True
925,20260711,nsfnet,11,10.91881887923181,0.5255743241134202,1.606467483524179,0.39077264122547645,0.4976605258144052,0.9622236740421168,1.4419349816389606,0.40010322427396716,2.4850316116132434,13,8,1.2256459141274036,0.03323966840192695,0.013438242797877184,1.256249191043123,True,0.040408343550270384,0.0,True,0.0,157.87783300038427,0.11328052794743311,0.0,0.05273833333668045,0.05051938886932925,0.8855869131552697,0.8861751436364039,0.5610057764113664,0.504284046291329,0.5610057764113664,0.504284046291329,8,True,True,True
926,20260711,geant,16,18.651655884294,0.4926819922310272,1.7904617597570367,0.12288792638810656,0.022321249312528494,1.029539665958022,1.4540829583060415,0.5279558393698875,1.4412218422680123,2,2,1.3457394438202566,0.029735084576626426,0.047521073352016045,1.2274759870412506,True,0.1891116333130273,0.014443021835357462,True,0.09999999999999999,85.09649999905378,0.6125734471590402,0.09999999999999999,0.06023838705690106,0.03891552342809912,0.7556967092863613,0.8415539233052066,0.8080730506934078,0.5514150650072585,0.8080730506934078,0.5514150650072585,7,True,True,True
927,20260711,edge_fog,9,10.034521364454983,0.5316633391085769,1.6507173526844074,0.03909936640505715,0.27239808671658594,1.4061135824754891,1.3395649432942949,0.3212569365060609,2.7890455977480486,4,8,1.2226672954140017,0.02833634804207586,0.028527305592211564,1.1689039626732254,True,0.20427507993688504,0.019783228842851046,True,0.15,157.33829198870808,0.6106110314683609,0.15,0.046565053966323475,0.03446986047156692,0.8493044129639598,0.8985939102869697,0.8063829724299583,0.6261324844904289,0.8063829724299583,0.5758661685807968,6,True,True,True
928,20260711,fat_tree_k4,12,14.589766338679242,0.5335953676113588,1.795648703324305,0.4828415214659443,0.25779702749700845,0.8398395541675917,1.2320481116256015,0.438849148528781,2.9876727861639836,5,31,1.1480832331214075,0.0193868092227317,0.042056240127845236,0.8373753052014314,True,0.028451680070162633,0.0,True,0.0,205.94295801129192,0.08479526724145754,0.0,0.031162754216507795,0.03251855721310658,0.8793814800335708,0.8941410038444751,0.5440151844150803,0.5563353922658052,0.5440151844150803,0.5017178361540008,8,True,True,True
929,20260711,nsfnet,13,14.353654126544898,0.46620087235258106,1.75397906258107,0.07334893974578714,0.5691199671717316,1.4226397125394068,0.908025965683102,0.22404637118502765,1.2037824994070732,3,1,1.1721065167926488,0.021754839061806107,0.01549165694612117,0.9057603118747033,True,0.19268392631850553,0.00248349415875521,True,0.25,38.675416028127074,0.7435868490173293,0.25,0.08635616114186039,0.05128414523713007,0.7166767041728255,0.8990489080761485,0.8824521075511783,0.6367495185327018,0.8824521075511783,0.6367495185327018,5,True,True,True
930,20260711,geant,5,6.420698374862905,0.6530923627019771,1.7036497917793576,0.45407113723298775,0.685793735289238,1.2361137101008426,2.2345934942835877,0.1701413623639036,1.7310014623695325,19,11,0.9996943935903907,0.03441392031318974,0.013386772116467948,1.3884479028408303,False,0.0,0.0,True,1.0,130.46587503049523,0.0,0.0,0.051654155908746995,0.051654155908746995,0.8500989052669312,0.8500989052669312,0.5008583982887729,0.5008583982887729,0.5008583982887729,0.5008583982887729,1,True,True,True
931,20260711,edge_fog,4,4.767187142010851,1.0499625649018078,1.4917665246663474,0.505262131860242,0.7392511650880262,1.5656657412131751,1.0203376263783388,0.20027589931398992,2.276698383008663,5,4,1.3472362035848373,0.020064025947837537,0.01828107725998981,0.947022691299979,True,0.09496850327416263,0.01433485304280846,True,0.1,75.25762496516109,0.3513910340653699,0.1,0.04638827168376244,0.045613039509697376,0.940664164062127,0.9432216427180578,0.6771575307668493,0.6694044993054328,0.6771575307668493,0.5524431237505903,7,True,True,True
932,20260711,fat_tree_k4,13,15.330677942474603,0.5894495393825498,1.7642407487373835,0.14136534144592727,0.09200618485445632,0.8108137839373887,1.253105178476726,0.49251259431807526,1.6428275157495584,21,14,0.823249253918317,0.022319275961196143,0.010548840779335529,0.9794416044924885,True,0.040646298216089984,0.0,True,0.0,120.26666710153222,0.0966426536360275,0.0,0.03650504184032936,0.03554331821611881,0.8968570944794718,0.8749677806424652,0.7325851295543018,0.735652706359038,0.5509733932387284,0.534304345845597,8,True,True,True
933,20260711,nsfnet,9,9.547973238348742,0.5827624638079465,1.4452822477510072,0.2521265211335138,0.18032882068329245,1.4978239570491927,1.950817225424097,0.23914523639423504,2.5637257304745624,11,3,0.8606605543115138,0.020296971169017516,0.008342146742539943,1.3372902837570977,False,0.0,0.0,True,1.0,28.369999956339598,0.0,0.0,0.04963787050547135,0.04963787050547135,0.8951250347913813,0.8951250347913813,0.5000108046777707,0.5000108046777707,0.5000108046777707,0.5000108046777707,1,True,True,True
934,20260711,geant,13,15.888873713417235,0.7565115346925639,1.770173186937722,0.27312182449404176,0.6621852845433649,1.4470073965139711,0.47183924154859547,0.6263155918961975,2.0914034936146564,16,14,0.9822697992908414,0.024776419387491637,0.03224756984109714,0.7858275368976083,True,0.10103754189601284,0.005974205319418354,True,0.3499999999999999,50.01741705927998,0.6447192818999499,0.35,0.05250268351843138,0.04103674821686783,0.7918035221658115,0.8779671990634446,0.8243602179530342,0.6762274686603506,0.8243602179530342,0.6762274686603506,4,True,True,True
935,20260711,edge_fog,8,9.595217112773781,0.45104994266447085,1.769022962271709,0.3412031560140122,0.6779727223442811,1.5523932061008536,1.4649275907700845,0.29323684996775445,2.1557501478789414,15,19,1.0757405819695611,0.024637938643488944,0.03264355482544286,0.9167028408713128,True,0.013406158568801705,0.013406158568801705,True,1.0,67.19654193148017,0.03415996960313744,0.03415996960313744,0.03670895962785173,0.03670895962785173,0.9144380584313796,0.9144380584313796,0.5630122738877656,0.5630122738877656,0.5183519282969873,0.5183519282969873,1,True,True,True
936,20260711,fat_tree_k4,12,15.489699090766193,0.7345478200415436,1.7417165937796872,0.01281276110088901,0.1260342673287523,0.8318047910349882,1.2728406411483548,0.30699542440496647,2.7675546132136333,32,0,1.1571993386551465,0.03810604180040825,0.03343541570223269,1.400334909060688,True,0.20337658652112342,0.01179938879483148,True,0.1,33.63620804157108,0.6121368737051517,0.1,0.06158438318619234,0.03782711094017116,0.8550714579826405,0.8829601676829512,1.2242737474103034,0.797994893187073,0.8067223649251425,0.5548173751007288,7,True,True,True
937,20260711,nsfnet,6,6.998133356776397,0.6330681361394176,1.7904060350106672,0.41258792083163665,0.26438418780381595,0.8787529905486143,0.742651128673024,0.4535110165431,1.0200533382893042,11,6,1.2985829623078105,0.019722561031802175,0.03340812633512478,1.3466395034300191,True,0.1450719441851783,0.01749473272535722,True,0.35,96.0121660027653,0.7374801559059153,0.35,0.0772658069957641,0.056952182196893145,0.7965052151384703,0.8789928059647499,0.8727005169439681,0.7417317921360177,0.8727005169439681,0.6811526563226503,4,True,True,True
938,20260711,geant,11,9.283412105263677,0.4660276011743064,1.4232660337960417,0.03801479013008767,0.3315904651979171,1.3543549453602295,1.0615239561610907,0.5347026977365015,1.1216962595103728,15,3,1.1079220411235378,0.03573133718613244,0.02945757071585958,1.4687331041927085,True,0.18756455224446478,0.010625748859857696,True,0.15,56.149916956201196,0.6543700961242095,0.15,0.05909705774647482,0.04114563064247656,0.7707053051141765,0.8729354884547199,0.8271959278666283,0.6115330208921552,0.8271959278666283,0.5853714895916435,6,True,True,True
939,20260711,edge_fog,20,22.95390974262846,0.5569950551443892,1.7042096452763182,0.4663396833116517,0.21663153892079237,1.1499352182505869,1.5166320748517605,0.36121136738266746,1.3859765234097907,10,1,1.1481821173857003,0.03498025001845943,0.0250175349279553,1.4962179629721626,True,0.0001654098809107582,0.0001654098809107582,True,1.0,6.3530419720336795,0.0004343714968304954,0.0004343714968304954,0.033043637365122586,0.033043637365122586,0.8920069827580942,0.8920069827580942,0.5249626229417608,0.5249626229417608,0.5020915002895769,0.5020915002895769,1,True,True,True
940,20260711,fat_tree_k4,17,19.477282132681356,0.5915193709465137,1.7331229922404396,0.48473672887071345,0.2268567376219372,1.471848058641274,1.103340561662367,0.44419565279950957,1.014142664778682,31,15,0.9746909275122171,0.02383655297182101,0.04244942954604664,0.9314510827667564,False,-3.693492011272731e-07,-3.693492011272731e-07,True,1.0,38.46325003542006,0.0,0.0,0.029845286318998736,0.029845286318998736,0.8659453321053728,0.8659453321053728,0.5791495834732555,0.5791495834732555,0.5012700439317583,0.5012700439317583,1,True,True,True
941,20260711,nsfnet,8,9.022624478857818,0.46787016934621395,1.7395379421538117,0.2873354074958616,0.6546974544734547,1.6270813581378047,0.7087113059449062,0.40282362486960444,1.3943548182900458,13,10,1.1046787495680226,0.02200307444505964,0.02688401895795254,1.0424189683024776,True,0.1282917352543391,0.014740352425632307,True,0.25,27.450416004285216,0.5820111397414803,0.25,0.0783428463558061,0.05342164888046949,0.8109827078449526,0.9235045597850452,0.7939085555211384,0.625,0.7939085555211384,0.625,5,True,True,True
942,20260711,geant,10,13.63085290360609,0.6849505441103898,1.6989388098322484,0.5457935904269555,0.39080477925116613,1.159276162958671,2.236897380986582,0.6276667046175471,2.0135028329583085,19,3,1.0546724707475086,0.029745094126731132,0.008037419325146586,1.2948873460850163,False,-1.7282762099375485e-07,-1.7282762099375485e-07,True,1.0,17.889833077788353,0.0,0.0,0.04102145363431431,0.04102145363431431,0.8561751210522505,0.8561751210522505,0.5476440759756461,0.5476440759756461,0.5051938438876594,0.5051938438876594,1,True,True,True
943,20260711,edge_fog,12,11.943104310383617,0.490129465774716,1.5731747104138338,0.30377971803993675,0.6194533961052444,0.914889780536435,1.9610022622579515,0.3166149333392201,1.3510035216164071,17,0,0.8800173617832594,0.026769126257862104,0.030404158950379595,0.9597098656661449,False,0.0,0.0,True,1.0,118.61708399374038,0.0,0.0,0.0328146700313516,0.0328146700313516,0.912299638762762,0.912299638762762,0.5703472588375874,0.5703472588375874,0.5001340197065822,0.5001340197065822,1,True,True,True
944,20260711,fat_tree_k4,23,24.32710835199156,0.4893905830824764,1.7905134344758373,0.2892693533594718,0.6069489108433028,0.6812909728223866,1.8721930487184817,0.5508483247757121,2.3876883352635443,13,0,1.0104381592709075,0.016268832675320803,0.015352213714966997,0.840762111175186,False,0.0,0.0,True,1.0,28.615041985176504,0.0,0.0,0.029888998223180422,0.029888998223180422,0.8709607466287451,0.8709607466287451,0.6009193761741191,0.6009193761741191,0.5018825383859136,0.5018825383859136,1,True,True,True
945,20260711,nsfnet,11,12.540370563611031,0.5433950794035967,1.6951604739514485,0.18789926248584463,0.4482436828582424,1.0237844135406857,1.6849659375393362,0.360088409538561,2.5101663418594224,5,11,1.0140381393529143,0.020220979115032404,0.027359244626842586,0.8237971605169032,True,0.01413782714813852,0.01413782714813852,True,1.0,20.586083992384374,0.032656613424603076,0.032656613424603076,0.05172558343779275,0.05172558343779275,0.8314349670220028,0.8314349670220028,0.5203717634397358,0.5203717634397358,0.5203717634397358,0.5203717634397358,1,True,True,True
946,20260711,geant,12,14.104149093792296,0.5091394330562348,1.772790230228695,0.2640065370070563,0.13840035169209236,0.7219289463954167,1.747198715382098,0.322677584834996,1.893302776831839,4,1,0.9867953666690253,0.03277586138962858,0.031145664991537758,0.783192508840922,False,-1.2370299059451049e-06,-1.2370299059451049e-06,True,1.0,59.72770799417049,0.0,0.0,0.03968664482407122,0.03968664482407122,0.8597870220228475,0.8597870220228475,0.6992531570636376,0.6992531570636376,0.5030297656855439,0.5030297656855439,1,True,True,True
947,20260711,edge_fog,6,6.564298114564833,0.6445299511047979,1.6559519518972834,0.5236697990290743,0.6790588871753692,1.7089565463463905,1.1859484381084096,0.248992728398246,1.875604905276156,2,17,0.944339338710827,0.039967613169588204,0.020611032189407873,0.7314791319515469,False,0.0,0.0,True,1.0,17.176042078062892,0.0,0.0,0.0367324401169288,0.0367324401169288,0.9362762884543676,0.9362762884543676,0.6291468483696641,0.6291468483696641,0.5309596637147322,0.5309596637147322,1,True,True,True
948,20260711,fat_tree_k4,21,25.12502318817144,0.7152032434736892,1.7859301750794778,0.2283527567411343,0.15379194221414325,1.1441367762141406,1.7643530116142343,0.5610688047818725,2.0545638507807693,26,20,1.3227223525206757,0.02217078047246566,0.048181199533353584,1.320140686296319,True,0.08387809935061698,0.0,True,0.0,114.2862499691546,0.2180345946420394,0.0,0.033758227098474106,0.030547543153697832,0.8477303516155021,0.8690752432362574,0.6119670615769183,0.5028572408512247,0.6119670615769183,0.5028572408512247,8,True,True,True
949,20260711,nsfnet,12,14.196976968650109,0.5631254355136868,1.6873730776568818,0.5206486864453076,0.1638568987940906,0.8876294238299759,2.2033463886672084,0.11776923297493189,2.7031966942070644,11,12,1.1540502907608765,0.01689784153193309,0.00802460848159189,0.9159446616861819,False,0.0,0.0,True,1.0,125.37529203109443,0.0,0.0,0.05333863437088888,0.05333863437088888,0.8621641279695548,0.8621641279695548,0.5407956579833045,0.5407956579833045,0.5407956579833045,0.5407956579833045,1,True,True,True
950,20260711,geant,10,11.85721219646399,0.7353775865731058,1.7822379675937727,0.04466759323855283,0.08720474385779114,1.7567940255111059,1.7534639910129934,0.11324782639409299,2.3582445685156808,20,16,1.3361405635431851,0.023664704248031618,0.03569877273158245,0.9718512004545501,True,0.16500107963363217,0.0,True,0.0,130.56808395776898,0.44132401338235266,0.0,0.052793409752768784,0.03796045050611599,0.804121713185993,0.9313330570956284,0.730305361593007,0.5072946197805133,0.730305361593007,0.5072946197805133,8,True,True,True
951,20260711,edge_fog,23,26.280540038209747,0.4956599513644354,1.7944454131718013,0.09410016332316169,0.6634089452275991,1.0180031565024912,2.172852088057998,0.44130145502765883,1.9952550111603666,19,16,1.3333888714205697,0.0236494374195704,0.04161734436515884,1.4108292991402491,True,0.04424295770644883,0.0,True,0.0,142.1494580572471,0.10237087192541715,0.0,0.03429696086638938,0.0339547961833507,0.8628347936014092,0.8631860369516634,0.5539924007712475,0.5021195205558607,0.5539924007712475,0.5015591077066962,8,True,True,True
952,20260711,fat_tree_k4,17,19.34558977531767,0.47545447196603363,1.7881259483351926,0.01555644714811771,0.5510564568746871,1.458058773025807,0.8853716080622891,0.2323979430734074,1.553473835590826,31,26,1.1937498226586607,0.028157167730705493,0.013492416693798333,0.9979753924847783,True,0.2077753854317926,-0.00019411939551975497,True,0.3499999999999999,23.280999972485006,0.8510430275136899,0.35,0.07572205713427549,0.03923242246527421,0.7402045634914376,0.8499608565015419,1.6160287238201192,0.7622316428677118,0.9272683963585817,0.6764213858849675,4,True,True,True
953,20260711,nsfnet,14,17.893393646343632,1.0021870366369459,1.659689388595245,0.2354431644111617,0.599064011123067,0.8081854884492533,1.4972732441977448,0.432397643788088,1.9230889380733993,13,0,0.909142668543671,0.03821664228074134,0.02224422734903932,0.9525489432241212,True,0.0028411713396079607,0.0028411713396079607,True,1.0,17.44691689964384,0.006798493111561893,0.006798493111561893,0.048947555949921014,0.048947555949921014,0.8731622858613257,0.8731622858613257,0.506528935788101,0.506528935788101,0.506528935788101,0.506528935788101,1,True,True,True
954,20260711,geant,4,5.714636978150384,1.0873488406440508,1.765862783729989,0.48311669116376255,0.10963418590417773,0.7938956473300444,0.35657499028015227,0.600947478764692,2.9613713905944223,15,10,0.9328553995472488,0.016119223059830566,0.04415426388649785,0.914065279111868,True,0.08751221643665304,0.0069642431460256084,True,0.35,32.91391604579985,0.7351958066952728,0.35,0.06906546772328212,0.05089067737169992,0.8124298142376605,0.910976922423481,0.9802398047393749,0.7281518008302215,0.8940495556719691,0.7281518008302215,4,True,True,True
955,20260711,edge_fog,16,18.180180021217303,0.503072310731825,1.7150746582791772,0.07637298085344753,0.17369444993393143,1.5554538503984743,0.33648410143346497,0.36401800487242464,1.8504679919247857,20,23,0.8901507587821562,0.015642042430920208,0.04275397057370009,1.0650589614545445,False,-0.1084336900929118,-0.1084336900929118,True,1.0,0.5775410681962967,1.0,1.0,0.07924460163623022,0.07924460163623022,0.8578393492441075,0.8578393492441075,1.9575302602828126,1.9575302602828126,1.0,1.0,1,True,True,True
956,20260711,fat_tree_k4,18,21.741432087098204,0.5462352979500442,1.7831131255384545,0.49402810154427174,0.3018156676359884,0.8781967440655535,0.8720484918369587,0.35811813538049975,2.940928385368134,23,29,1.1531957596656923,0.026286387009063078,0.03906611482967284,0.977109931701476,True,0.07386401994798994,0.018323078406752534,True,0.1,32.70904195960611,0.2900436831895444,0.1,0.03426189010301087,0.02903360436321405,0.8846762362939554,0.9063094212255866,0.6498974390215775,0.5530273989546184,0.6498974390215775,0.5530273989546184,7,True,True,True
957,20260711,nsfnet,5,4.6015237176077735,0.6689535512520962,1.5198031575161517,0.028845382901695235,0.3959374466239557,1.3915929209968563,1.616894468403721,0.5291506724645776,2.4397041109162547,11,3,1.1411957921763896,0.03941597419175272,0.014034415745590955,1.4352351778690953,True,0.11487344210542091,0.0,True,0.0,695.6616670358926,0.2979358049509771,0.0,0.06235995763694359,0.05154838761076011,0.8534312625690669,0.919973593912998,0.6495534243429848,0.5186082659068284,0.6495534243429848,0.5186082659068284,8,True,True,True
958,20260711,geant,19,19.108458856205264,0.4813570767432582,1.6452171521029615,0.4114698964584646,0.06925996385457546,0.8683818955484247,1.5711594910807174,0.3894968859650846,1.947329488538023,16,4,1.2623144335293794,0.030584879335088085,0.014334226417976674,1.1822090938300174,True,0.0456493032379028,0.0,True,0.0,143.05566693656147,0.1262382735273177,0.0,0.03868058494314987,0.03934507303509824,0.8446637974295751,0.8859581297330068,0.5674357843557126,0.502802893087176,0.5674357843557126,0.502802893087176,8,True,True,True
959,20260711,edge_fog,15,17.75172672034595,0.58972632481466,1.6793397974547435,0.4275671018797775,0.6805515722951319,0.887182759214789,0.2853743936371136,0.34145092220372386,1.9160622674578636,9,16,0.9814640432578835,0.03365425201842865,0.010580114812144437,1.4911986977487852,True,0.04649987206929878,0.01496278237644872,True,0.35,17.96854194253683,0.44574734599430016,0.35000000000000003,0.04447314300202501,0.04103348072976075,0.9007113889260614,0.8925727811064084,0.7364075135480818,0.7663272741272157,0.7364075135480818,0.6888963503473025,4,True,True,True
960,20260711,fat_tree_k4,16,16.59040400649453,0.49417927499885383,1.7756701808813016,0.30588452803580807,0.41428213544383335,1.1057823862490408,1.3604773610952177,0.1326445243378696,2.5856031537171673,13,14,0.9228608183853029,0.019157581286358825,0.017820242901639645,1.460665653225037,False,0.0,0.0,True,1.0,44.16641697753221,0.0,0.0,0.031097575475447625,0.031097575475447625,0.8964362425841487,0.8964362425841487,0.696592753059392,0.696592753059392,0.5316786448619193,0.5316786448619193,1,True,True,True
961,20260711,nsfnet,4,5.006978055078369,0.6090986421565159,1.6684845011529266,0.5005838330388463,0.3423731448011575,0.9191618231417902,1.7272674474877163,0.6177707908768908,2.6604750402721016,7,5,1.238012258316006,0.01598893736274442,0.011442739359976844,1.2594942169078247,False,0.0,0.0,True,1.0,65.57033292483538,0.0,0.0,0.061425320877341705,0.061425320877341705,0.9318397270146743,0.9318397270146743,0.79166933013112,0.79166933013112,0.7028792675326792,0.7028792675326792,1,True,True,True
962,20260711,geant,5,5.846721224097706,0.6805818958954339,1.6444243487406902,0.5228434249563845,0.44557105551986964,0.8961073378296645,0.8777054419428332,0.49951011607626195,1.2278976699088209,1,3,1.026326707533604,0.03547927383340793,0.03924030875933057,1.1410974426713254,True,0.0398395978046354,0.017345546816331343,True,0.15,54.47525007184595,0.15314378243126703,0.07921053631881415,0.06168513983423557,0.0630161625531702,0.8297733418529034,0.8712674128584562,0.6783314388567745,0.8391467456533782,0.6112495132780795,0.6293544834369618,6,True,True,True
963,20260711,edge_fog,25,29.029279635689054,0.4543506069369936,1.7743259742395758,0.4415640791807731,0.044012442445291566,1.3099482551109203,0.30325728586425305,0.5803601166729933,2.9651756385665595,18,16,1.0888607226133955,0.025282069252492385,0.027751066779667193,1.383798804456723,False,-0.08688217656655176,-0.08688217656655176,True,1.0,0.9088750230148435,1.0,1.0,0.08128267190746924,0.08128267190746924,0.8581485337259404,0.8581485337259404,1.8121939363695803,1.8121939363695803,1.0,1.0,1,True,True,True
964,20260711,fat_tree_k4,9,10.305066227959768,0.5373887373333803,1.5162336359351885,0.13855434880681783,0.09120489766373506,1.0972272074463663,0.5153676944042547,0.10904079581493652,2.460438250879072,20,12,1.3140009020880652,0.0337987108454051,0.024777791759810854,0.9892348809820724,False,-0.1898059905878445,-0.1898059905878445,True,1.0,0.32166694290935993,1.0,1.0,0.09647541142475513,0.09647541142475513,0.8375950576930146,0.8375950576930146,1.8925970273203863,1.8925970273203863,1.0000000000000002,1.0000000000000002,1,True,True,True
965,20260711,nsfnet,4,4.555581049367373,0.6339004955376584,1.5685970127316615,0.05176830732003263,0.05904888216498147,0.6866639717059477,2.212099626253244,0.18529646463540062,2.4119815074960442,9,13,1.307358628868632,0.035919646158496084,0.01172153457359408,1.0516980692343574,True,0.05637008567936907,0.0,True,0.0,112.84774995874614,0.126143165255988,0.0,0.06561971999260367,0.06095317849896794,0.8510700426524344,0.944559795106458,0.5630723978595927,0.5000351240669774,0.5630723978595927,0.5000351240669774,8,True,True,True
966,20260711,geant,9,9.69296848133346,0.5858218533330342,1.784168154327662,0.24121031531167905,0.3142355457370424,1.7341684858874054,1.2200367110440902,0.20019493528451976,2.0713514089795724,2,17,1.3393093854471774,0.02964172709075376,0.04602401663135217,0.880949081424883,True,0.17184984078624904,0.017140016811406564,True,0.15,58.86941694188863,0.5986788209645982,0.15,0.057884256028108975,0.041828842337833266,0.822671080775909,0.882788732392212,0.808321992479886,0.5929723207009711,0.808321992479886,0.5929723207009711,6,True,True,True
967,20260711,edge_fog,6,6.359610151055765,0.7054622167813884,1.5984219854441668,0.004261919891307614,0.5956514922112388,1.6418036467520456,1.452593173566801,0.4173559615873599,1.9149199617214336,3,16,1.0651720496232162,0.03675459273993342,0.046141447624950205,1.364093335755912,True,0.12312130853623351,0.0,True,0.0,435.68987492471933,0.32153335313657627,0.0,0.03562040503877372,0.036443356356991266,0.9322993079154436,0.9357587848381702,0.6639668376461767,0.5666268533970445,0.6639668376461767,0.5030249021748503,8,True,True,True
968,20260711,fat_tree_k4,8,9.706223260736943,0.45532228050305373,1.7905424425942766,0.4354990561684957,0.5113128554177475,1.381685005563472,2.0182195664861284,0.5468263433995679,2.687069672948872,3,6,1.2675590908366776,0.034250916156305614,0.016539945414248802,0.9404156338837355,False,0.0,0.0,True,1.0,21.522541996091604,0.0,0.0,0.036728128208974774,0.036728128208974774,0.9156751808797452,0.9156751808797452,0.6483201630946985,0.6483201630946985,0.5046072882889577,0.5046072882889577,1,True,True,True
969,20260711,nsfnet,10,11.19276862645219,0.653543654160829,1.5504033822048218,0.2068672192589085,0.3316595550385006,1.382502221567069,1.4571633789875642,0.5078175295505875,2.513487708251943,4,0,1.2370122670915227,0.03427928591204425,0.02475881976063536,0.8477398320164341,True,0.11068581942708226,0.0,True,0.0,202.51095900312066,0.319393095158893,0.0,0.06374799121805319,0.05410417863633153,0.8069358262303821,0.8745249874568661,0.6625951463824117,0.506474935071253,0.6625951463824117,0.506474935071253,8,True,True,True
970,20260711,geant,20,22.6562355915664,0.4500505463190292,1.7562743731291142,0.016610780373205687,0.5194181489546819,0.7651920659071967,1.6868641316688748,0.4873470114576076,2.987525942271858,19,4,1.2061456235951777,0.03616934569894932,0.012859144901949632,0.888308454228042,True,0.0855088097017693,0.0,True,0.0,156.67874994687736,0.22922159159896682,0.0,0.041202391898506524,0.03742633633053722,0.8091522380136277,0.827397625244803,0.616750493338287,0.5041978571720905,0.616750493338287,0.5041978571720905,8,True,True,True
971,20260711,edge_fog,18,22.11871065335419,0.6760629199194591,1.6310990934814678,0.4367046464569058,0.11412581029694326,1.2939804249494036,1.3970574092734962,0.13718598299921708,2.3809751241724673,19,19,1.2636919751376245,0.025226084416836964,0.04074209658903502,1.4728623131507337,True,0.0570698562604867,0.0,True,0.0,448.35141592193395,0.17062852683868826,0.0,0.033401439440062304,0.03036831807012337,0.8482638386895434,0.867175332859969,0.5896166508915808,0.5047936629279306,0.5896166508915808,0.5047936629279306,8,True,True,True
972,20260711,fat_tree_k4,11,11.009249591818033,0.46538634920153604,1.7492884857385012,0.24844132651417308,0.6345567796734727,1.6920699768936682,1.497696472104503,0.6244467060575726,1.1669994917525508,22,25,1.2806053796126948,0.016080133915285455,0.04092363969313238,1.065668749922623,True,0.091049630782064,0.0,True,0.0,263.65145889576524,0.2612857752222958,0.0,0.04762442462820977,0.045083908514586886,0.8054126944354657,0.8479138377449273,0.9741712578464552,0.9831019747344365,0.6960252988830748,0.7004906573270656,8,True,True,True
973,20260711,nsfnet,13,16.189700827048267,0.4831721097384791,1.7258599800870276,0.3738066343010385,0.22919993022354648,1.1394043391531237,1.6111972910430001,0.6032479926678997,1.9219618691013907,10,4,1.326084277766905,0.030584617063303045,0.038733186094237614,0.9720016524402721,True,0.061174233438122456,0.0,True,0.0,71.02112495340407,0.17229732000437345,0.0,0.051238400976677805,0.04755554699719955,0.8284568260916447,0.8437591499899151,0.5883111136968473,0.5047816285426895,0.5883111136968473,0.5047816285426895,8,True,True,True
974,20260711,geant,14,16.86860406361751,0.576370079118694,1.784873796586806,0.28808089765518513,0.6373794787359683,1.5890831342718414,0.7154415759313393,0.1428067837870671,2.470834119765514,12,8,0.9043844055362228,0.024563283667495633,0.032688641842134075,1.1197255610673598,True,0.08972573190783033,0.012102593649528058,True,0.09999999999999999,45.70749995764345,0.37506565117938623,0.10000000000000002,0.047896852427440344,0.03994414573636563,0.8480563143938455,0.887462365980433,0.6986710081025549,0.550154137985524,0.6986710081025549,0.550154137985524,7,True,True,True
975,20260711,edge_fog,12,14.160918049840927,0.4933465838355445,1.7906982814574335,0.5462730380227633,0.6480716990939366,1.7661829264604938,1.0579764122176538,0.6348039908499922,1.5971889636082042,1,23,1.116224719165362,0.022832533004873944,0.04762027648060318,1.0052933447156254,True,0.029507195675667237,0.01961256393741973,True,0.15,893.7791669741273,0.0989387087586105,0.06688682965421627,0.03529341420038593,0.03414809026818399,0.884549188745533,0.8920067519611677,0.5513984696156887,0.5370443231990287,0.5513984696156887,0.535365070514293,6,True,True,True
976,20260711,fat_tree_k4,25,30.40567858595655,0.5401796062283607,1.781657049538364,0.15064664052170668,0.08943205570909041,1.1988188298652842,1.4054423876685365,0.18177997705190685,1.2915271909226502,22,32,0.8935269621137314,0.022101958522452163,0.015553407522960945,1.0668015460295002,True,0.03192633987760174,0.0,True,0.0,155.8968749595806,0.0751414426538219,0.0,0.031179431953883348,0.029532651723836508,0.8582197041552464,0.8669911607205921,0.5691851535330313,0.5361261920096646,0.5416550247586869,0.5017292833106333,8,True,True,True
977,20260711,nsfnet,8,7.083366442836467,0.45216730678520445,1.3661604571708708,0.46173268539393664,0.7487775296297361,0.8802439641603106,1.1073415637378599,0.48770181846557925,2.468438204985392,1,13,0.9211996856096274,0.035564043931382266,0.021988177645112468,1.2786795835338756,False,-4.5471582780522477e-07,-4.5471582780522477e-07,True,1.0,8.489207946695387,0.0,0.0,0.050881879114629776,0.050881879114629776,0.8878238673748291,0.8878238673748291,0.5218338035497224,0.5218338035497224,0.5218338035497224,0.5218338035497224,1,True,True,True
978,20260711,geant,8,8.533232814361845,0.5173032418105069,1.6269489594760127,0.3646475883505907,0.43940546459818053,1.17007222710361,0.8651826247714338,0.14119116476415977,2.661552087385755,4,21,0.9205786684811956,0.03521585373261697,0.04540113465558441,1.4714678124543157,True,0.050823381285610744,0.018182133566936695,True,0.15,123.84774989914149,0.16698824526685843,0.07131474502803739,0.04854417572430249,0.046803134886482946,0.8534071343983788,0.8714602632769191,0.5933499222785532,0.5493864464467465,0.5933499222785532,0.5493864464467465,6,True,True,True
979,20260711,edge_fog,21,23.66147731137974,0.4648750227391596,1.7812969170754671,0.22123443641611829,0.6459979838698068,0.9324417793306485,1.5899838007746308,0.21006678571789889,2.969788693944084,14,20,0.7833236890553399,0.039024207534043086,0.03257544258941232,1.2785992881094963,True,7.333939482806619e-06,7.333939482806619e-06,True,1.0,66.8112919665873,0.0,0.0,0.03278261672697672,0.03278261672697672,0.8554389353910001,0.8554389353910001,0.5246844452191732,0.5246844452191732,0.5006110688024875,0.5006110688024875,1,True,True,True
980,20260711,fat_tree_k4,5,4.950920925950378,0.48140486688793876,1.645444375324543,0.24548389977803195,0.31090389069439583,1.5961775965052714,0.828618721042848,0.5903985424261304,2.6017537355842695,8,5,1.1102283938399122,0.03732819746244363,0.0173040616680442,1.1302634201341313,True,0.18458831029908876,0.01909097472399115,True,0.25,34.25541706383228,0.7220104582509714,0.25,0.08936578819431445,0.058966854812532415,0.826331266471213,0.8762088559953739,1.4440209165019426,0.987687821629315,0.8900035811141671,0.8904524033933575,5,True,True,True
981,20260711,nsfnet,13,12.61987477431523,0.4949597023287966,1.624963910273026,0.5419310361126094,0.03947120886588809,1.5070410132483671,0.49513127534897294,0.41312704989489013,2.153659685543377,1,3,0.8857706775588561,0.015039410174315662,0.032924413186329486,0.8810030356805453,True,0.07013993392496115,0.013897767918031042,True,0.1,63.35429102182388,0.363429644395723,0.09999999999999999,0.056465734323015396,0.05024307970867424,0.8591528657708829,0.8555365213188401,0.6994782678384558,0.5541871790817834,0.6994782678384558,0.5541871790817834,7,True,True,True
982,20260711,geant,15,18.32570410280001,0.733528431193406,1.6145675224482554,0.13529777500248322,0.6547746471188265,1.591714663332235,0.6681756186086827,0.5523823329426213,1.908936472959472,1,6,0.9521753072153183,0.027663039532710813,0.017926739713002175,1.152930683651696,True,0.13382994427821443,0.00896623301908578,True,0.25,25.442417012527585,0.6133836789533933,0.25,0.05793531041472826,0.04187529624593432,0.7866915127299158,0.8712083036863535,0.8156078598042521,0.6330966560696962,0.8156078598042521,0.6330966560696962,5,True,True,True
983,20260711,edge_fog,15,15.127179548408655,0.48362721781034745,1.4664901810962314,0.29265597090524575,0.18461296574450323,0.9500344461415302,2.0978899014371826,0.4977381530336592,2.443027208199217,18,18,1.2886737579574736,0.019198989042371637,0.03583944833517702,1.3636549396332018,True,0.000160447429594966,0.000160447429594966,True,1.0,408.6609580554068,0.00036553436998042915,0.00036553436998042915,0.031895141431342346,0.031895141431342346,0.890981558748113,0.890981558748113,0.6007595296887052,0.6007595296887052,0.5027165735024538,0.5027165735024538,1,True,True,True
984,20260711,fat_tree_k4,25,26.42180746575403,0.499124946256083,1.761842759695829,0.45099113593799967,0.5952054503707529,0.8293610695922142,1.6764903696456137,0.2772202060816362,2.1649941491848486,7,21,1.1823051734178813,0.02347034236105048,0.011408449342771822,0.9937830281834055,True,5.558641998891852e-07,5.558641998891852e-07,True,1.0,48.56641695369035,0.0,0.0,0.029679258412648804,0.029679258412648804,0.850969733579429,0.850969733579429,0.5799660292217452,0.5799660292217452,0.502607181287508,0.502607181287508,1,True,True,True
985,20260711,nsfnet,5,6.273374225162125,0.4656379507443773,1.5703286322404573,0.43816467253571934,0.3034258916547679,1.7554351313039271,0.6768977210428482,0.4617358109282286,2.6208491354386476,12,4,1.2247602590537834,0.027654671737772217,0.021627419353044783,0.971792688596244,True,0.14622070583096478,0.010719068944468023,True,0.3499999999999999,37.08899999037385,0.8254471299781462,0.35,0.09749916617753399,0.0642293045287757,0.8136536683331351,0.8649549125420639,0.9432824712066646,0.6822383510785682,0.9243960119310543,0.6822383510785682,4,True,True,True
986,20260711,geant,11,15.712236597030435,0.6231726213840558,1.7847261741225662,0.2659958428379829,0.18954761226401168,1.1430856033635775,1.7615945260808523,0.1661216120483843,2.781600122839741,4,20,0.8076448310429694,0.030040953204861186,0.038938527415443694,0.8023125078297442,False,-4.911091476782121e-07,-4.911091476782121e-07,True,1.0,121.93716689944267,0.0,0.0,0.04170328275426361,0.04170328275426361,0.8555230702270875,0.8555230702270875,0.6716398259211804,0.6716398259211804,0.5093355787464368,0.5093355787464368,1,True,True,True
987,20260711,edge_fog,4,3.1771445164097027,0.4753425615836341,1.4448967882425459,0.335189850308215,0.5157856655888977,1.073107164914143,0.3551869691592191,0.46042809047947764,1.912932248051295,23,4,1.202918213244887,0.015010145232595487,0.010478712434366964,0.8251336423651848,True,0.10571292311859252,-0.009036066567622505,True,0.7499999999999999,0.2999169519171119,1.0,0.75,0.0841515869083729,0.0714609876705301,0.8682197438446488,0.8525791390047187,2.0000000000000004,1.6174390927094127,1.0000000000000002,0.8878528561396799,2,True,True,True
988,20260711,fat_tree_k4,14,14.462813533949156,0.4628013919560859,1.6743412882243967,0.19551072471270473,0.6565707314478326,0.9238969067641936,0.9996816592130306,0.4300239849976304,1.6552632760643307,19,25,0.7582808376051926,0.02512437306338902,0.021999990760072738,0.770874743564276,True,0.031421913151300024,0.0,True,0.0,61.95462495088577,0.08417428531754696,0.0,0.0374895491430189,0.040125876071763614,0.8356074022478069,0.8872851615943563,0.7430694956849764,0.7718161290713172,0.5436002019572693,0.5981625749636245,8,True,True,True
989,20260711,nsfnet,11,12.49608385024209,0.5272623111703663,1.6744336274009346,0.41041461189999023,0.5896940689597769,0.8065121277551656,0.5066887890782441,0.5813755312077752,1.186255118553739,0,10,0.7674275853680853,0.03646375372290661,0.03151030621795746,0.9776134725555135,True,0.0273346487978237,0.016182598104139023,True,0.1,200.24024997837842,0.11740284258419593,0.07675629045787653,0.05414648527685529,0.050691519226383645,0.8658548169796311,0.8999942227377042,0.5588429560851487,0.5386790695386966,0.5588429560851487,0.5386790695386966,7,True,True,True
990,20260711,geant,8,11.234416800712355,0.5725970090243501,1.7909434423755577,0.3970805415958473,0.0673327753778908,0.9945185494697693,2.1060352340048247,0.34496991365681984,1.372680177620759,1,16,1.2136033294689899,0.0322427696131809,0.04472367650582498,1.1131028012728668,False,0.0,0.0,True,1.0,75.21375000942498,0.0,0.0,0.03874418081848986,0.03874418081848986,0.9070960620750704,0.9070960620750704,0.508084357534112,0.508084357534112,0.508084357534112,0.508084357534112,1,True,True,True
991,20260711,edge_fog,22,27.639289630536855,0.6621352614282952,1.7647965879686445,0.11923706773973289,0.5292711478967318,1.5757374351295834,2.045754292429715,0.458529256775455,1.3789149997820782,9,18,0.9840046616017512,0.029431498046344907,0.01071963707661042,1.1578982332069634,False,0.0,0.0,True,1.0,36.35329206008464,0.0,0.0,0.034402641619898054,0.034402641619898054,0.8763146623802232,0.8763146623802232,0.5709869807449156,0.5709869807449156,0.5021031293886447,0.5021031293886447,1,True,True,True
992,20260711,fat_tree_k4,27,26.508451188893616,0.4966425727288455,1.6618579756411451,0.08632788053834876,0.4778723576881367,1.1465676354048306,1.4961151920291587,0.3716562803186715,1.8890743159389878,15,33,1.2324228751388062,0.017300469009675405,0.024623965544788972,1.1039223654339165,True,0.1283316182716777,0.0,True,0.0,207.09612499922514,0.35468156610654594,0.0,0.035451374477071286,0.02973969760550686,0.7998672755877471,0.8554168312916407,0.6794911440914154,0.5484138399192587,0.6794911440914154,0.5012658084475836,8,True,True,True
993,20260711,nsfnet,13,15.872593888507842,0.5865965643821305,1.7252947799420164,0.09369859011369087,0.4997553428905313,1.7122801122804021,1.2397540806821103,0.2722486197125803,1.6705542137505518,5,3,1.233687854441732,0.027269858253281133,0.04164794422520627,1.4436862140780906,True,0.17557498528305837,0.017794545508715967,True,0.15,32.894333940930665,0.5659346716368551,0.15,0.07088173294461736,0.04900620359126147,0.8279644960330661,0.9016104587565602,0.7882757981306323,0.5763453829931555,0.7882757981306323,0.5763453829931555,6,True,True,True
994,20260711,geant,11,11.163981979389733,0.5704458178874029,1.7933967561071165,0.23197977135529924,0.3681232834397082,1.546556872063744,1.9390931784115482,0.4910225283132822,2.979996093846554,20,10,1.2942182720205542,0.03289906525888249,0.04839999710052982,1.4361414426561498,True,0.05051735004997818,0.0,True,0.0,725.3777909791097,0.12375810280144418,0.0,0.035899442063368044,0.036091482645147374,0.8869792675161269,0.8957290315952645,0.5644733389359305,0.502578569199263,0.5644733389359305,0.502578569199263,8,True,True,True
995,20260711,edge_fog,14,14.045274313905287,0.4850955086393492,1.5418998368132137,0.5412323801485877,0.3728593446915263,0.6864314411235625,0.9907867799943122,0.536439069960865,2.5533370575720165,13,5,0.9481927980911683,0.03726272762884722,0.02431538416959593,1.0256717164670832,False,0.0,0.0,True,1.0,1.4900419628247619,0.0,0.0,0.03365273660761135,0.03365273660761135,0.9083881579231663,0.9083881579231663,0.5001997109283849,0.5001997109283849,0.5001997109283849,0.5001997109283849,1,True,True,True
996,20260711,fat_tree_k4,23,25.213567848588674,0.4550525441761063,1.7659243576100383,0.4463566105400139,0.3333241349885311,0.800658559538157,1.2565691633326839,0.3838570553353643,1.39774233021014,25,11,1.0474422166307162,0.03217827292967616,0.016578708289978764,1.3888032719800185,True,0.005345550639819329,0.005345550639819329,True,1.0,16.88141596969217,0.01475345278051507,0.01475345278051507,0.028850124596236024,0.028850124596236024,0.8703394611258458,0.8703394611258458,0.5819791635539616,0.5819791635539616,0.511804783082508,0.511804783082508,1,True,True,True
997,20260711,nsfnet,11,14.510522932424955,0.4614628942658423,1.7912511985988644,0.49572948134752426,0.1263009179227902,1.3743050758988833,1.7632414918601769,0.41561893754267,1.3579944137432893,8,5,0.8908855186241631,0.029071632455005273,0.027762791216231434,0.7723900934058039,False,-9.882915801378958e-07,-9.882915801378958e-07,True,1.0,103.0765000032261,0.0,0.0,0.045234426351345544,0.045234426351345544,0.8745028412575624,0.8745028412575624,0.50283455978495,0.50283455978495,0.50283455978495,0.50283455978495,1,True,True,True
998,20260711,geant,13,14.342568925660427,0.4621252402437678,1.5726434926706905,0.08439130800102868,0.2475783607597915,1.6040820508442892,0.27179529660969415,0.473758588474535,1.8693274287871775,19,5,1.207919123034533,0.02883859497016756,0.02097796995962073,0.9678157022439721,False,-0.3710716609585842,-0.3710716609585842,True,1.0,0.49587502144277096,1.0,1.0,0.0711288906551195,0.0711288906551195,0.8853273355192494,0.8853273355192494,1.0,1.0,1.0,1.0,1,True,True,True
999,20260711,edge_fog,15,15.536440774243724,0.5446893107745707,1.7793281433618668,0.07401491799414067,0.5829220268936642,1.2374441876719213,1.073858953160383,0.6437821568960362,2.228818083047239,17,15,1.3418071520502477,0.03475633893843302,0.041290946570123985,1.4965412270760785,True,0.17392743990742388,0.008178244501832554,True,0.25,41.25070897862315,0.682687274812497,0.25,0.06218925368837693,0.03728136502743834,0.7954795566343135,0.889551478966046,1.1512931338306134,0.6361119733846883,0.8420785737162194,0.6251338644820713,5,True,True,True
